customer_id,first_name,last_name,email,phone,address,city,state,zip_code,country,customer_segment,registration_date,loyalty_tier,_rescued_data
1501,Angela,Kim,angelakim@yahoo.com,(285) 655-1367,9629 Hill Rd,Boise,ID,96702,US,corporate,2022-09-05,silver,
1502,Patricia,Martinez,patriciamartinez52@outlook.com,(364) 976-2970,5834 Meadow Ln,Raleigh,NC,77258,US,consumer,2025-01-07,gold,
1503,Pamela,Cruz,pamelacruz@outlook.com,(263) 226-5251,6862 Sunset Blvd,San Diego,CA,51969,US,consumer,2023-12-12,gold,
1504,Christine,Lopez,christine.lopez489@yahoo.com,(506) 809-7606,1377 Poplar St,Buffalo,NY,30687,US,consumer,2023-01-18,bronze,
1505,Zachary,Murphy,zacharymurphy@protonmail.com,(773) 716-3464,6425 Broadway,Salt Lake City,UT,97854,US,consumer,2022-11-18,bronze,
1506,Christine,Brooks,christine.brooks144@icloud.com,(434) 930-2931,1449 Birch St,Tampa,FL,86149,US,consumer,2021-07-09,bronze,
1507,Joseph,Rivera,joseph_rivera606@hotmail.com,(381) 699-5654,5461 Willow Way,Portland,OR,59464,US,corporate,2022-12-07,bronze,
1508,Susan,Jimenez,susan_jimenez917@protonmail.com,(386) 499-1740,4638 Hickory Dr,Kansas City,MO,89930,US,corporate,2023-11-04,silver,
1509,Deborah,Cooper,deborah.cooper371@protonmail.com,(226) 472-8422,5119 Pine St,Boise,ID,18488,US,corporate,2025-07-30,silver,
1510,Mary,Martin,marymartin44@outlook.com,(363) 564-4983,4510 Valley Rd,Kansas City,MO,81658,US,corporate,2022-10-08,bronze,
1511,James,Cook,jamescook372@protonmail.com,(745) 913-9221,674 Laurel Ave,Portland,OR,67135,US,home_office,2022-01-03,bronze,
1512,Kimberly,Gomez,kimberly_gomez870@mail.com,(816) 789-2116,362 Lincoln Ave,Las Vegas,NV,18311,US,corporate,2025-12-12,bronze,
1513,Joshua,Martinez,joshua.martinez700@hotmail.com,(566) 877-3674,6675 Cedar Ln,Seattle,WA,40493,US,home_office,2025-12-18,silver,
1514,Jacob,Castillo,jacob_castillo@hotmail.com,(244) 460-6262,1547 Church St,Boise,ID,53574,US,consumer,2025-10-06,bronze,
1515,Douglas,Perez,douglas_perez36@mail.com,(348) 468-3040,7028 River Rd,Chicago,IL,95234,US,consumer,2022-08-04,silver,
1516,Virginia,Harris,virginiaharris@protonmail.com,(611) 264-8701,1071 Cherry Ln,Milwaukee,WI,77605,US,consumer,2021-12-11,bronze,
1517,Rachel,King,rachelking686@gmail.com,(759) 754-1046,7565 Hickory Dr,Indianapolis,IN,82240,US,corporate,2022-04-16,gold,
1518,Richard,Wright,richard.wright57@yahoo.com,(431) 534-4026,6170 Lake Dr,Indianapolis,IN,81554,US,home_office,2023-09-09,gold,
1519,Brandon,James,brandonjames@protonmail.com,(913) 833-8214,8303 Church St,Philadelphia,PA,84346,US,consumer,2022-09-24,bronze,
1520,Frank,Lopez,frank_lopez44@icloud.com,(875) 250-2812,2209 Willow Way,Springfield,IL,88526,US,home_office,2024-10-09,bronze,
1521,Linda,Mendoza,linda_mendoza352@protonmail.com,(911) 245-6755,1154 Sunset Blvd,Springfield,IL,20303,US,consumer,2025-09-20,silver,
1522,Debra,Sanders,debra.sanders952@protonmail.com,(412) 631-6150,6731 Chestnut St,Miami,FL,94884,US,home_office,2023-07-04,bronze,
1523,Richard,Rogers,richardrogers34@gmail.com,(588) 697-1125,406 Lincoln Ave,Sacramento,CA,95991,US,consumer,2023-08-27,silver,
1524,Joshua,Moore,joshua_moore68@outlook.com,(248) 500-7165,4489 Birch St,Columbus,OH,82974,US,consumer,2024-12-13,gold,
1525,Sharon,Parker,sharon_parker53@protonmail.com,(468) 365-1235,5157 High St,Philadelphia,PA,57734,US,consumer,2024-05-13,silver,
1526,Dennis,Cruz,dennis_cruz129@mail.com,(515) 986-6225,3151 Birch St,Portland,OR,76377,US,consumer,2024-10-21,gold,
1527,Patricia,Diaz,patricia.diaz32@aol.com,(614) 590-3143,6861 River Rd,San Antonio,TX,47904,US,consumer,2025-05-21,bronze,
1528,Susan,Gomez,susangomez718@icloud.com,(434) 254-1150,2626 Spruce St,Las Vegas,NV,34476,US,consumer,2022-01-06,bronze,
1529,Daniel,Martin,daniel_martin24@protonmail.com,(689) 910-8765,6574 Pine St,Philadelphia,PA,51419,US,home_office,2024-10-20,gold,
1530,David,Roberts,david.roberts@aol.com,(926) 302-2512,8248 Hickory Dr,Charlotte,NC,42925,US,corporate,2023-05-13,bronze,
1531,Aaron,Gutierrez,aarongutierrez@gmail.com,(310) 685-9458,7884 Chestnut St,Indianapolis,IN,74819,US,consumer,2023-07-22,silver,
1532,Thomas,Sanchez,thomas.sanchez691@icloud.com,(654) 213-5476,2211 Chestnut St,Raleigh,NC,63549,US,corporate,2023-03-20,bronze,
1533,Joyce,Perez,joyceperez@yahoo.com,(368) 254-4340,3749 Willow Way,Tampa,FL,72747,US,corporate,2022-02-22,bronze,
1534,Sandra,Parker,sandra_parker702@protonmail.com,(970) 745-1787,9079 Spring St,Salt Lake City,UT,93303,US,consumer,2021-10-28,platinum,
1535,Melissa,King,melissaking@yahoo.com,(887) 770-4810,5314 Laurel Ave,Boise,ID,43189,US,consumer,2023-03-28,bronze,
1536,Aaron,Long,aaron_long132@protonmail.com,(460) 512-7019,7655 River Rd,Boston,MA,29089,US,consumer,2023-10-10,platinum,
1537,Nathan,Martinez,nathan.martinez@mail.com,(492) 988-9802,1391 Forest Ave,Richmond,VA,67460,US,consumer,2022-10-04,platinum,
1538,Maria,Clark,maria.clark400@outlook.com,(701) 373-1503,9095 Valley Rd,Boulder,CO,59742,US,corporate,2021-04-26,gold,
1539,Jose,Martinez,jose_martinez@gmail.com,(268) 821-7341,684 Lake Dr,Miami,FL,53116,US,consumer,2021-04-27,silver,
1540,John,Roberts,johnroberts432@outlook.com,(473) 839-4759,3761 Laurel Ave,Minneapolis,MN,50053,US,corporate,2023-03-03,silver,
1541,John,Hughes,johnhughes206@yahoo.com,(932) 605-8217,8277 Hill Rd,Milwaukee,WI,77395,US,corporate,2024-04-11,gold,
1542,Olivia,Diaz,olivia_diaz23@aol.com,(886) 568-5286,7005 Oak Ave,Tampa,FL,79695,US,consumer,2023-02-11,bronze,
1543,Jose,Morgan,jose_morgan89@hotmail.com,(661) 921-2755,5252 Park Ave,Los Angeles,CA,94364,US,corporate,2022-05-18,silver,
1544,Jessica,Jackson,jessicajackson614@aol.com,(751) 952-7324,9607 Meadow Ln,Las Vegas,NV,77435,US,consumer,2021-09-14,silver,
1545,Victoria,Ross,victoriaross77@icloud.com,(692) 792-3176,1715 Lake Dr,Milwaukee,WI,68905,US,home_office,2025-12-19,silver,
1546,Steven,Carter,steven.carter@protonmail.com,(927) 458-3867,2166 Laurel Ave,Atlanta,GA,36703,US,consumer,2021-09-16,silver,
1547,Katherine,Lewis,katherinelewis266@hotmail.com,(443) 781-2690,1847 Ridge Rd,Dallas,TX,96446,US,home_office,2026-03-30,bronze,
1548,Amy,Brown,amy_brown@outlook.com,(729) 727-1808,2749 Pine St,Seattle,WA,25876,US,corporate,2021-11-15,silver,
1549,Jose,Anderson,jose.anderson@gmail.com,(216) 264-9552,7559 High St,Columbus,OH,59729,US,consumer,2025-09-19,gold,
1550,Jennifer,Brown,jenniferbrown711@mail.com,(932) 595-2993,8975 Maple Dr,Los Angeles,CA,48728,US,corporate,2022-04-02,bronze,
1551,Melissa,Roberts,melissa.roberts163@hotmail.com,(766) 496-6231,1394 Broadway,Miami,FL,76890,US,home_office,2022-09-10,platinum,
1552,Tyler,Morris,tyler_morris901@outlook.com,(399) 522-6068,9646 River Rd,Kansas City,MO,98641,US,corporate,2023-05-31,silver,
1553,John,Smith,john.smith@mail.com,(969) 613-3988,6064 Hickory Dr,Los Angeles,CA,46562,US,home_office,2025-10-27,gold,
1554,Catherine,Ramos,catherine_ramos@icloud.com,(220) 905-1754,7092 Laurel Ave,Las Vegas,NV,97614,US,home_office,2025-07-10,silver,
1555,Jason,Wright,jason.wright113@protonmail.com,(579) 506-2417,3684 Hill Rd,Buffalo,NY,10207,US,consumer,2022-09-06,gold,
1556,Anna,Adams,anna.adams728@aol.com,(990) 833-8691,8566 Lincoln Ave,San Diego,CA,11971,US,consumer,2024-03-31,bronze,
1557,Jerry,Bailey,jerry.bailey529@hotmail.com,(501) 767-3307,8754 Willow Way,Columbus,OH,84379,US,corporate,2025-10-25,gold,
1558,Helen,Phillips,helen.phillips50@gmail.com,(740) 439-9846,9143 Valley Rd,Las Vegas,NV,78162,US,consumer,2021-07-15,bronze,
1559,Jessica,Stewart,jessicastewart776@mail.com,(829) 274-6965,6079 Birch St,San Francisco,CA,87510,US,home_office,2023-04-02,gold,
1560,Nancy,Campbell,nancy_campbell10@protonmail.com,(223) 909-4878,365 Maple Dr,Houston,TX,27393,US,home_office,2023-11-21,platinum,
1561,Peter,Hughes,peter_hughes969@outlook.com,(589) 215-5959,9066 Spruce St,Buffalo,NY,10766,US,consumer,2025-12-08,bronze,
1562,Melissa,Moore,melissa.moore60@icloud.com,(320) 671-8973,4765 Chestnut St,Salt Lake City,UT,21824,US,consumer,2024-10-27,bronze,
1563,Gary,Nguyen,gary_nguyen@yahoo.com,(754) 889-3370,1506 Lincoln Ave,Atlanta,GA,87623,US,corporate,2021-08-11,gold,
1564,Sarah,Parker,sarah_parker@mail.com,(542) 724-2219,875 Birch St,Raleigh,NC,44646,US,consumer,2022-09-16,bronze,
1565,Paul,Taylor,paul.taylor454@aol.com,(581) 697-1743,7129 Cherry Ln,Detroit,MI,76295,US,home_office,2023-12-01,gold,
1566,James,Kelly,james.kelly17@mail.com,(200) 927-1295,1039 Ridge Rd,Sacramento,CA,62336,US,consumer,2021-12-25,bronze,
1567,Harold,Price,harold_price@mail.com,(375) 416-3228,7701 Elm St,Atlanta,GA,75942,US,corporate,2025-03-06,bronze,
1568,Lauren,Bailey,laurenbailey42@gmail.com,(259) 291-8954,2637 Chestnut St,San Antonio,TX,44316,US,consumer,2023-02-02,platinum,
1569,Donald,Lopez,donald.lopez54@icloud.com,(206) 693-2079,5758 Valley Rd,Sacramento,CA,94080,US,corporate,2025-09-29,silver,
1570,Barbara,Anderson,barbaraanderson101@outlook.com,(674) 311-2411,3047 High St,Detroit,MI,20599,US,consumer,2023-05-31,gold,
1571,Catherine,Campbell,catherine.campbell154@outlook.com,(404) 244-1537,1162 Birch St,Salt Lake City,UT,66385,US,corporate,2026-02-04,bronze,
1572,Kenneth,Mendoza,kenneth.mendoza1@yahoo.com,(716) 787-6116,4802 Park Ave,Detroit,MI,94654,US,consumer,2021-04-18,silver,
1573,Aaron,Reed,aaronreed523@hotmail.com,(622) 552-3154,4572 Sunset Blvd,Tampa,FL,25147,US,corporate,2026-02-11,silver,
1574,Olivia,Sanders,olivia.sanders912@outlook.com,(685) 407-6093,3494 Laurel Ave,Buffalo,NY,19269,US,home_office,2021-07-26,silver,
1575,Kimberly,Nelson,kimberly.nelson460@protonmail.com,(427) 901-4001,7673 Laurel Ave,New York,NY,48898,US,consumer,2023-06-07,silver,
1576,Peter,Sanders,peter_sanders362@hotmail.com,(545) 355-7892,6646 Spruce St,Sacramento,CA,45783,US,consumer,2026-03-23,silver,
1577,Sharon,Jones,sharonjones@hotmail.com,(934) 457-5908,3199 Valley Rd,Boise,ID,49798,US,consumer,2024-06-11,silver,
1578,Kenneth,Robinson,kenneth_robinson81@protonmail.com,(341) 753-1777,5473 Oak Ave,Minneapolis,MN,68394,US,corporate,2026-01-05,bronze,
1579,Harold,Scott,haroldscott7@mail.com,(834) 543-6774,5968 Church St,Buffalo,NY,30900,US,corporate,2022-10-03,gold,
1580,Larry,White,larrywhite@icloud.com,(984) 532-2755,8084 Ridge Rd,San Diego,CA,50563,US,corporate,2023-10-16,bronze,
1581,Christine,Kim,christine.kim@yahoo.com,(673) 997-9315,1553 Lincoln Ave,Columbus,OH,12503,US,consumer,2025-11-15,silver,
1582,Kevin,Nguyen,kevinnguyen57@gmail.com,(903) 919-3902,390 Church St,Austin,TX,91393,US,consumer,2025-12-07,bronze,
1583,Lauren,Robinson,lauren_robinson@outlook.com,(200) 284-3215,7172 Laurel Ave,San Antonio,TX,51123,US,corporate,2023-04-23,silver,
1584,Dorothy,Davis,dorothy.davis21@gmail.com,(280) 527-2818,3516 Spruce St,Minneapolis,MN,33998,US,consumer,2022-05-27,gold,
1585,Aaron,Wood,aaronwood88@mail.com,(848) 832-6567,7178 Hill Rd,San Diego,CA,15744,US,home_office,2025-01-22,bronze,
1586,Richard,Ross,richard_ross@mail.com,(809) 763-1811,9665 Walnut St,Nashville,TN,57992,US,consumer,2023-01-06,bronze,
1587,Douglas,Robinson,douglasrobinson@gmail.com,(209) 602-5716,4982 Cherry Ln,Seattle,WA,11599,US,corporate,2022-10-10,bronze,
1588,Frank,Howard,frank.howard1@outlook.com,(232) 419-8019,8299 Lincoln Ave,San Diego,CA,47252,US,consumer,2021-05-20,silver,
1589,Elizabeth,Cooper,elizabeth_cooper@hotmail.com,(869) 544-3855,5671 Cherry Ln,Nashville,TN,41933,US,consumer,2023-02-07,gold,
1590,Debra,Reed,debra_reed19@protonmail.com,(272) 234-1971,7978 Broadway,Kansas City,MO,85708,US,corporate,2021-07-15,bronze,
1591,Samuel,Williams,samuel_williams538@gmail.com,(275) 759-7338,7824 Lake Dr,Raleigh,NC,15778,US,corporate,2024-08-22,gold,
1592,Kathleen,Cook,kathleen_cook@hotmail.com,(878) 398-5734,9520 Chestnut St,Philadelphia,PA,59147,US,home_office,2023-01-18,bronze,
1593,Robert,Smith,robert_smith63@outlook.com,(542) 535-1131,2633 Ridge Rd,Seattle,WA,55605,US,consumer,2025-03-19,silver,
1594,Elizabeth,Murphy,elizabeth.murphy49@outlook.com,(600) 388-5683,7527 Valley Rd,Chicago,IL,43393,US,consumer,2024-03-31,platinum,
1595,Justin,Davis,justindavis777@outlook.com,(424) 426-6041,1561 Maple Dr,Minneapolis,MN,11996,US,corporate,2023-12-14,bronze,
1596,Pamela,Garcia,pamelagarcia959@gmail.com,(564) 450-1092,8363 Lake Dr,Kansas City,MO,41847,US,corporate,2023-07-21,silver,
1597,Karen,Anderson,karen.anderson50@hotmail.com,(339) 831-1106,5481 Poplar St,Boston,MA,69839,US,consumer,2026-03-14,bronze,
1598,Dennis,Reed,dennisreed70@outlook.com,(289) 375-7938,2745 Church St,Philadelphia,PA,16085,US,consumer,2026-02-16,bronze,
1599,Olivia,Walker,olivia_walker@gmail.com,(910) 344-8496,5796 Meadow Ln,Charlotte,NC,34449,US,consumer,2022-06-20,bronze,
1600,Steven,Reyes,steven_reyes811@outlook.com,(201) 655-2876,5641 Hickory Dr,Buffalo,NY,31247,US,home_office,2024-07-23,bronze,
1601,Carolyn,Long,carolynlong@protonmail.com,(917) 372-2621,1107 Spring St,Austin,TX,78738,US,consumer,2021-06-09,silver,
1602,Eric,Kelly,eric_kelly104@icloud.com,(779) 296-8106,1837 Meadow Ln,Chicago,IL,67216,US,consumer,2021-08-28,silver,
1603,Jonathan,Mitchell,jonathan_mitchell@icloud.com,(782) 967-8598,2744 Chestnut St,Milwaukee,WI,22346,US,consumer,2024-09-21,silver,
1604,Brenda,Gutierrez,brenda.gutierrez91@hotmail.com,(690) 747-4538,8971 Church St,New York,NY,89777,US,consumer,2023-05-14,bronze,
1605,Angela,Howard,angela_howard922@aol.com,(539) 518-1875,8420 Pine St,Chicago,IL,32036,US,consumer,2025-07-10,bronze,
1606,Christopher,Smith,christopher.smith@aol.com,(749) 330-4746,2548 Oak Ave,Houston,TX,43025,US,corporate,2025-11-01,silver,
1607,Emily,Scott,emily_scott@outlook.com,(967) 737-2797,6906 Spring St,New York,NY,85664,US,consumer,2024-04-27,platinum,
1608,Alexander,Sanchez,alexandersanchez@gmail.com,(330) 236-4405,4539 Poplar St,Sacramento,CA,29564,US,home_office,2024-10-23,bronze,
1609,Joyce,Taylor,joyce.taylor92@icloud.com,(330) 912-2691,6111 Chestnut St,Miami,FL,35423,US,consumer,2025-08-04,gold,
1610,Kelly,Jimenez,kelly.jimenez65@icloud.com,(248) 616-5152,3229 Main St,Indianapolis,IN,99414,US,corporate,2025-11-12,silver,
1611,Brian,Alvarez,brianalvarez30@mail.com,(670) 564-7518,8803 Park Ave,Chicago,IL,27304,US,home_office,2023-10-31,silver,
1612,Debra,Williams,debrawilliams@protonmail.com,(899) 902-2212,4892 Church St,Milwaukee,WI,89707,US,corporate,2022-06-29,silver,
1613,Henry,Lee,henrylee@yahoo.com,(229) 469-5062,1096 Lincoln Ave,Atlanta,GA,60737,US,corporate,2024-05-02,bronze,
1614,Christopher,Martin,christophermartin@yahoo.com,(629) 698-1229,916 Spring St,Boise,ID,63197,US,consumer,2023-11-02,bronze,
1615,Victoria,Mitchell,victoria_mitchell@protonmail.com,(439) 917-7455,1379 Broadway,Dallas,TX,77127,US,consumer,2022-11-22,silver,
1616,George,Campbell,george.campbell39@aol.com,(507) 871-1592,7070 Church St,Raleigh,NC,35735,US,corporate,2023-01-13,bronze,
1617,Nicole,Foster,nicole.foster330@protonmail.com,(552) 208-5952,2741 Forest Ave,Columbus,OH,34873,US,home_office,2023-03-26,platinum,
1618,Nathan,Perez,nathan_perez@yahoo.com,(502) 350-5189,6733 Walnut St,Seattle,WA,28015,US,corporate,2021-11-19,silver,
1619,Katherine,Bailey,katherinebailey372@outlook.com,(303) 895-9432,644 Valley Rd,Boise,ID,74617,US,corporate,2025-02-16,bronze,
1620,Debra,Richardson,debra.richardson95@outlook.com,(854) 445-6097,9844 Broadway,Buffalo,NY,99482,US,corporate,2025-06-03,gold,
1621,Kimberly,Lewis,kimberly.lewis@outlook.com,(937) 488-8551,5991 Walnut St,San Antonio,TX,17550,US,consumer,2025-12-14,bronze,
1622,Jonathan,Walker,jonathan.walker@gmail.com,(906) 446-2270,5994 Spruce St,Buffalo,NY,97616,US,consumer,2021-12-07,silver,
1623,Amy,Phillips,amy.phillips48@icloud.com,(678) 997-7396,8182 River Rd,Atlanta,GA,69445,US,corporate,2025-06-23,silver,
1624,Emma,Alvarez,emmaalvarez839@icloud.com,(404) 569-4930,6074 Broadway,Las Vegas,NV,71890,US,home_office,2021-06-18,platinum,
1625,Ronald,Roberts,ronaldroberts895@protonmail.com,(265) 641-4418,2073 Maple Dr,Atlanta,GA,33210,US,consumer,2024-03-11,gold,
1626,Andrew,Mitchell,andrew.mitchell@icloud.com,(833) 513-9323,5599 Elm St,Buffalo,NY,62310,US,corporate,2023-09-15,silver,
1627,Charles,Adams,charles_adams74@aol.com,(657) 386-2848,222 Forest Ave,Miami,FL,46199,US,consumer,2023-10-08,silver,
1628,Donald,Mitchell,donaldmitchell76@outlook.com,(594) 325-5684,4339 Ridge Rd,Sacramento,CA,81363,US,corporate,2023-05-21,platinum,
1629,Betty,Young,betty.young@aol.com,(995) 524-6061,915 Forest Ave,Seattle,WA,84261,US,consumer,2021-11-12,bronze,
1630,Mark,James,mark_james206@gmail.com,(230) 746-2998,8698 Hickory Dr,Richmond,VA,56696,US,consumer,2024-03-10,bronze,
1631,Charles,Thomas,charles.thomas847@mail.com,(294) 770-5601,2563 Washington Blvd,Detroit,MI,57546,US,corporate,2024-07-23,bronze,
1632,Jack,Thompson,jack_thompson65@aol.com,(473) 896-9160,1843 Sunset Blvd,Sacramento,CA,35427,US,consumer,2024-02-22,bronze,
1633,Virginia,Chavez,virginiachavez808@protonmail.com,(549) 959-3418,7287 Forest Ave,Portland,OR,69371,US,corporate,2023-06-12,silver,
1634,Pamela,Parker,pamela_parker88@hotmail.com,(399) 679-1055,4566 Poplar St,Springfield,IL,18119,US,corporate,2023-04-12,silver,
1635,Harold,Ross,haroldross@mail.com,(749) 264-1402,5333 Ridge Rd,Charlotte,NC,78045,US,home_office,2021-08-09,silver,
1636,John,Brown,john.brown976@outlook.com,(946) 331-2076,3053 River Rd,Philadelphia,PA,70701,US,consumer,2024-01-18,bronze,
1637,Jessica,Diaz,jessica.diaz@yahoo.com,(987) 422-7520,8100 Elm St,Buffalo,NY,14598,US,consumer,2022-12-23,gold,
1638,Jessica,Sanchez,jessica_sanchez80@outlook.com,(730) 994-7402,439 Lincoln Ave,San Antonio,TX,94525,US,consumer,2025-04-06,bronze,
1639,Pamela,Castillo,pamelacastillo@icloud.com,(330) 936-7119,3494 Poplar St,Nashville,TN,40753,US,home_office,2023-07-17,silver,
1640,Lisa,Martin,lisamartin89@hotmail.com,(916) 830-4114,24 Hill Rd,San Antonio,TX,57656,US,home_office,2023-04-29,silver,
1641,Frank,Ruiz,frank.ruiz@hotmail.com,(633) 637-2427,5735 Oak Ave,Boise,ID,71543,US,corporate,2025-03-26,bronze,
1642,Barbara,Miller,barbaramiller146@outlook.com,(598) 821-9156,8285 Birch St,Springfield,IL,30761,US,home_office,2023-03-05,bronze,
1643,Timothy,Jones,timothy.jones@outlook.com,(605) 302-6803,9147 Walnut St,Portland,OR,83429,US,corporate,2022-08-10,bronze,
1644,Alexander,Lopez,alexander_lopez912@protonmail.com,(924) 980-5294,6596 Sunset Blvd,Tampa,FL,36254,US,corporate,2025-02-25,gold,
1645,Jeffrey,Long,jeffrey_long@hotmail.com,(907) 356-3320,8329 Main St,Austin,TX,93196,US,consumer,2022-02-17,platinum,
1646,Dennis,Cox,dennis_cox33@outlook.com,(934) 880-4016,5796 Church St,San Antonio,TX,17492,US,corporate,2024-08-16,silver,
1647,Nancy,Richardson,nancy_richardson480@gmail.com,(598) 448-8844,1093 Spruce St,Miami,FL,94902,US,consumer,2022-12-06,bronze,
1648,Jonathan,Davis,jonathan_davis51@aol.com,(307) 441-1103,5166 Park Ave,Richmond,VA,83254,US,home_office,2022-02-23,silver,
1649,Jerry,Thomas,jerrythomas@gmail.com,(875) 273-4600,2860 Church St,Columbus,OH,96651,US,corporate,2025-01-25,gold,
1650,Angela,Torres,angelatorres334@mail.com,(872) 574-7326,5142 Willow Way,New York,NY,46287,US,corporate,2025-04-23,gold,
1651,Jennifer,Campbell,jennifer_campbell@outlook.com,(841) 875-2102,1417 High St,Charlotte,NC,45083,US,consumer,2021-08-11,bronze,
1652,Elizabeth,Reed,elizabethreed44@aol.com,(217) 783-2496,9707 Washington Blvd,Columbus,OH,87454,US,consumer,2023-07-14,bronze,
1653,Laura,Peterson,laura_peterson@gmail.com,(688) 200-3246,4156 Elm St,San Francisco,CA,66963,US,consumer,2023-01-11,gold,
1654,Christine,Johnson,christine.johnson987@mail.com,(298) 339-2471,5038 Maple Dr,Dallas,TX,36448,US,consumer,2021-07-30,bronze,
1655,Ashley,Long,ashleylong56@mail.com,(744) 780-8436,596 Broadway,Indianapolis,IN,78579,US,consumer,2022-11-27,bronze,
1656,Margaret,Martinez,margaret.martinez55@hotmail.com,(281) 816-4037,7174 Ridge Rd,Houston,TX,61039,US,home_office,2025-04-15,bronze,
1657,Ryan,Baker,ryanbaker643@mail.com,(864) 757-7887,3887 Hickory Dr,Nashville,TN,93545,US,corporate,2023-11-21,silver,
1658,Benjamin,Mendoza,benjaminmendoza90@hotmail.com,(318) 817-2502,5388 Hill Rd,Columbus,OH,34690,US,consumer,2021-08-07,gold,
1659,Angela,Gray,angelagray75@outlook.com,(438) 327-3371,2598 Cedar Ln,San Diego,CA,86820,US,consumer,2024-04-19,platinum,
1660,Dorothy,Brown,dorothy_brown63@aol.com,(489) 776-8472,7864 Main St,Boston,MA,16545,US,consumer,2025-09-14,silver,
1661,Sarah,Turner,sarahturner60@aol.com,(757) 881-8131,6569 Hill Rd,Richmond,VA,85025,US,corporate,2025-08-16,silver,
1662,Emma,Edwards,emma_edwards@protonmail.com,(555) 636-1553,5417 Oak Ave,Tampa,FL,13021,US,corporate,2021-04-29,bronze,
1663,Ashley,Rivera,ashley_rivera90@hotmail.com,(238) 802-7326,9258 High St,Atlanta,GA,90800,US,home_office,2023-03-23,silver,
1664,Cynthia,Cruz,cynthia.cruz750@icloud.com,(340) 782-7228,5261 Washington Blvd,Portland,OR,16494,US,consumer,2025-06-26,bronze,
1665,Emma,Reyes,emmareyes2@icloud.com,(312) 365-9667,7581 High St,Austin,TX,98397,US,home_office,2022-02-27,silver,
1666,Jason,Hill,jason.hill11@aol.com,(737) 835-6495,5713 Poplar St,Indianapolis,IN,46922,US,home_office,2024-11-11,bronze,
1667,Raymond,Parker,raymond.parker39@aol.com,(963) 426-6036,1196 Birch St,Tampa,FL,50023,US,consumer,2024-05-28,bronze,
1668,Jessica,Gomez,jessicagomez@hotmail.com,(922) 464-5518,4671 Park Ave,Raleigh,NC,85355,US,home_office,2024-11-07,bronze,
1669,Peter,Evans,peter_evans638@outlook.com,(349) 429-1782,8201 High St,Minneapolis,MN,26817,US,consumer,2024-07-10,bronze,
1670,Patrick,Morris,patrickmorris689@aol.com,(302) 455-3583,131 Laurel Ave,Chicago,IL,84843,US,home_office,2026-01-08,bronze,
1671,Thomas,Davis,thomasdavis23@gmail.com,(690) 534-5937,3158 Hill Rd,Nashville,TN,92614,US,consumer,2023-10-31,bronze,
1672,Melissa,Baker,melissa_baker@gmail.com,(450) 210-1703,4558 Broadway,Philadelphia,PA,66732,US,home_office,2024-02-12,platinum,
1673,Timothy,Rodriguez,timothy.rodriguez@gmail.com,(228) 344-6828,2235 Cherry Ln,Chicago,IL,25046,US,home_office,2024-04-27,silver,
1674,Janet,Reyes,janet_reyes51@protonmail.com,(394) 538-6527,38 Valley Rd,Milwaukee,WI,66392,US,home_office,2025-02-28,silver,
1675,Harold,Kelly,haroldkelly28@icloud.com,(765) 505-4099,5362 Church St,Tampa,FL,60841,US,corporate,2022-03-22,gold,
1676,William,Martinez,william.martinez70@gmail.com,(409) 503-4007,6675 Elm St,Boulder,CO,97916,US,consumer,2021-08-17,platinum,
1677,John,Young,john.young40@outlook.com,(471) 616-4406,307 Hill Rd,Chicago,IL,40407,US,consumer,2025-06-05,silver,
1678,Carolyn,Howard,carolyn_howard859@protonmail.com,(753) 228-1535,2308 Broadway,Detroit,MI,46776,US,consumer,2024-07-11,gold,
1679,Dennis,Howard,dennis.howard924@yahoo.com,(862) 878-8983,4687 Maple Dr,Raleigh,NC,71055,US,consumer,2021-04-29,bronze,
1680,Matthew,Jones,matthew_jones27@gmail.com,(358) 433-9791,769 Elm St,Charlotte,NC,31231,US,corporate,2023-10-18,bronze,
1681,Brandon,Scott,brandon_scott@mail.com,(969) 544-3612,3294 Pine St,Boulder,CO,78198,US,consumer,2022-08-09,silver,
1682,Helen,Robinson,helen.robinson@icloud.com,(610) 787-2766,3350 Laurel Ave,Seattle,WA,11305,US,home_office,2024-01-09,silver,
1683,Robert,Lewis,robert.lewis33@mail.com,(269) 951-3012,7476 Spring St,Las Vegas,NV,11403,US,corporate,2023-01-15,silver,
1684,Joyce,Diaz,joyce.diaz724@icloud.com,(968) 522-5081,2844 Lake Dr,Sacramento,CA,94116,US,home_office,2023-07-07,bronze,
1685,Anthony,Davis,anthony.davis336@aol.com,(699) 374-4850,3552 Lake Dr,San Francisco,CA,27276,US,consumer,2022-03-17,bronze,
1686,Thomas,Cooper,thomas_cooper169@gmail.com,(293) 665-3671,2170 Hill Rd,Austin,TX,16831,US,home_office,2022-10-06,silver,
1687,Linda,Cruz,lindacruz53@mail.com,(947) 994-2664,8114 River Rd,Milwaukee,WI,44137,US,home_office,2022-01-24,bronze,
1688,Susan,Richardson,susanrichardson@protonmail.com,(568) 855-9873,8796 Spruce St,Portland,OR,67764,US,consumer,2026-01-08,silver,
1689,Tyler,Gray,tyler_gray81@yahoo.com,(384) 359-6188,9584 Birch St,San Diego,CA,54989,US,corporate,2024-07-29,silver,
1690,Ronald,Ross,ronaldross37@outlook.com,(453) 697-5081,7396 Broadway,Boulder,CO,20001,US,corporate,2025-11-21,gold,
1691,Richard,Taylor,richard.taylor@mail.com,(725) 242-4861,9058 High St,Nashville,TN,90503,US,consumer,2021-06-03,gold,
1692,Christine,Martinez,christine_martinez7@aol.com,(910) 236-4695,5776 Cedar Ln,Dallas,TX,87038,US,corporate,2023-04-25,gold,
1693,Helen,Allen,helenallen282@icloud.com,(952) 982-2792,1672 Elm St,Richmond,VA,33003,US,consumer,2023-05-10,silver,
1694,Kelly,Murphy,kelly_murphy@hotmail.com,(770) 665-3978,352 Spring St,Austin,TX,47914,US,consumer,2025-11-13,gold,
1695,Charles,Anderson,charles_anderson485@icloud.com,(901) 466-7266,3200 Willow Way,Boulder,CO,10197,US,consumer,2024-08-21,silver,
1696,Jose,Sanchez,jose.sanchez38@mail.com,(218) 512-9228,8333 Lincoln Ave,Richmond,VA,86036,US,consumer,2023-07-13,bronze,
1697,Mary,Wright,mary_wright@gmail.com,(583) 828-7185,5724 Maple Dr,Boise,ID,90226,US,consumer,2021-09-13,bronze,
1698,Matthew,Mendoza,matthew_mendoza363@outlook.com,(606) 637-4427,9794 Willow Way,Austin,TX,51488,US,consumer,2025-07-15,bronze,
1699,Sandra,Wright,sandra.wright58@icloud.com,(374) 363-6876,288 High St,Dallas,TX,20558,US,home_office,2024-09-07,silver,
1700,Brian,Cooper,brian.cooper928@outlook.com,(228) 869-7043,2473 Broadway,Austin,TX,47465,US,corporate,2026-03-23,silver,
1701,Elizabeth,Adams,elizabeth_adams@icloud.com,(523) 975-7590,7142 Park Ave,Portland,OR,70722,US,home_office,2025-07-13,gold,
1702,Samuel,Evans,samuel.evans80@outlook.com,(243) 641-7176,5493 Walnut St,New York,NY,43975,US,consumer,2024-08-01,bronze,
1703,Angela,Brown,angelabrown86@yahoo.com,(399) 409-2752,8820 Cherry Ln,Portland,OR,15301,US,consumer,2022-08-19,bronze,
1704,Paul,Kelly,paulkelly@yahoo.com,(857) 285-3896,1547 Hickory Dr,Dallas,TX,32661,US,corporate,2024-12-18,platinum,
1705,Melissa,Myers,melissa_myers@icloud.com,(751) 357-8134,8779 Sunset Blvd,Kansas City,MO,62620,US,consumer,2026-02-25,bronze,
1706,Zachary,Johnson,zachary.johnson@icloud.com,(468) 769-9802,6381 Hill Rd,Sacramento,CA,50054,US,consumer,2023-06-02,silver,
1707,Olivia,Gray,olivia.gray6@outlook.com,(783) 714-9156,8593 Sunset Blvd,Raleigh,NC,42053,US,corporate,2024-11-18,silver,
1708,Eric,Adams,ericadams50@aol.com,(608) 966-6092,9762 High St,Springfield,IL,26947,US,consumer,2023-07-12,silver,
1709,Donna,James,donna.james@protonmail.com,(348) 383-2230,2999 Main St,Boulder,CO,50060,US,corporate,2025-03-31,bronze,
1710,Jennifer,Torres,jennifer.torres359@hotmail.com,(315) 488-8956,9312 Cherry Ln,Boise,ID,24669,US,corporate,2024-12-07,bronze,
1711,Jacob,Ward,jacob_ward20@aol.com,(789) 907-9631,2636 Meadow Ln,Chicago,IL,36104,US,consumer,2025-06-04,bronze,
1712,Jack,Peterson,jack.peterson8@protonmail.com,(619) 221-3754,1023 Main St,Los Angeles,CA,55591,US,consumer,2023-08-06,silver,
1713,Catherine,Lee,catherinelee298@protonmail.com,(393) 298-1063,761 River Rd,Detroit,MI,33522,US,corporate,2025-02-15,silver,
1714,Ashley,Ortiz,ashley.ortiz@icloud.com,(766) 905-3651,2801 Walnut St,Kansas City,MO,83997,US,consumer,2023-06-15,bronze,
1715,Linda,Davis,linda_davis646@protonmail.com,(367) 668-8145,3722 Elm St,Miami,FL,82851,US,consumer,2025-09-09,silver,
1716,Peter,Cook,petercook@hotmail.com,(695) 617-2364,5509 Ridge Rd,Boise,ID,24948,US,home_office,2024-06-16,gold,
1717,Douglas,Long,douglas_long23@yahoo.com,(453) 644-5992,14 Maple Dr,Chicago,IL,34886,US,consumer,2023-05-01,bronze,
1718,Raymond,Cook,raymond.cook331@outlook.com,(301) 889-9856,3667 Spring St,Boise,ID,34488,US,corporate,2023-07-12,silver,
1719,Jack,Kim,jackkim9@icloud.com,(925) 982-1324,7902 Sunset Blvd,Indianapolis,IN,60546,US,home_office,2025-02-27,silver,
1720,Katherine,Garcia,katherine_garcia744@icloud.com,(795) 371-1102,4365 Park Ave,Chicago,IL,19838,US,consumer,2022-01-08,bronze,
1721,Thomas,Reyes,thomasreyes@mail.com,(715) 911-2813,9723 High St,Nashville,TN,85963,US,consumer,2025-01-15,bronze,
1722,Samuel,Young,samuelyoung89@mail.com,(382) 952-1272,6403 Church St,Dallas,TX,58318,US,consumer,2022-04-14,silver,
1723,Jonathan,Roberts,jonathan.roberts79@yahoo.com,(341) 531-8343,5048 Lincoln Ave,Seattle,WA,76483,US,consumer,2021-10-15,gold,
1724,Larry,Lee,larry_lee328@aol.com,(887) 645-1147,4881 Laurel Ave,Raleigh,NC,27891,US,consumer,2024-01-10,gold,
1725,Henry,Cox,henry.cox374@mail.com,(346) 983-7750,9671 Hill Rd,Las Vegas,NV,18248,US,corporate,2024-01-19,silver,
1726,Pamela,Richardson,pamela_richardson122@gmail.com,(766) 809-8492,8160 Lake Dr,Philadelphia,PA,83288,US,consumer,2022-10-08,gold,
1727,Debra,Richardson,debrarichardson37@yahoo.com,(721) 398-9258,1844 High St,Philadelphia,PA,70560,US,corporate,2022-03-22,bronze,
1728,Andrew,Collins,andrewcollins@protonmail.com,(950) 795-9788,6240 Hill Rd,Chicago,IL,86582,US,home_office,2025-07-12,silver,
1729,Patricia,King,patricia_king110@outlook.com,(878) 855-9433,163 River Rd,Indianapolis,IN,32400,US,home_office,2025-03-23,silver,
1730,Adam,Jones,adam.jones52@gmail.com,(606) 609-5749,297 Hickory Dr,Sacramento,CA,81350,US,corporate,2024-02-05,bronze,
1731,Paul,Morgan,paul_morgan@hotmail.com,(200) 769-9841,675 River Rd,Boulder,CO,73237,US,consumer,2022-12-30,gold,
1732,Christine,Cooper,christinecooper733@mail.com,(468) 961-2736,6816 Spruce St,Nashville,TN,41006,US,corporate,2022-04-14,silver,
1733,Karen,Edwards,karen_edwards@hotmail.com,(247) 895-6651,6608 Cedar Ln,Columbus,OH,87617,US,corporate,2023-02-09,bronze,
1734,Dorothy,Chavez,dorothy.chavez3@aol.com,(299) 771-5277,7181 Valley Rd,Boulder,CO,97158,US,consumer,2022-08-19,platinum,
1735,Sharon,Edwards,sharonedwards7@gmail.com,(869) 321-9696,2655 High St,Milwaukee,WI,94245,US,consumer,2026-02-13,bronze,
1736,Patricia,Anderson,patriciaanderson97@icloud.com,(904) 325-1779,4447 Poplar St,Portland,OR,48748,US,home_office,2023-09-16,bronze,
1737,Steven,Taylor,steventaylor77@mail.com,(480) 881-6618,9153 Laurel Ave,Las Vegas,NV,62542,US,consumer,2021-06-15,bronze,
1738,Lisa,Hill,lisa.hill@yahoo.com,(531) 552-8146,2244 River Rd,Milwaukee,WI,65767,US,consumer,2021-11-17,gold,
1739,Nancy,White,nancy.white78@hotmail.com,(420) 850-5831,482 Lake Dr,Raleigh,NC,75392,US,consumer,2026-01-04,gold,
1740,Kathleen,Roberts,kathleen_roberts395@icloud.com,(581) 811-4650,5346 Elm St,Las Vegas,NV,22633,US,consumer,2023-11-18,bronze,
1741,Jonathan,Lewis,jonathan_lewis@outlook.com,(494) 541-6696,1666 Elm St,Seattle,WA,88110,US,home_office,2024-09-23,silver,
1742,James,Patel,james.patel230@outlook.com,(293) 269-8738,2346 Ridge Rd,Miami,FL,70727,US,corporate,2022-01-27,bronze,
1743,Christopher,Diaz,christopher_diaz757@hotmail.com,(832) 554-6259,9080 River Rd,Detroit,MI,32409,US,corporate,2023-03-27,gold,
1744,Justin,Bennett,justin_bennett22@outlook.com,(929) 520-2661,1895 Meadow Ln,Indianapolis,IN,52951,US,consumer,2021-11-01,silver,
1745,Melissa,Ward,melissa.ward@icloud.com,(253) 741-1772,5055 Lincoln Ave,Charlotte,NC,22156,US,consumer,2024-06-25,silver,
1746,Laura,Collins,laura_collins@icloud.com,(853) 419-6842,4876 Forest Ave,Dallas,TX,79327,US,consumer,2021-06-08,platinum,
1747,Joseph,Reyes,joseph.reyes46@mail.com,(404) 466-5741,601 River Rd,Seattle,WA,40325,US,consumer,2022-04-28,bronze,
1748,Angela,Morgan,angela.morgan@hotmail.com,(631) 285-2124,3927 Hickory Dr,Boulder,CO,94450,US,consumer,2024-04-13,bronze,
1749,Lauren,Kim,lauren.kim138@mail.com,(718) 747-3868,5778 Birch St,New York,NY,32818,US,corporate,2021-12-23,silver,
1750,Anna,Stewart,anna.stewart392@protonmail.com,(388) 523-2025,2975 Cedar Ln,Detroit,MI,68349,US,consumer,2024-03-28,platinum,
1751,Edward,Adams,edwardadams435@hotmail.com,(694) 724-1819,8387 Broadway,Chicago,IL,24074,US,corporate,2022-12-02,bronze,
1752,Jason,Mendoza,jason_mendoza25@protonmail.com,(708) 289-8851,6208 Poplar St,Raleigh,NC,31310,US,consumer,2024-12-31,bronze,
1753,Ruth,Gomez,ruthgomez@hotmail.com,(605) 339-5209,7046 Lake Dr,Columbus,OH,54755,US,consumer,2024-01-04,bronze,
1754,Brandon,Ramos,brandonramos@gmail.com,(314) 249-9720,7860 Park Ave,Minneapolis,MN,85686,US,consumer,2023-11-18,silver,
1755,Jonathan,Robinson,jonathanrobinson@yahoo.com,(921) 287-9852,8554 Hill Rd,Kansas City,MO,47681,US,home_office,2023-03-29,bronze,
1756,Katherine,Nguyen,katherine_nguyen853@aol.com,(834) 969-8500,7177 Elm St,Charlotte,NC,83536,US,home_office,2023-02-02,silver,
1757,Julie,Jimenez,julie_jimenez750@icloud.com,(972) 732-3071,9705 Oak Ave,Springfield,IL,33481,US,home_office,2022-05-28,platinum,
1758,Elizabeth,Cruz,elizabethcruz573@yahoo.com,(340) 506-9664,9969 Poplar St,Boulder,CO,69225,US,consumer,2025-09-16,silver,
1759,Cynthia,Johnson,cynthia_johnson694@aol.com,(468) 536-2620,3377 High St,Atlanta,GA,75056,US,consumer,2024-07-11,bronze,
1760,Eric,Gomez,ericgomez@hotmail.com,(853) 230-4439,5599 Cherry Ln,Boise,ID,66939,US,corporate,2025-11-26,silver,
1761,Joseph,Jimenez,joseph.jimenez351@mail.com,(751) 281-5507,9445 Main St,Minneapolis,MN,12970,US,consumer,2021-07-24,bronze,
1762,Raymond,Castillo,raymondcastillo@yahoo.com,(655) 679-1769,5172 Pine St,Charlotte,NC,83436,US,home_office,2021-11-06,gold,
1763,Harold,Diaz,harolddiaz27@yahoo.com,(843) 872-6129,8823 Cherry Ln,Boise,ID,12708,US,consumer,2021-05-01,silver,
1764,Catherine,Johnson,catherinejohnson@protonmail.com,(220) 964-2991,9432 Park Ave,Springfield,IL,86610,US,consumer,2025-06-25,bronze,
1765,Mary,Young,maryyoung973@mail.com,(514) 337-6163,1987 Park Ave,Nashville,TN,65914,US,consumer,2024-12-27,silver,
1766,Pamela,Davis,pameladavis435@yahoo.com,(714) 934-3015,4644 River Rd,San Diego,CA,17994,US,consumer,2025-01-30,silver,
1767,Joshua,Ramirez,joshuaramirez60@yahoo.com,(551) 913-9698,3370 Church St,Richmond,VA,62698,US,corporate,2024-05-28,silver,
1768,Lauren,Cruz,lauren.cruz28@protonmail.com,(781) 451-4424,3965 Birch St,Nashville,TN,91091,US,consumer,2022-12-08,bronze,
1769,Alexander,Smith,alexandersmith43@protonmail.com,(292) 575-5782,4036 Maple Dr,Raleigh,NC,95283,US,consumer,2022-09-21,gold,
1770,Henry,Roberts,henry_roberts31@outlook.com,(565) 555-2895,6224 Hill Rd,Chicago,IL,42256,US,consumer,2023-04-09,platinum,
1771,Gregory,Ward,gregory.ward237@hotmail.com,(682) 697-3977,462 Spruce St,Salt Lake City,UT,30762,US,consumer,2024-01-21,silver,
1772,Scott,Turner,scottturner@icloud.com,(455) 502-3901,6189 Birch St,Buffalo,NY,43408,US,corporate,2023-08-19,platinum,
1773,David,Price,davidprice@yahoo.com,(838) 913-8566,3355 River Rd,Detroit,MI,80177,US,home_office,2021-07-10,bronze,
1774,Edward,King,edward.king@hotmail.com,(885) 773-9959,2218 Sunset Blvd,Los Angeles,CA,38048,US,home_office,2025-07-05,silver,
1775,Kimberly,Jackson,kimberly_jackson54@outlook.com,(721) 304-5313,4434 Forest Ave,Tampa,FL,25212,US,corporate,2024-03-17,silver,
1776,Dennis,Howard,dennis.howard@gmail.com,(789) 621-1735,8115 Church St,Kansas City,MO,44095,US,consumer,2025-02-11,silver,
1777,Benjamin,Ruiz,benjamin.ruiz@aol.com,(828) 721-8443,5242 Cherry Ln,Atlanta,GA,55954,US,corporate,2023-02-21,silver,
1778,Joyce,Price,joyce.price436@mail.com,(339) 702-3019,4357 Laurel Ave,Salt Lake City,UT,35761,US,consumer,2023-10-28,bronze,
1779,Samuel,Diaz,samueldiaz@protonmail.com,(477) 994-1575,4999 Washington Blvd,Boulder,CO,87417,US,consumer,2022-03-07,bronze,
1780,Maria,Gutierrez,maria.gutierrez@mail.com,(653) 867-6884,3645 Willow Way,Boise,ID,40675,US,home_office,2023-08-09,bronze,
1781,Stephanie,Torres,stephanie_torres58@yahoo.com,(438) 934-1138,1847 Spring St,Los Angeles,CA,35297,US,consumer,2024-02-08,bronze,
1782,Julie,Brooks,julie_brooks290@outlook.com,(605) 336-6712,2734 Oak Ave,Tampa,FL,44336,US,home_office,2024-09-30,gold,
1783,Katherine,Perez,katherine.perez@icloud.com,(661) 672-3194,4400 Cherry Ln,Los Angeles,CA,46634,US,consumer,2024-12-01,bronze,
1784,Robert,Davis,robertdavis606@aol.com,(302) 778-4524,4436 Spring St,Austin,TX,41483,US,corporate,2021-05-08,bronze,
1785,Samuel,Martinez,samuel.martinez594@aol.com,(301) 849-3366,4540 Valley Rd,Dallas,TX,71029,US,corporate,2023-01-20,silver,
1786,Emma,Sanders,emmasanders@protonmail.com,(461) 788-7666,3004 Elm St,Seattle,WA,58915,US,home_office,2025-07-09,silver,
1787,Amy,Hill,amy.hill@aol.com,(910) 861-4505,6869 Cedar Ln,San Antonio,TX,24140,US,corporate,2025-02-08,gold,
1788,Adam,Richardson,adam.richardson5@protonmail.com,(738) 641-2625,3525 Oak Ave,Columbus,OH,72244,US,corporate,2025-10-13,silver,
1789,Karen,Cooper,karen_cooper811@outlook.com,(257) 355-1575,9742 River Rd,San Diego,CA,40991,US,consumer,2023-10-15,bronze,
1790,Zachary,Turner,zacharyturner171@icloud.com,(401) 619-9908,164 River Rd,San Francisco,CA,70928,US,corporate,2024-02-14,gold,
1791,Nicole,Green,nicole.green8@hotmail.com,(339) 541-1201,7560 Washington Blvd,San Francisco,CA,90653,US,consumer,2022-06-28,silver,
1792,Barbara,Harris,barbara.harris@outlook.com,(295) 311-4345,9280 Oak Ave,Columbus,OH,76757,US,corporate,2025-11-30,bronze,
1793,Victoria,Martinez,victoriamartinez@outlook.com,(322) 225-5159,4577 Willow Way,Detroit,MI,63413,US,corporate,2024-12-07,silver,
1794,Amy,Anderson,amyanderson@mail.com,(206) 665-5207,4013 High St,Philadelphia,PA,17050,US,corporate,2023-04-07,platinum,
1795,Julie,Lewis,julie_lewis@outlook.com,(569) 347-2521,253 Pine St,Indianapolis,IN,54868,US,consumer,2025-06-15,bronze,
1796,Margaret,Ramos,margaret_ramos@gmail.com,(797) 478-5998,7774 Laurel Ave,Raleigh,NC,33631,US,consumer,2023-06-28,bronze,
1797,Brandon,Williams,brandon.williams87@icloud.com,(523) 296-4680,7706 High St,Houston,TX,20341,US,corporate,2023-05-13,bronze,
1798,Nicole,Hill,nicolehill124@outlook.com,(476) 553-6883,1835 Church St,Nashville,TN,14856,US,consumer,2021-04-13,bronze,
1799,Susan,Wilson,susanwilson86@yahoo.com,(374) 640-9855,4679 Willow Way,Indianapolis,IN,89514,US,consumer,2023-10-02,silver,
1800,Victoria,Evans,victoria_evans62@protonmail.com,(329) 419-8595,964 Poplar St,Columbus,OH,11267,US,consumer,2025-08-01,silver,
1801,Shirley,Wright,shirley_wright@hotmail.com,(648) 873-2451,9370 Oak Ave,Springfield,IL,74316,US,home_office,2023-10-08,bronze,
1802,Helen,Reed,helen.reed11@gmail.com,(251) 613-9668,6440 Lincoln Ave,Boulder,CO,91962,US,corporate,2023-07-04,platinum,
1803,Adam,Sanchez,adam_sanchez385@aol.com,(722) 647-5430,641 Meadow Ln,Raleigh,NC,30672,US,consumer,2022-04-06,gold,
1804,Mark,Kelly,markkelly53@protonmail.com,(391) 351-1159,1081 Elm St,Austin,TX,36122,US,consumer,2024-11-05,silver,
1805,Debra,Myers,debra.myers2@gmail.com,(413) 979-4568,999 Main St,Los Angeles,CA,12382,US,consumer,2022-02-26,gold,
1806,Eric,Carter,eric.carter861@protonmail.com,(664) 445-2822,56 Meadow Ln,Los Angeles,CA,78300,US,corporate,2025-09-16,bronze,
1807,Jerry,Jimenez,jerryjimenez12@yahoo.com,(615) 202-1379,6300 Broadway,Buffalo,NY,92283,US,corporate,2021-12-17,silver,
1808,Julie,Walker,julie.walker@mail.com,(959) 795-9715,733 Church St,Salt Lake City,UT,11167,US,consumer,2026-03-19,silver,
1809,Diane,Sanders,diane_sanders@protonmail.com,(691) 464-7365,666 Oak Ave,Miami,FL,13022,US,consumer,2024-08-11,gold,
1810,Jose,Ramos,joseramos@hotmail.com,(644) 321-2585,7302 Maple Dr,Miami,FL,22598,US,consumer,2023-02-26,gold,
1811,Peter,Hernandez,peter_hernandez778@icloud.com,(910) 465-6402,2319 Cherry Ln,Boise,ID,85147,US,corporate,2023-02-16,bronze,
1812,Karen,Williams,karen.williams366@gmail.com,(270) 571-4333,3919 Lake Dr,Detroit,MI,64116,US,corporate,2023-11-06,platinum,
1813,Patricia,Edwards,patricia_edwards688@aol.com,(490) 795-5478,7077 Forest Ave,Indianapolis,IN,29434,US,consumer,2022-04-22,bronze,
1814,Richard,Davis,richarddavis373@gmail.com,(342) 923-9832,8307 Pine St,Buffalo,NY,28058,US,consumer,2023-06-30,gold,
1815,Angela,Edwards,angelaedwards@outlook.com,(600) 344-1551,8206 Laurel Ave,Nashville,TN,19178,US,consumer,2022-07-12,platinum,
1816,Kimberly,Ruiz,kimberly_ruiz@icloud.com,(852) 397-7743,2618 Poplar St,Philadelphia,PA,39133,US,home_office,2025-03-09,bronze,
1817,Ryan,Williams,ryan.williams@yahoo.com,(990) 773-3285,1757 Valley Rd,Minneapolis,MN,25229,US,consumer,2021-06-08,gold,
1818,David,Watson,david.watson81@gmail.com,(493) 881-7513,520 Oak Ave,Springfield,IL,70902,US,corporate,2025-05-05,bronze,
1819,Daniel,Lewis,daniel.lewis34@gmail.com,(255) 287-3093,8559 Pine St,Miami,FL,70067,US,corporate,2024-05-02,silver,
1820,Patricia,Lopez,patricialopez@outlook.com,(781) 952-7999,5749 Maple Dr,New York,NY,26396,US,consumer,2026-02-15,silver,
1821,Katherine,King,katherineking@mail.com,(953) 639-8130,3677 Hickory Dr,Detroit,MI,43888,US,consumer,2024-06-28,silver,
1822,Timothy,Castillo,timothy.castillo@outlook.com,(650) 629-4584,6273 Hickory Dr,Philadelphia,PA,13296,US,consumer,2021-10-17,platinum,
1823,Helen,Lopez,helen_lopez31@mail.com,(936) 961-4358,8058 Spruce St,Philadelphia,PA,29516,US,corporate,2021-11-02,silver,
1824,Donald,Hall,donaldhall54@protonmail.com,(747) 373-3673,1664 Willow Way,Detroit,MI,99048,US,corporate,2021-10-29,silver,
1825,Julie,Collins,juliecollins24@gmail.com,(721) 601-7853,5753 Poplar St,Columbus,OH,62453,US,corporate,2022-08-21,gold,
1826,Joyce,Taylor,joyce_taylor10@protonmail.com,(758) 652-9366,4808 Sunset Blvd,Atlanta,GA,71221,US,corporate,2021-04-16,platinum,
1827,Raymond,Lee,raymondlee@icloud.com,(215) 237-7763,8361 Hill Rd,Chicago,IL,75614,US,consumer,2025-05-31,bronze,
1828,Kathleen,Hill,kathleen.hill17@aol.com,(414) 514-1878,6870 Laurel Ave,Philadelphia,PA,59598,US,home_office,2023-09-01,platinum,
1829,Karen,Anderson,karen.anderson444@protonmail.com,(458) 819-6837,5848 Lake Dr,Austin,TX,85344,US,corporate,2022-02-26,bronze,
1830,Robert,Phillips,robertphillips89@yahoo.com,(984) 326-2656,3205 Valley Rd,Richmond,VA,82146,US,consumer,2023-03-18,gold,
1831,Shirley,Jackson,shirley_jackson102@protonmail.com,(439) 514-4692,9614 Birch St,Minneapolis,MN,47683,US,home_office,2022-10-03,bronze,
1832,Virginia,Cook,virginia.cook166@aol.com,(800) 629-9795,6639 Church St,San Francisco,CA,44035,US,corporate,2025-09-11,bronze,
1833,Brian,Gonzalez,brian.gonzalez@outlook.com,(579) 518-4212,1348 Birch St,Atlanta,GA,34443,US,corporate,2023-10-29,silver,
1834,Henry,Brown,henry.brown@aol.com,(825) 961-9648,69 Hickory Dr,Las Vegas,NV,41420,US,corporate,2021-12-12,silver,
1835,Charles,Gonzalez,charlesgonzalez757@protonmail.com,(254) 259-4319,1024 Chestnut St,Austin,TX,36429,US,home_office,2023-12-18,bronze,
1836,Scott,Edwards,scottedwards737@gmail.com,(282) 291-5522,217 Washington Blvd,San Diego,CA,49035,US,corporate,2026-02-23,bronze,
1837,Jose,Anderson,jose.anderson868@mail.com,(965) 301-8645,747 Cherry Ln,Kansas City,MO,23757,US,consumer,2023-03-29,silver,
1838,Victoria,Martin,victoria_martin832@gmail.com,(939) 719-5233,9533 Ridge Rd,Chicago,IL,47341,US,consumer,2023-08-28,platinum,
1839,Julie,Ortiz,julie_ortiz109@yahoo.com,(278) 410-8168,3662 River Rd,Minneapolis,MN,79482,US,home_office,2023-06-24,bronze,
1840,Alexander,Thomas,alexander.thomas270@mail.com,(735) 962-1056,2255 Cherry Ln,Milwaukee,WI,71339,US,consumer,2024-07-09,bronze,
1841,Maria,Davis,mariadavis@protonmail.com,(308) 636-1450,1820 Cherry Ln,Boise,ID,90683,US,consumer,2023-01-09,silver,
1842,Adam,Martin,adam.martin793@protonmail.com,(457) 692-9034,8774 Washington Blvd,Springfield,IL,73591,US,consumer,2023-12-26,bronze,
1843,Olivia,Robinson,olivia.robinson58@yahoo.com,(207) 386-5698,8996 Spring St,Los Angeles,CA,56123,US,consumer,2025-05-31,gold,
1844,Henry,Cook,henry.cook273@aol.com,(885) 500-4181,3495 Laurel Ave,Houston,TX,61807,US,corporate,2022-07-15,gold,
1845,Christopher,Thomas,christopher_thomas75@protonmail.com,(764) 560-8469,6528 Walnut St,Tampa,FL,71886,US,home_office,2025-02-06,silver,
1846,Deborah,Cruz,deborahcruz@protonmail.com,(834) 906-2939,9472 Spruce St,Miami,FL,57798,US,consumer,2023-02-19,bronze,
1847,Barbara,Adams,barbara.adams95@aol.com,(348) 597-2191,7870 Poplar St,Los Angeles,CA,11264,US,consumer,2025-08-30,gold,
1848,Betty,Campbell,betty.campbell84@outlook.com,(488) 416-2843,9469 Pine St,Portland,OR,47821,US,consumer,2023-03-01,silver,
1849,Joyce,Nguyen,joycenguyen@gmail.com,(508) 309-7964,254 River Rd,New York,NY,39967,US,home_office,2022-08-20,gold,
1850,Charles,Gonzalez,charles_gonzalez10@icloud.com,(981) 931-7359,6624 Chestnut St,Boston,MA,42121,US,corporate,2023-12-18,silver,
1851,Christine,Ward,christine_ward417@yahoo.com,(295) 203-6338,1942 Laurel Ave,San Francisco,CA,46193,US,consumer,2024-01-05,gold,
1852,Rebecca,King,rebecca.king617@protonmail.com,(325) 527-8740,9041 River Rd,Miami,FL,52067,US,home_office,2025-06-29,silver,
1853,Sarah,Cooper,sarah.cooper58@yahoo.com,(337) 439-7096,8302 Cedar Ln,Richmond,VA,54743,US,home_office,2023-06-13,silver,
1854,Kimberly,Martin,kimberly_martin146@mail.com,(364) 432-7280,2516 Hill Rd,San Francisco,CA,48367,US,home_office,2023-07-10,platinum,
1855,Maria,Patel,maria_patel99@mail.com,(679) 344-1600,1060 Forest Ave,Nashville,TN,23336,US,home_office,2024-12-09,silver,
1856,Ryan,Clark,ryan.clark@icloud.com,(593) 469-8875,7884 Walnut St,Portland,OR,18021,US,consumer,2021-10-31,silver,
1857,Richard,Morales,richard_morales333@gmail.com,(994) 390-8246,1195 Hickory Dr,Boston,MA,49546,US,corporate,2024-08-14,bronze,
1858,Nathan,Adams,nathanadams@protonmail.com,(251) 365-3830,4253 Cherry Ln,Minneapolis,MN,61698,US,consumer,2021-09-16,silver,
1859,Stephanie,Jackson,stephanie_jackson668@aol.com,(246) 659-7825,4108 Pine St,Las Vegas,NV,11348,US,home_office,2024-12-14,silver,
1860,Katherine,Carter,katherinecarter27@yahoo.com,(923) 411-6542,8987 Poplar St,Seattle,WA,62545,US,corporate,2024-10-25,bronze,
1861,Rebecca,Ruiz,rebecca.ruiz@hotmail.com,(741) 641-9256,9952 Oak Ave,Milwaukee,WI,63272,US,corporate,2023-12-04,bronze,
1862,Aaron,King,aaronking502@hotmail.com,(380) 258-6482,3856 Lake Dr,Charlotte,NC,10789,US,corporate,2024-11-19,silver,
1863,Tyler,Brown,tylerbrown954@outlook.com,(685) 404-7850,5364 Lincoln Ave,Buffalo,NY,68900,US,consumer,2021-08-24,gold,
1864,Steven,Jimenez,steven.jimenez296@icloud.com,(621) 661-1946,8196 Lincoln Ave,Milwaukee,WI,70735,US,corporate,2026-03-04,silver,
1865,Alexander,Baker,alexander_baker33@yahoo.com,(800) 921-1452,8634 Lake Dr,Miami,FL,29288,US,home_office,2022-08-29,bronze,
1866,Kathleen,Clark,kathleen_clark@mail.com,(946) 411-3953,2885 Elm St,Sacramento,CA,94340,US,home_office,2024-04-18,silver,
1867,Kathleen,Wilson,kathleen.wilson98@icloud.com,(866) 701-7978,8058 Cedar Ln,Springfield,IL,65434,US,consumer,2022-06-27,bronze,
1868,Linda,Jimenez,linda_jimenez731@icloud.com,(316) 495-5394,9456 Valley Rd,Indianapolis,IN,40499,US,consumer,2021-05-30,silver,
1869,Melissa,Thompson,melissa.thompson@hotmail.com,(798) 383-4066,2953 Willow Way,San Francisco,CA,64160,US,consumer,2024-11-25,bronze,
1870,Diane,Peterson,diane.peterson@protonmail.com,(475) 707-2268,6920 Valley Rd,Sacramento,CA,13312,US,corporate,2022-09-10,bronze,
1871,Laura,Reyes,laura.reyes@protonmail.com,(398) 656-1644,177 Oak Ave,Minneapolis,MN,48168,US,home_office,2024-09-02,bronze,
1872,Betty,Clark,betty.clark53@outlook.com,(459) 486-7172,1854 Spruce St,Portland,OR,67746,US,consumer,2024-01-19,bronze,
1873,Larry,Scott,larry_scott347@gmail.com,(752) 427-1532,5327 Lake Dr,Indianapolis,IN,17977,US,corporate,2022-07-18,bronze,
1874,Peter,Hall,peterhall727@icloud.com,(311) 915-4587,2085 Forest Ave,Portland,OR,30709,US,home_office,2025-07-13,bronze,
1875,Nancy,Cooper,nancy.cooper@protonmail.com,(427) 556-1782,9228 Hickory Dr,Philadelphia,PA,66261,US,corporate,2025-11-12,silver,
1876,Thomas,Parker,thomasparker54@icloud.com,(375) 664-3723,5832 Washington Blvd,Philadelphia,PA,87085,US,corporate,2023-04-27,silver,
1877,Kimberly,Richardson,kimberlyrichardson81@gmail.com,(663) 940-1009,8948 High St,Boise,ID,49498,US,corporate,2023-05-22,bronze,
1878,Rebecca,Myers,rebecca_myers47@gmail.com,(373) 245-9939,1693 Broadway,Los Angeles,CA,32512,US,corporate,2024-04-07,gold,
1879,Jennifer,Perez,jennifer.perez99@aol.com,(443) 834-1533,4245 Valley Rd,Atlanta,GA,85028,US,consumer,2022-06-07,bronze,
1880,Justin,Lewis,justin.lewis@hotmail.com,(411) 377-1107,4009 Spring St,Austin,TX,18812,US,corporate,2026-03-30,silver,
1881,Karen,Mitchell,karenmitchell@yahoo.com,(833) 946-4706,4648 River Rd,Minneapolis,MN,99515,US,corporate,2024-06-20,bronze,
1882,Mark,Phillips,markphillips932@aol.com,(911) 413-4172,3158 Laurel Ave,Miami,FL,31260,US,home_office,2026-03-18,bronze,
1883,Nathan,Young,nathan_young21@outlook.com,(207) 750-1436,9246 Willow Way,Nashville,TN,80564,US,corporate,2022-05-06,silver,
1884,Jessica,Taylor,jessica_taylor@outlook.com,(793) 258-8279,9805 Church St,Minneapolis,MN,51032,US,corporate,2024-10-24,silver,
1885,Scott,Ward,scott.ward@hotmail.com,(708) 611-4245,7883 Forest Ave,New York,NY,50499,US,consumer,2021-05-27,gold,
1886,Melissa,Scott,melissa.scott9@outlook.com,(809) 993-5394,9280 Washington Blvd,Buffalo,NY,68738,US,consumer,2023-12-29,silver,
1887,Helen,Gonzalez,helengonzalez17@mail.com,(277) 919-4753,7891 Spring St,Chicago,IL,40424,US,consumer,2021-10-03,platinum,
1888,Thomas,Diaz,thomas_diaz@protonmail.com,(457) 592-2685,417 Laurel Ave,Dallas,TX,91370,US,consumer,2022-05-03,bronze,
1889,Jessica,Edwards,jessica.edwards104@outlook.com,(875) 959-9733,5168 Spruce St,Atlanta,GA,28013,US,corporate,2022-11-26,bronze,
1890,Linda,Harris,linda.harris@icloud.com,(907) 435-6437,163 River Rd,Nashville,TN,22332,US,home_office,2023-05-28,bronze,
1891,Anthony,Castillo,anthony.castillo695@yahoo.com,(506) 443-1808,7949 Poplar St,Raleigh,NC,87500,US,consumer,2021-09-05,bronze,
1892,Samantha,Moore,samantha_moore@icloud.com,(909) 959-5117,2513 Maple Dr,Houston,TX,75761,US,consumer,2026-03-16,silver,
1893,Donald,Price,donald_price917@icloud.com,(917) 752-2793,122 Hill Rd,San Antonio,TX,81136,US,home_office,2025-12-12,silver,
1894,Amy,Garcia,amy_garcia64@hotmail.com,(413) 440-3787,5805 Cedar Ln,Las Vegas,NV,56919,US,consumer,2025-01-12,bronze,
1895,Linda,Perez,linda_perez833@aol.com,(643) 481-1939,8249 Birch St,Minneapolis,MN,57091,US,corporate,2025-04-03,platinum,
1896,Shirley,Harris,shirleyharris70@protonmail.com,(927) 689-3211,2817 Main St,Indianapolis,IN,76573,US,corporate,2022-11-10,gold,
1897,Ronald,Morris,ronald.morris@icloud.com,(512) 421-6224,1314 Birch St,Charlotte,NC,86756,US,corporate,2022-07-10,bronze,
1898,Lisa,Bailey,lisa.bailey23@gmail.com,(973) 308-9737,5779 Willow Way,San Antonio,TX,96990,US,consumer,2025-11-12,bronze,
1899,Lisa,Long,lisa_long276@protonmail.com,(393) 803-5127,209 Maple Dr,San Antonio,TX,32220,US,consumer,2022-06-20,bronze,
1900,Ashley,Scott,ashley.scott683@outlook.com,(808) 211-1220,6463 Elm St,Kansas City,MO,68115,US,corporate,2026-02-07,bronze,
1901,Sarah,Evans,sarah_evans1@gmail.com,(794) 569-8050,3033 Maple Dr,Boulder,CO,72549,US,corporate,2023-06-10,bronze,
1902,Samuel,Garcia,samuel.garcia337@yahoo.com,(251) 955-2382,4025 Spring St,Portland,OR,36318,US,consumer,2026-01-31,silver,
1903,Helen,Thompson,helen.thompson21@yahoo.com,(288) 806-4640,95 Chestnut St,Columbus,OH,16131,US,corporate,2025-05-21,bronze,
1904,Robert,Ortiz,robert.ortiz597@gmail.com,(528) 609-5603,1817 Poplar St,Indianapolis,IN,99795,US,consumer,2025-07-02,bronze,
1905,Adam,Davis,adam_davis@protonmail.com,(488) 423-9613,170 Main St,Nashville,TN,85031,US,corporate,2024-04-01,platinum,
1906,Sandra,Reyes,sandra.reyes26@yahoo.com,(655) 635-3402,1824 Washington Blvd,Portland,OR,35982,US,consumer,2023-10-16,silver,
1907,Joseph,Johnson,josephjohnson80@yahoo.com,(645) 506-3248,1625 Church St,Boulder,CO,55739,US,home_office,2025-12-20,platinum,
1908,Kelly,Torres,kelly.torres96@outlook.com,(675) 681-7362,7809 High St,Charlotte,NC,14147,US,consumer,2021-04-17,bronze,
1909,Joyce,Ruiz,joyce.ruiz33@outlook.com,(838) 246-5545,1139 Sunset Blvd,Las Vegas,NV,52964,US,consumer,2025-07-03,bronze,
1910,Richard,Rogers,richardrogers@mail.com,(834) 830-4093,4912 Chestnut St,San Antonio,TX,33953,US,consumer,2023-04-01,silver,
1911,Peter,Perez,peter_perez72@aol.com,(473) 990-5379,8130 Elm St,New York,NY,38707,US,consumer,2022-02-20,bronze,
1912,Brian,Diaz,brian_diaz26@aol.com,(659) 783-1176,5881 Spruce St,Austin,TX,48459,US,home_office,2023-12-21,bronze,
1913,Melissa,Myers,melissa.myers@protonmail.com,(772) 781-1679,7662 Elm St,Atlanta,GA,35933,US,home_office,2025-10-12,silver,
1914,Sharon,Sanders,sharonsanders164@gmail.com,(203) 809-6552,8207 Spruce St,Portland,OR,54199,US,consumer,2022-12-04,silver,
1915,Kathleen,Patel,kathleen_patel23@aol.com,(440) 528-1262,9529 Cherry Ln,San Diego,CA,38884,US,consumer,2022-09-28,silver,
1916,Jonathan,Martinez,jonathan_martinez@aol.com,(700) 863-7726,4811 Park Ave,Chicago,IL,69717,US,corporate,2022-11-17,silver,
1917,Douglas,Gutierrez,douglas_gutierrez36@gmail.com,(605) 945-7146,8884 Cherry Ln,Buffalo,NY,69162,US,home_office,2023-10-08,silver,
1918,Peter,Turner,peter_turner54@outlook.com,(895) 597-4831,9068 Poplar St,Indianapolis,IN,18800,US,corporate,2025-12-27,bronze,
1919,Raymond,Hill,raymondhill12@gmail.com,(261) 352-8418,2736 Broadway,Milwaukee,WI,24417,US,consumer,2023-07-21,bronze,
1920,Heather,Gutierrez,heather_gutierrez141@mail.com,(865) 775-7308,4753 Park Ave,San Francisco,CA,57623,US,consumer,2024-08-08,bronze,
1921,Dennis,Diaz,dennis.diaz@hotmail.com,(654) 473-7960,4025 Washington Blvd,Boise,ID,13545,US,corporate,2022-03-10,bronze,
1922,Kathleen,Chavez,kathleen_chavez@protonmail.com,(682) 917-2970,2999 Willow Way,Houston,TX,34039,US,consumer,2025-06-25,platinum,
1923,Edward,Stewart,edwardstewart@gmail.com,(989) 724-8407,8308 High St,Boise,ID,53135,US,corporate,2023-08-07,silver,
1924,Nicholas,Ross,nicholas_ross@protonmail.com,(682) 969-4362,3349 Hill Rd,Kansas City,MO,99094,US,consumer,2025-02-22,gold,
1925,Rachel,Rogers,rachelrogers989@mail.com,(609) 224-6159,359 Spruce St,Detroit,MI,97915,US,corporate,2024-08-24,bronze,
1926,Pamela,Moore,pamela.moore16@gmail.com,(468) 863-7923,8931 Spruce St,New York,NY,62621,US,consumer,2022-06-19,bronze,
1927,Patricia,Evans,patricia_evans@yahoo.com,(611) 981-3668,7776 Washington Blvd,Los Angeles,CA,86050,US,corporate,2026-02-22,bronze,
1928,Daniel,Foster,danielfoster182@outlook.com,(702) 322-3521,5290 Laurel Ave,Kansas City,MO,36748,US,consumer,2021-11-08,bronze,
1929,Cynthia,Lopez,cynthia_lopez106@protonmail.com,(515) 825-5299,6640 Broadway,Austin,TX,48264,US,corporate,2025-02-05,bronze,
1930,Patricia,Clark,patriciaclark705@hotmail.com,(289) 890-4889,4956 Walnut St,Detroit,MI,93851,US,consumer,2022-11-13,gold,
1931,Frank,Williams,frank.williams467@protonmail.com,(660) 227-7232,1041 Lincoln Ave,San Antonio,TX,54561,US,corporate,2024-01-26,silver,
1932,Jeffrey,Harris,jeffrey.harris364@outlook.com,(478) 437-9398,4020 Birch St,Atlanta,GA,17117,US,corporate,2024-10-17,silver,
1933,Tyler,Ruiz,tylerruiz95@yahoo.com,(624) 682-9224,6331 Ridge Rd,Los Angeles,CA,59401,US,corporate,2026-01-27,silver,
1934,Raymond,Lewis,raymondlewis451@gmail.com,(305) 588-5138,8373 Maple Dr,Dallas,TX,53066,US,corporate,2024-01-13,platinum,
1935,Betty,Edwards,betty.edwards@outlook.com,(622) 845-5888,7312 Laurel Ave,San Diego,CA,16281,US,corporate,2021-04-16,bronze,
1936,Patricia,Rogers,patriciarogers132@yahoo.com,(665) 363-7588,8663 Elm St,Dallas,TX,88726,US,home_office,2025-03-18,bronze,
1937,Stephen,Thompson,stephenthompson99@icloud.com,(970) 230-1315,2414 Meadow Ln,Salt Lake City,UT,76537,US,consumer,2022-09-06,bronze,
1938,Amanda,Reed,amanda.reed83@aol.com,(290) 277-7864,6931 Poplar St,Los Angeles,CA,87638,US,home_office,2023-06-12,gold,
1939,Patrick,Kim,patrick_kim15@protonmail.com,(601) 335-1254,8690 Pine St,San Diego,CA,12194,US,consumer,2026-02-10,platinum,
1940,Helen,Thomas,helen_thomas@protonmail.com,(399) 888-5334,4413 Washington Blvd,Atlanta,GA,52737,US,consumer,2021-04-21,bronze,
1941,Timothy,Watson,timothywatson24@icloud.com,(734) 896-8938,1331 Elm St,Los Angeles,CA,11435,US,consumer,2025-12-09,gold,
1942,Ruth,James,ruthjames@icloud.com,(420) 617-1304,2560 Park Ave,Buffalo,NY,70100,US,consumer,2021-11-14,gold,
1943,Ashley,Johnson,ashley.johnson372@mail.com,(614) 921-1963,9995 Church St,Miami,FL,95069,US,corporate,2024-01-03,bronze,
1944,James,Taylor,james_taylor32@outlook.com,(983) 906-6051,5767 Spring St,San Diego,CA,39138,US,corporate,2026-03-14,bronze,
1945,Steven,Cook,steven.cook90@icloud.com,(997) 485-1266,6556 Hickory Dr,Miami,FL,45648,US,corporate,2024-11-02,silver,
1946,Anna,Jackson,anna.jackson995@mail.com,(710) 454-9483,4530 Chestnut St,Charlotte,NC,62437,US,corporate,2023-06-18,platinum,
1947,Karen,Sanchez,karen.sanchez@protonmail.com,(612) 674-9666,4649 Broadway,Kansas City,MO,19658,US,consumer,2024-06-01,bronze,
1948,Melissa,Howard,melissa_howard73@outlook.com,(338) 966-1827,3048 Lincoln Ave,Tampa,FL,78738,US,consumer,2024-10-28,gold,
1949,Nancy,Perez,nancy_perez@gmail.com,(593) 626-7523,7434 Poplar St,New York,NY,84605,US,consumer,2022-05-09,bronze,
1950,Edward,Thompson,edward.thompson486@outlook.com,(802) 954-9981,3529 River Rd,Miami,FL,82462,US,consumer,2025-11-14,gold,
1951,Henry,Phillips,henryphillips575@mail.com,(661) 825-4068,7108 Main St,Charlotte,NC,49466,US,consumer,2024-03-25,silver,
1952,Ashley,Allen,ashleyallen150@aol.com,(822) 452-2567,3280 Lincoln Ave,Detroit,MI,79190,US,consumer,2025-10-29,silver,
1953,Maria,Kim,maria.kim20@gmail.com,(230) 204-2089,4875 Oak Ave,Boston,MA,95507,US,corporate,2025-09-14,gold,
1954,Christina,Phillips,christina.phillips841@yahoo.com,(512) 958-4716,4658 Willow Way,San Diego,CA,83927,US,corporate,2022-06-11,gold,
1955,Margaret,Hill,margaret.hill309@mail.com,(529) 355-9905,2170 Oak Ave,Milwaukee,WI,87520,US,home_office,2023-07-08,gold,
1956,Anna,Parker,annaparker952@protonmail.com,(504) 363-3218,187 River Rd,Boston,MA,91406,US,home_office,2023-10-21,bronze,
1957,Linda,Gutierrez,linda.gutierrez@gmail.com,(783) 696-7989,9972 Birch St,Las Vegas,NV,23409,US,corporate,2021-12-15,silver,
1958,Kimberly,Bailey,kimberlybailey228@gmail.com,(864) 578-7591,71 Maple Dr,Houston,TX,72109,US,consumer,2021-07-12,bronze,
1959,Ashley,Watson,ashley.watson58@protonmail.com,(302) 738-8055,7870 Pine St,Minneapolis,MN,95411,US,corporate,2023-12-19,silver,
1960,Nathan,Smith,nathan_smith32@mail.com,(463) 323-3676,3696 Maple Dr,Detroit,MI,96068,US,corporate,2025-08-08,silver,
1961,Kathleen,James,kathleenjames41@yahoo.com,(213) 253-9129,8125 Washington Blvd,Richmond,VA,94195,US,consumer,2023-05-09,silver,
1962,Elizabeth,Murphy,elizabeth_murphy8@yahoo.com,(975) 789-3938,2403 Chestnut St,San Diego,CA,53715,US,consumer,2024-04-29,silver,
1963,Catherine,Howard,catherinehoward172@hotmail.com,(728) 695-4168,7531 Oak Ave,Seattle,WA,34887,US,home_office,2024-08-04,platinum,
1964,Janet,White,janet_white40@aol.com,(763) 823-1001,8084 High St,Atlanta,GA,13364,US,consumer,2023-06-22,bronze,
1965,Catherine,Morgan,catherine_morgan@icloud.com,(267) 205-8707,5266 Maple Dr,Kansas City,MO,89731,US,corporate,2021-11-12,silver,
1966,Tyler,Stewart,tylerstewart804@icloud.com,(291) 694-4914,8819 Broadway,Austin,TX,55496,US,corporate,2023-10-30,bronze,
1967,Paul,Rivera,paul_rivera@yahoo.com,(771) 562-9337,5642 Spring St,Los Angeles,CA,81382,US,consumer,2022-07-07,bronze,
1968,Janet,Patel,janet.patel42@aol.com,(477) 935-7429,4078 Lincoln Ave,Charlotte,NC,97347,US,consumer,2021-11-23,bronze,
1969,Lauren,Gomez,lauren.gomez83@gmail.com,(251) 491-1185,207 Chestnut St,Miami,FL,50826,US,consumer,2024-02-14,platinum,
1970,Zachary,Flores,zachary.flores@hotmail.com,(818) 928-9944,2920 Maple Dr,Dallas,TX,80730,US,consumer,2024-05-19,gold,
1971,Debra,Clark,debraclark@gmail.com,(444) 726-7090,4567 Ridge Rd,Indianapolis,IN,12757,US,consumer,2022-08-19,platinum,
1972,Jonathan,Cooper,jonathan.cooper20@outlook.com,(822) 914-6536,6261 Hill Rd,Buffalo,NY,67321,US,home_office,2024-07-19,platinum,
1973,Anthony,Clark,anthonyclark450@protonmail.com,(335) 404-1909,9911 Forest Ave,Boulder,CO,49319,US,consumer,2025-12-30,bronze,
1974,Nathan,Williams,nathanwilliams65@mail.com,(243) 717-8912,9775 Elm St,San Diego,CA,15377,US,corporate,2023-06-23,bronze,
1975,Scott,Hughes,scotthughes653@aol.com,(427) 280-2505,2380 Birch St,Boulder,CO,61091,US,consumer,2023-05-07,silver,
1976,Richard,Gonzalez,richard_gonzalez382@icloud.com,(774) 248-6618,6543 Park Ave,Austin,TX,34441,US,home_office,2022-12-25,silver,
1977,Joseph,Kim,josephkim52@mail.com,(900) 888-3603,297 River Rd,Dallas,TX,39607,US,consumer,2025-07-15,silver,
1978,Kelly,Stewart,kellystewart1@aol.com,(572) 928-5563,7869 Willow Way,Boston,MA,17432,US,consumer,2024-11-29,bronze,
1979,Gregory,Gray,gregory.gray@mail.com,(968) 265-5739,1204 Hickory Dr,Columbus,OH,90948,US,home_office,2023-12-17,silver,
1980,Amanda,Sanders,amanda.sanders74@mail.com,(596) 617-3167,2946 Park Ave,Kansas City,MO,52823,US,home_office,2026-03-26,silver,
1981,Timothy,Smith,timothy_smith@protonmail.com,(275) 957-9759,270 Pine St,Philadelphia,PA,59017,US,consumer,2022-12-09,bronze,
1982,Jose,Bailey,jose_bailey1@protonmail.com,(249) 538-1849,3875 Oak Ave,Indianapolis,IN,61934,US,home_office,2026-01-24,silver,
1983,Donald,Parker,donald.parker@yahoo.com,(862) 848-8027,132 Lincoln Ave,Atlanta,GA,81436,US,consumer,2021-12-29,silver,
1984,Jessica,Johnson,jessica.johnson144@yahoo.com,(368) 260-4887,2346 Spring St,San Francisco,CA,27728,US,consumer,2021-11-18,silver,
1985,Nicole,King,nicole_king@mail.com,(975) 579-8659,3790 Spruce St,Charlotte,NC,24694,US,consumer,2025-03-14,bronze,
1986,Katherine,White,katherine_white150@protonmail.com,(244) 336-8593,8078 Poplar St,Nashville,TN,48702,US,consumer,2023-05-08,gold,
1987,Steven,Wright,stevenwright@icloud.com,(492) 965-5612,5397 Park Ave,Boston,MA,77344,US,corporate,2025-04-05,bronze,
1988,Jessica,Bailey,jessica.bailey@protonmail.com,(556) 844-6740,4644 Laurel Ave,Seattle,WA,47092,US,consumer,2022-08-09,bronze,
1989,Ronald,Phillips,ronald.phillips711@icloud.com,(352) 326-9082,858 River Rd,Richmond,VA,63398,US,consumer,2024-02-12,gold,
1990,Mary,Walker,mary_walker14@outlook.com,(517) 754-7931,7335 Main St,San Francisco,CA,48840,US,corporate,2024-05-07,silver,
1991,Henry,Brooks,henry.brooks97@gmail.com,(334) 401-6788,5997 Meadow Ln,New York,NY,57863,US,corporate,2025-12-22,bronze,
1992,Elizabeth,Mitchell,elizabeth.mitchell@mail.com,(435) 895-2477,8144 Birch St,Las Vegas,NV,22306,US,consumer,2022-08-15,silver,
1993,Jason,Miller,jason_miller550@gmail.com,(582) 332-3936,4952 Maple Dr,Tampa,FL,37418,US,corporate,2021-04-25,silver,
1994,Emma,Adams,emma_adams57@gmail.com,(926) 584-5328,3503 Cedar Ln,Charlotte,NC,99130,US,consumer,2024-07-24,gold,
1995,Frank,Reyes,frankreyes426@mail.com,(326) 786-2309,7123 Willow Way,Indianapolis,IN,49366,US,corporate,2022-01-13,gold,
1996,Justin,Ramirez,justin_ramirez@hotmail.com,(399) 530-9108,9168 Forest Ave,Tampa,FL,61902,US,corporate,2025-10-08,silver,
1997,James,Mitchell,jamesmitchell@hotmail.com,(963) 910-8835,1454 Valley Rd,Milwaukee,WI,44781,US,home_office,2022-03-04,silver,
1998,Joyce,Smith,joycesmith@outlook.com,(226) 817-6896,8010 Park Ave,Las Vegas,NV,38444,US,consumer,2024-02-25,bronze,
1999,Nathan,Jackson,nathanjackson718@mail.com,(417) 898-3183,9266 Spruce St,Seattle,WA,63067,US,consumer,2026-03-23,bronze,
2000,Kimberly,Garcia,kimberly.garcia72@hotmail.com,(981) 367-7468,6162 Lincoln Ave,Salt Lake City,UT,87822,US,consumer,2021-08-15,silver,
1001,Mary,Green,mary_green23@yahoo.com,(205) 519-4074,1538 Valley Rd,Boulder,CO,70108,US,consumer,2021-09-29,bronze,
1002,Richard,Davis,richarddavis@yahoo.com,(558) 851-4703,232 Poplar St,Nashville,TN,35249,US,corporate,2022-12-28,gold,
1003,Andrew,Diaz,andrewdiaz94@protonmail.com,(460) 774-9864,1270 Broadway,Boulder,CO,29978,US,home_office,2024-01-13,platinum,
1004,Janet,Ramirez,janet_ramirez369@yahoo.com,(329) 734-7274,9432 Cherry Ln,Minneapolis,MN,87616,US,corporate,2021-09-26,bronze,
1005,Emily,Patel,emilypatel@outlook.com,(202) 437-4546,2401 Pine St,Buffalo,NY,31603,US,home_office,2024-02-27,gold,
1006,Virginia,Smith,virginia_smith@mail.com,(635) 880-8728,4958 Meadow Ln,Detroit,MI,25374,US,corporate,2023-05-12,silver,
1007,Brenda,Gomez,brenda_gomez50@icloud.com,(519) 734-6193,9919 Hickory Dr,Buffalo,NY,38036,US,corporate,2023-09-11,platinum,
1008,Samantha,Scott,samanthascott19@mail.com,(701) 911-5104,9141 Laurel Ave,Springfield,IL,67070,US,home_office,2024-01-22,silver,
1009,Daniel,Brown,daniel_brown889@icloud.com,(945) 634-4502,6267 Spring St,Boulder,CO,33462,US,consumer,2024-01-11,gold,
1010,Betty,Cruz,betty_cruz@aol.com,(536) 296-7043,8238 Poplar St,Tampa,FL,11703,US,consumer,2021-06-03,bronze,
1011,Paul,Jones,pauljones36@protonmail.com,(244) 912-5145,938 Broadway,Atlanta,GA,13988,US,consumer,2021-04-29,bronze,
1012,Nicole,Watson,nicole_watson63@yahoo.com,(239) 578-1472,2899 Spruce St,Dallas,TX,27255,US,home_office,2022-04-07,bronze,
1013,Rebecca,Thomas,rebecca.thomas752@gmail.com,(521) 299-9914,3182 Ridge Rd,Atlanta,GA,90478,US,home_office,2025-06-25,platinum,
1014,Kevin,Gray,kevin_gray273@icloud.com,(728) 214-7605,1008 Maple Dr,Kansas City,MO,35289,US,consumer,2021-07-06,gold,
1015,Charles,Sanders,charles_sanders11@gmail.com,(482) 823-4255,6706 Elm St,Boise,ID,93270,US,corporate,2025-04-05,gold,
1016,Michelle,Scott,michellescott45@mail.com,(781) 913-2410,1445 Cedar Ln,Salt Lake City,UT,21870,US,home_office,2024-08-09,platinum,
1017,Janet,Lopez,janet.lopez705@gmail.com,(985) 373-1171,6137 Forest Ave,Seattle,WA,20652,US,consumer,2025-03-05,bronze,
1018,Michelle,Mendoza,michellemendoza865@outlook.com,(517) 254-7214,2917 Lake Dr,Boston,MA,28405,US,corporate,2023-12-19,bronze,
1019,Kenneth,Evans,kenneth.evans@outlook.com,(502) 465-8202,1515 Sunset Blvd,Tampa,FL,56550,US,home_office,2021-04-21,bronze,
1020,George,Hall,georgehall560@outlook.com,(237) 799-7318,8814 Broadway,Dallas,TX,37611,US,consumer,2025-07-23,bronze,
1021,Brian,Chavez,brianchavez37@aol.com,(292) 725-4452,3576 Forest Ave,Tampa,FL,44189,US,corporate,2023-04-05,bronze,
1022,Harold,Anderson,haroldanderson@mail.com,(343) 678-6291,9237 Church St,Charlotte,NC,96285,US,consumer,2024-04-30,silver,
1023,Kelly,Jones,kelly_jones207@icloud.com,(208) 362-7904,5484 River Rd,Milwaukee,WI,94919,US,home_office,2024-03-05,bronze,
1024,Nancy,Rivera,nancy_rivera578@outlook.com,(970) 222-8192,9726 Broadway,Salt Lake City,UT,67012,US,home_office,2021-06-05,bronze,
1025,Jacob,Young,jacob_young482@icloud.com,(694) 894-7572,658 Poplar St,Philadelphia,PA,40710,US,home_office,2022-11-24,bronze,
1026,Susan,Turner,susan_turner35@gmail.com,(367) 724-3726,9779 Chestnut St,Philadelphia,PA,78692,US,consumer,2024-07-01,bronze,
1027,Larry,Long,larry.long17@gmail.com,(292) 516-3317,7516 Church St,Nashville,TN,31671,US,home_office,2024-05-09,platinum,
1028,James,James,james.james26@aol.com,(282) 389-4869,7153 Maple Dr,Seattle,WA,42077,US,home_office,2022-03-04,gold,
1029,Debra,Bailey,debra_bailey@icloud.com,(302) 682-7456,7739 Walnut St,Seattle,WA,59321,US,consumer,2021-08-01,platinum,
1030,Alexander,Young,alexander.young50@outlook.com,(609) 991-6359,6957 Lincoln Ave,Boston,MA,61622,US,home_office,2025-12-24,silver,
1031,Elizabeth,Hall,elizabeth_hall858@gmail.com,(427) 823-3918,6048 Spring St,Miami,FL,54544,US,consumer,2022-06-21,bronze,
1032,Julie,Smith,juliesmith77@yahoo.com,(861) 435-3262,3080 Oak Ave,Richmond,VA,37686,US,corporate,2022-12-02,gold,
1033,Sharon,Lopez,sharon_lopez@protonmail.com,(354) 491-6096,7876 Oak Ave,Columbus,OH,44212,US,consumer,2024-11-05,bronze,
1034,Daniel,Lee,daniel_lee@mail.com,(284) 554-2661,201 Elm St,Indianapolis,IN,51815,US,consumer,2023-01-31,bronze,
1035,Pamela,Cook,pamela_cook@mail.com,(869) 886-7581,894 Hill Rd,Las Vegas,NV,65703,US,consumer,2025-03-06,bronze,
1036,Jack,Brooks,jack.brooks78@icloud.com,(999) 684-6489,1830 Birch St,Charlotte,NC,33440,US,corporate,2022-12-06,bronze,
1037,Jonathan,Ross,jonathan_ross@gmail.com,(545) 924-5224,8437 Hickory Dr,Boulder,CO,90546,US,consumer,2023-09-14,bronze,
1038,Sharon,Miller,sharon_miller@mail.com,(671) 575-1820,4135 High St,Charlotte,NC,54231,US,corporate,2022-01-06,bronze,
1039,Jerry,Brown,jerrybrown35@icloud.com,(627) 217-8319,4878 Ridge Rd,Detroit,MI,14668,US,consumer,2024-03-02,silver,
1040,Joseph,Rivera,josephrivera644@protonmail.com,(454) 379-2377,2066 Willow Way,Chicago,IL,28958,US,consumer,2025-05-19,bronze,
1041,Sharon,Scott,sharon_scott805@hotmail.com,(950) 736-8510,1254 River Rd,San Diego,CA,58863,US,corporate,2022-11-17,bronze,
1042,Charles,Cox,charlescox@protonmail.com,(724) 942-2290,4948 High St,Minneapolis,MN,62525,US,corporate,2023-03-04,gold,
1043,Nancy,Myers,nancy_myers768@yahoo.com,(643) 319-4139,4968 Lincoln Ave,Tampa,FL,77376,US,consumer,2024-03-10,bronze,
1044,Joyce,Young,joyceyoung483@mail.com,(420) 978-8158,3043 Lake Dr,Atlanta,GA,75740,US,corporate,2021-10-27,bronze,
1045,Nicole,Phillips,nicole.phillips87@gmail.com,(616) 412-1306,2127 Lake Dr,Kansas City,MO,45003,US,home_office,2021-08-04,gold,
1046,Scott,Brooks,scott_brooks@gmail.com,(926) 532-4621,4716 Willow Way,New York,NY,89864,US,corporate,2022-08-05,bronze,
1047,Emma,Turner,emmaturner436@protonmail.com,(687) 771-1205,5581 River Rd,Minneapolis,MN,55398,US,consumer,2025-06-11,bronze,
1048,Karen,Reyes,karenreyes315@outlook.com,(889) 599-5189,529 Walnut St,Indianapolis,IN,84883,US,consumer,2023-11-16,silver,
1049,Benjamin,Morales,benjaminmorales@icloud.com,(511) 498-6166,7658 Main St,Raleigh,NC,30434,US,home_office,2023-11-26,bronze,
1050,Justin,Perez,justinperez46@protonmail.com,(983) 223-5651,3846 Church St,Richmond,VA,80463,US,consumer,2022-11-02,silver,
1051,Timothy,Cox,timothy.cox@hotmail.com,(313) 784-5740,2607 Cherry Ln,San Antonio,TX,62575,US,home_office,2023-05-17,gold,
1052,Edward,Rivera,edward.rivera54@icloud.com,(988) 571-2730,8230 Valley Rd,Detroit,MI,79796,US,corporate,2021-12-14,bronze,
1053,Mark,Phillips,mark_phillips97@mail.com,(360) 381-7554,55 Valley Rd,Boston,MA,53785,US,home_office,2024-07-25,silver,
1054,Katherine,Thompson,katherinethompson492@protonmail.com,(628) 620-4094,3674 Pine St,San Francisco,CA,89915,US,corporate,2021-11-16,silver,
1055,Nicholas,Hernandez,nicholashernandez74@gmail.com,(532) 824-5095,9328 Ridge Rd,Austin,TX,71854,US,home_office,2021-10-06,bronze,
1056,Melissa,Williams,melissawilliams908@protonmail.com,(765) 723-4162,7501 Spring St,Austin,TX,41367,US,consumer,2025-03-09,silver,
1057,Jacob,Alvarez,jacob.alvarez42@yahoo.com,(231) 411-8555,4015 Walnut St,Salt Lake City,UT,89069,US,corporate,2021-04-10,bronze,
1058,Donald,Thompson,donald_thompson@icloud.com,(363) 450-8572,113 Willow Way,New York,NY,14236,US,consumer,2024-05-12,silver,
1059,Henry,Gutierrez,henry_gutierrez50@aol.com,(933) 750-2982,7185 Sunset Blvd,San Francisco,CA,17836,US,consumer,2024-04-04,bronze,
1060,Ruth,Gomez,ruthgomez99@protonmail.com,(933) 723-8209,2033 Cedar Ln,Las Vegas,NV,29134,US,corporate,2023-02-05,silver,
1061,Maria,Howard,maria.howard93@protonmail.com,(872) 547-3325,7907 Washington Blvd,Miami,FL,44669,US,home_office,2022-08-15,bronze,
1062,Kevin,Chavez,kevinchavez569@mail.com,(970) 450-5259,4839 Chestnut St,Minneapolis,MN,68284,US,home_office,2021-06-24,gold,
1063,Tyler,Edwards,tyleredwards34@gmail.com,(979) 343-3425,426 Park Ave,Boston,MA,58608,US,corporate,2021-05-19,bronze,
1064,George,Alvarez,george_alvarez@aol.com,(686) 930-8206,2531 Willow Way,Boston,MA,26849,US,consumer,2025-05-28,silver,
1065,Nicole,Nguyen,nicole_nguyen@gmail.com,(416) 797-5963,9573 Main St,Dallas,TX,44002,US,consumer,2023-07-17,silver,
1066,Patrick,Rogers,patrickrogers67@outlook.com,(552) 859-3553,5150 Meadow Ln,Boise,ID,59068,US,corporate,2024-01-03,gold,
1067,Henry,Morales,henrymorales991@mail.com,(379) 695-7223,1061 River Rd,Los Angeles,CA,39468,US,consumer,2023-02-18,silver,
1068,Anthony,Lewis,anthony.lewis723@yahoo.com,(865) 401-6840,7526 Broadway,Richmond,VA,93707,US,consumer,2022-04-22,silver,
1069,Olivia,Myers,oliviamyers@icloud.com,(880) 233-7528,5399 Meadow Ln,Chicago,IL,18807,US,consumer,2023-11-26,gold,
1070,Stephen,Morgan,stephenmorgan@gmail.com,(657) 780-9567,4010 Lake Dr,Miami,FL,33944,US,consumer,2025-02-11,gold,
1071,Sandra,Ruiz,sandraruiz@aol.com,(765) 484-2496,1044 Laurel Ave,Boulder,CO,27373,US,consumer,2024-01-01,bronze,
1072,Joshua,Davis,joshua.davis349@mail.com,(675) 300-9797,5225 Birch St,Sacramento,CA,93087,US,consumer,2021-11-04,silver,
1073,Betty,Morris,betty.morris57@hotmail.com,(302) 755-4522,4915 Broadway,Richmond,VA,11258,US,consumer,2025-12-20,gold,
1074,Sharon,Anderson,sharonanderson896@hotmail.com,(803) 850-8475,4125 Cherry Ln,Los Angeles,CA,63368,US,consumer,2023-12-31,platinum,
1075,Paul,Murphy,paulmurphy436@mail.com,(726) 490-5909,8720 Park Ave,Tampa,FL,54714,US,home_office,2024-12-30,gold,
1076,Gregory,Bailey,gregorybailey40@yahoo.com,(974) 386-8988,5230 Laurel Ave,Los Angeles,CA,76787,US,consumer,2024-09-05,bronze,
1077,Amy,Lee,amy.lee9@aol.com,(296) 653-6610,3172 Cherry Ln,San Antonio,TX,24249,US,consumer,2021-12-11,bronze,
1078,Margaret,Flores,margaretflores427@mail.com,(305) 901-5916,9356 Walnut St,Seattle,WA,30263,US,corporate,2021-11-22,silver,
1079,Christopher,Harris,christopher_harris@outlook.com,(533) 728-8762,4414 Park Ave,Kansas City,MO,44452,US,consumer,2024-02-14,gold,
1080,Christina,Hill,christina_hill19@icloud.com,(963) 522-8368,6969 Broadway,Philadelphia,PA,61582,US,home_office,2025-08-25,silver,
1081,James,Ross,james_ross8@outlook.com,(667) 985-5492,3314 Washington Blvd,San Francisco,CA,96776,US,corporate,2024-10-06,silver,
1082,Donna,Mitchell,donna.mitchell42@icloud.com,(771) 773-4267,8241 Forest Ave,Seattle,WA,45908,US,consumer,2026-02-23,gold,
1083,Elizabeth,Young,elizabeth.young42@mail.com,(247) 999-7390,4094 Lake Dr,Richmond,VA,89522,US,consumer,2021-12-27,bronze,
1084,Timothy,Davis,timothy.davis8@aol.com,(750) 578-8178,1820 Sunset Blvd,Boston,MA,27600,US,home_office,2021-08-01,gold,
1085,Carol,Jimenez,caroljimenez@outlook.com,(803) 506-4276,7181 Park Ave,Buffalo,NY,52970,US,home_office,2023-01-16,silver,
1086,Anna,Ross,annaross670@aol.com,(906) 222-3301,5144 Spruce St,New York,NY,57347,US,consumer,2024-10-02,bronze,
1087,Catherine,Ramirez,catherine.ramirez@mail.com,(570) 541-4260,4184 Lincoln Ave,Tampa,FL,13032,US,corporate,2025-11-05,silver,
1088,Jessica,Chavez,jessica_chavez55@gmail.com,(741) 261-9392,266 Broadway,Charlotte,NC,67305,US,consumer,2025-03-15,gold,
1089,Nicholas,Adams,nicholasadams389@icloud.com,(849) 268-2237,9148 Cherry Ln,Buffalo,NY,24723,US,home_office,2021-12-15,bronze,
1090,Christopher,Rogers,christopher.rogers579@hotmail.com,(969) 274-8060,7631 Forest Ave,Atlanta,GA,29949,US,consumer,2023-11-04,bronze,
1091,Elizabeth,White,elizabethwhite74@protonmail.com,(221) 611-5813,6389 Main St,Los Angeles,CA,11119,US,home_office,2021-05-17,platinum,
1092,Carol,Diaz,carol.diaz@icloud.com,(745) 668-4282,9452 Pine St,Nashville,TN,34752,US,corporate,2023-08-11,bronze,
1093,Anthony,Flores,anthony.flores126@gmail.com,(998) 330-9848,1135 River Rd,Nashville,TN,51331,US,corporate,2022-09-07,silver,
1094,Raymond,Clark,raymond.clark39@aol.com,(438) 422-6821,2250 Laurel Ave,San Francisco,CA,67624,US,corporate,2023-09-05,silver,
1095,Adam,Carter,adam.carter988@hotmail.com,(589) 250-8320,6541 Washington Blvd,Raleigh,NC,36952,US,consumer,2021-10-25,silver,
1096,Emma,Thomas,emma.thomas618@yahoo.com,(366) 974-4434,8014 Willow Way,Springfield,IL,89278,US,consumer,2024-11-25,silver,
1097,Catherine,Green,catherine_green@icloud.com,(689) 461-9335,7487 Main St,Springfield,IL,10951,US,consumer,2023-04-17,bronze,
1098,Aaron,Turner,aaron_turner13@aol.com,(266) 644-5926,1384 Ridge Rd,Portland,OR,94355,US,consumer,2021-08-27,silver,
1099,Peter,Stewart,peter.stewart847@icloud.com,(246) 344-5079,9251 Main St,San Antonio,TX,26770,US,corporate,2022-06-12,bronze,
1100,Karen,Moore,karenmoore@gmail.com,(810) 414-5801,6798 Hickory Dr,Charlotte,NC,30641,US,consumer,2021-09-02,silver,
1101,Daniel,Thompson,danielthompson859@outlook.com,(573) 312-3660,8152 Washington Blvd,San Francisco,CA,50116,US,consumer,2025-11-27,bronze,
1102,Benjamin,Mitchell,benjamin_mitchell@gmail.com,(539) 229-8708,2365 Poplar St,San Diego,CA,63432,US,home_office,2024-04-18,silver,
1103,Anna,Carter,annacarter@outlook.com,(302) 215-6712,1510 High St,Portland,OR,18693,US,home_office,2025-12-17,bronze,
1104,Jacob,Reyes,jacob_reyes@gmail.com,(518) 687-8692,2101 River Rd,Tampa,FL,96032,US,home_office,2022-03-24,bronze,
1105,George,Ward,georgeward92@mail.com,(966) 784-4215,3594 Meadow Ln,Houston,TX,27014,US,home_office,2024-07-11,bronze,
1106,Mark,James,mark.james197@protonmail.com,(489) 829-2724,3707 Lake Dr,Miami,FL,34199,US,consumer,2024-08-23,bronze,
1107,Kevin,Price,kevin_price704@aol.com,(978) 334-6373,6141 Walnut St,Las Vegas,NV,29034,US,consumer,2022-06-30,gold,
1108,Jack,Jones,jackjones@hotmail.com,(386) 214-3342,3897 Elm St,San Diego,CA,62004,US,corporate,2023-05-16,bronze,
1109,Mary,Kelly,mary_kelly62@hotmail.com,(843) 791-7646,3520 Forest Ave,Raleigh,NC,91436,US,corporate,2025-09-19,platinum,
1110,Anna,Cruz,anna.cruz386@icloud.com,(545) 390-5182,7985 Cherry Ln,Minneapolis,MN,81945,US,consumer,2022-12-20,platinum,
1111,Raymond,Gonzalez,raymondgonzalez881@aol.com,(264) 574-7988,8902 Pine St,San Francisco,CA,22397,US,home_office,2024-08-05,silver,
1112,Ryan,Anderson,ryan.anderson71@outlook.com,(555) 514-8414,9066 Maple Dr,Las Vegas,NV,76155,US,consumer,2023-07-11,bronze,
1113,Ronald,Rogers,ronald.rogers960@hotmail.com,(994) 217-4255,8612 Lincoln Ave,Nashville,TN,29892,US,consumer,2022-07-30,bronze,
1114,Henry,Ortiz,henryortiz919@icloud.com,(752) 435-9697,6136 Elm St,Austin,TX,23125,US,corporate,2022-09-15,gold,
1115,Samantha,Brooks,samanthabrooks963@outlook.com,(753) 824-7947,4562 Oak Ave,Boulder,CO,62543,US,corporate,2021-10-17,bronze,
1116,Deborah,Gutierrez,deborah_gutierrez61@outlook.com,(938) 507-1005,4118 Chestnut St,New York,NY,82844,US,corporate,2022-04-06,bronze,
1117,Anthony,Sanders,anthonysanders@protonmail.com,(343) 347-8879,3973 Church St,Austin,TX,30898,US,consumer,2024-01-09,silver,
1118,Ronald,Ramos,ronald.ramos32@yahoo.com,(431) 482-3300,2023 Willow Way,Indianapolis,IN,86798,US,home_office,2023-08-01,gold,
1119,Anthony,Cruz,anthony.cruz87@gmail.com,(852) 320-9529,8590 Cedar Ln,Philadelphia,PA,92384,US,consumer,2025-04-11,gold,
1120,Jacob,Robinson,jacobrobinson@mail.com,(357) 272-6593,672 Church St,Atlanta,GA,43482,US,consumer,2021-12-04,bronze,
1121,Benjamin,Reyes,benjamin_reyes272@mail.com,(976) 498-4680,1452 Willow Way,Chicago,IL,89077,US,home_office,2023-05-28,silver,
1122,Henry,Campbell,henry.campbell606@protonmail.com,(631) 258-2723,4520 Laurel Ave,Atlanta,GA,42986,US,home_office,2021-12-20,bronze,
1123,Kevin,Turner,kevinturner@gmail.com,(303) 930-8955,9598 Sunset Blvd,Miami,FL,39017,US,home_office,2024-03-17,bronze,
1124,Sharon,Bennett,sharon_bennett899@mail.com,(774) 821-7157,690 Lincoln Ave,Columbus,OH,24129,US,home_office,2024-11-16,gold,
1125,Olivia,Chavez,olivia.chavez@hotmail.com,(569) 794-7911,654 Spring St,Indianapolis,IN,94815,US,corporate,2021-05-01,bronze,
1126,Joyce,Collins,joycecollins67@protonmail.com,(885) 226-4539,396 Ridge Rd,San Antonio,TX,53117,US,corporate,2025-05-31,bronze,
1127,Donna,Evans,donna.evans94@icloud.com,(899) 552-6773,4533 Forest Ave,Miami,FL,16265,US,consumer,2024-09-24,bronze,
1128,Ryan,Hughes,ryanhughes@hotmail.com,(771) 989-9966,6576 Cherry Ln,Detroit,MI,55683,US,consumer,2022-11-26,gold,
1129,Nathan,Murphy,nathan.murphy460@hotmail.com,(524) 513-2659,6653 River Rd,Buffalo,NY,91500,US,consumer,2026-03-06,gold,
1130,Samantha,White,samantha_white371@mail.com,(559) 545-8172,2609 Elm St,Charlotte,NC,52304,US,consumer,2024-10-16,silver,
1131,Joseph,Harris,josephharris618@aol.com,(974) 773-9818,6521 Lincoln Ave,San Antonio,TX,19952,US,corporate,2025-09-16,gold,
1132,Barbara,Lopez,barbaralopez997@protonmail.com,(469) 349-6573,6501 Pine St,Nashville,TN,60494,US,consumer,2025-11-15,bronze,
1133,Nathan,Patel,nathan_patel@icloud.com,(430) 653-1668,8979 Pine St,Miami,FL,97493,US,consumer,2025-02-16,silver,
1134,Patricia,Murphy,patricia.murphy@hotmail.com,(650) 863-4538,204 Hill Rd,Dallas,TX,41939,US,consumer,2026-03-26,bronze,
1135,Joyce,Ward,joyce_ward524@hotmail.com,(622) 390-9496,9429 Laurel Ave,Indianapolis,IN,60738,US,corporate,2022-08-15,bronze,
1136,Alexander,Campbell,alexander_campbell56@hotmail.com,(527) 753-6850,2204 River Rd,New York,NY,42361,US,consumer,2025-09-02,silver,
1137,Justin,Taylor,justin.taylor65@icloud.com,(307) 818-4732,9078 Hickory Dr,Nashville,TN,39355,US,home_office,2024-04-12,platinum,
1138,Paul,Kelly,paul.kelly59@mail.com,(805) 646-2059,363 Valley Rd,Austin,TX,68781,US,consumer,2025-01-18,bronze,
1139,Katherine,Davis,katherine_davis988@outlook.com,(265) 898-6806,4524 Broadway,New York,NY,43031,US,consumer,2023-09-03,bronze,
1140,Carolyn,Kim,carolyn_kim@protonmail.com,(420) 877-8407,8822 Chestnut St,Philadelphia,PA,98430,US,corporate,2022-10-01,bronze,
1141,Kevin,Robinson,kevinrobinson@icloud.com,(206) 824-1867,9625 Cedar Ln,Nashville,TN,19307,US,home_office,2024-12-26,bronze,
1142,David,Ortiz,david_ortiz265@hotmail.com,(454) 815-3938,484 Ridge Rd,San Antonio,TX,74877,US,consumer,2023-07-18,platinum,
1143,Kevin,Lopez,kevin.lopez687@protonmail.com,(617) 590-8772,5625 Elm St,Houston,TX,22564,US,corporate,2025-03-01,silver,
1144,Dorothy,Thompson,dorothythompson56@yahoo.com,(388) 466-7576,3714 Spring St,Boulder,CO,94833,US,corporate,2025-03-19,silver,
1145,Amanda,Edwards,amanda.edwards@gmail.com,(770) 260-7113,2761 Main St,Chicago,IL,79352,US,consumer,2026-02-01,gold,
1146,James,Adams,james_adams128@icloud.com,(271) 376-4088,2979 Valley Rd,Richmond,VA,38622,US,home_office,2024-04-21,bronze,
1147,Richard,Mendoza,richard.mendoza483@outlook.com,(651) 923-3908,2439 Hickory Dr,Boise,ID,68340,US,corporate,2023-07-27,silver,
1148,Helen,Jones,helenjones16@aol.com,(310) 557-3955,1634 Sunset Blvd,Austin,TX,35317,US,corporate,2022-12-05,silver,
1149,Karen,Ward,karen_ward774@protonmail.com,(658) 319-2072,4035 Spring St,Minneapolis,MN,28531,US,home_office,2022-05-17,silver,
1150,Jose,Morales,jose.morales52@gmail.com,(691) 875-2618,5252 Poplar St,Buffalo,NY,79119,US,home_office,2022-06-06,platinum,
1151,Pamela,Hughes,pamelahughes503@hotmail.com,(489) 528-3219,3245 Hill Rd,Raleigh,NC,92095,US,corporate,2023-02-07,gold,
1152,Stephanie,Parker,stephanie_parker@mail.com,(306) 529-8931,5012 Sunset Blvd,Columbus,OH,47643,US,home_office,2021-09-06,bronze,
1153,Shirley,Garcia,shirley.garcia414@outlook.com,(856) 521-1785,774 Hill Rd,San Francisco,CA,60449,US,corporate,2021-04-14,gold,
1154,Dorothy,Morgan,dorothy.morgan88@outlook.com,(720) 579-1732,1617 Forest Ave,Seattle,WA,34340,US,corporate,2022-04-08,bronze,
1155,Carolyn,Green,carolyn.green92@hotmail.com,(784) 855-1255,6251 Washington Blvd,San Diego,CA,25247,US,corporate,2021-11-11,bronze,
1156,James,Walker,jameswalker43@hotmail.com,(580) 611-1733,2322 Lincoln Ave,Dallas,TX,42266,US,corporate,2025-06-07,bronze,
1157,Christine,King,christine_king684@aol.com,(409) 869-5466,168 High St,Kansas City,MO,64216,US,consumer,2024-04-01,bronze,
1158,Emily,Harris,emily_harris@protonmail.com,(242) 912-8358,3654 Maple Dr,Houston,TX,93571,US,home_office,2024-09-24,silver,
1159,Joseph,Lee,joseph_lee287@icloud.com,(371) 957-5202,4667 Valley Rd,Indianapolis,IN,47544,US,home_office,2022-08-24,silver,
1160,Joyce,Reed,joyce_reed@protonmail.com,(406) 288-9158,2083 Meadow Ln,Boulder,CO,14678,US,consumer,2022-11-24,platinum,
1161,Kathleen,Wilson,kathleen.wilson30@outlook.com,(285) 980-2104,7143 Lincoln Ave,Miami,FL,58614,US,home_office,2021-11-02,silver,
1162,Jack,Jackson,jack_jackson@hotmail.com,(986) 415-6208,9320 Main St,San Diego,CA,30016,US,consumer,2025-09-12,silver,
1163,Henry,Allen,henry.allen@gmail.com,(600) 589-3508,8284 Maple Dr,Boston,MA,39522,US,consumer,2025-07-13,bronze,
1164,Benjamin,Harris,benjamin_harris85@gmail.com,(651) 271-5026,9124 Elm St,Boston,MA,28790,US,corporate,2023-12-14,bronze,
1165,Kenneth,Davis,kenneth.davis88@gmail.com,(833) 937-3783,6069 Oak Ave,Detroit,MI,28807,US,consumer,2024-08-26,silver,
1166,Debra,Robinson,debra.robinson103@gmail.com,(596) 987-2960,577 Broadway,Portland,OR,81510,US,home_office,2023-07-19,silver,
1167,Robert,Wood,robert_wood74@aol.com,(902) 830-7336,3894 Walnut St,Raleigh,NC,74298,US,home_office,2023-03-28,gold,
1168,Steven,Hall,stevenhall@mail.com,(749) 568-4667,4700 Ridge Rd,Dallas,TX,32852,US,corporate,2024-08-27,bronze,
1169,Steven,Lee,steven_lee95@aol.com,(347) 243-8535,8872 Spruce St,Kansas City,MO,39751,US,consumer,2025-02-11,bronze,
1170,Thomas,Watson,thomas_watson27@protonmail.com,(671) 951-8410,6365 Forest Ave,Raleigh,NC,57652,US,consumer,2022-10-06,silver,
1171,Carol,Bennett,carol_bennett840@hotmail.com,(451) 422-4128,5955 Laurel Ave,Boulder,CO,70735,US,corporate,2025-10-27,bronze,
1172,Henry,Ross,henry_ross48@hotmail.com,(602) 344-8704,8894 Ridge Rd,Chicago,IL,69286,US,home_office,2024-03-01,bronze,
1173,Kelly,Jimenez,kellyjimenez@hotmail.com,(545) 764-3567,8479 High St,Columbus,OH,33634,US,corporate,2023-02-05,gold,
1174,Patricia,Ruiz,patricia.ruiz681@outlook.com,(479) 963-3553,9422 Birch St,Indianapolis,IN,35927,US,consumer,2023-08-21,bronze,
1175,Edward,Green,edward_green988@outlook.com,(980) 698-6180,1591 Birch St,San Diego,CA,18566,US,corporate,2022-01-08,silver,
1176,Robert,Johnson,robert.johnson@icloud.com,(565) 407-3467,5040 Hickory Dr,Seattle,WA,18653,US,corporate,2024-03-17,bronze,
1177,Helen,Green,helengreen58@outlook.com,(496) 510-2662,2491 Elm St,Austin,TX,64419,US,corporate,2023-07-13,bronze,
1178,Jonathan,Richardson,jonathan_richardson675@mail.com,(916) 487-5086,2403 Poplar St,Springfield,IL,68314,US,consumer,2022-09-19,bronze,
1179,Dennis,Garcia,dennis.garcia49@mail.com,(374) 985-1326,7225 Broadway,Charlotte,NC,84961,US,corporate,2024-04-01,gold,
1180,Laura,Williams,laura_williams86@icloud.com,(287) 578-2128,2211 Lincoln Ave,San Antonio,TX,49335,US,corporate,2023-10-10,bronze,
1181,Lauren,Martin,lauren.martin301@icloud.com,(499) 928-2361,9877 Birch St,Nashville,TN,74847,US,home_office,2024-05-27,gold,
1182,Helen,Ramos,helen_ramos22@hotmail.com,(725) 486-9526,8022 River Rd,San Francisco,CA,31873,US,consumer,2025-09-09,bronze,
1183,Katherine,Walker,katherinewalker40@protonmail.com,(545) 241-5470,1315 River Rd,Salt Lake City,UT,82256,US,corporate,2023-07-21,gold,
1184,Thomas,Richardson,thomas.richardson@aol.com,(589) 404-8702,6364 Oak Ave,Columbus,OH,98067,US,home_office,2025-03-20,bronze,
1185,Rachel,Carter,rachel_carter922@protonmail.com,(616) 924-6605,5673 Willow Way,Houston,TX,44286,US,consumer,2023-11-04,silver,
1186,Matthew,Morales,matthew_morales35@yahoo.com,(882) 526-9336,377 Birch St,Springfield,IL,26846,US,home_office,2023-01-25,silver,
1187,Ashley,Martinez,ashley.martinez@hotmail.com,(997) 289-2235,221 Willow Way,Los Angeles,CA,54713,US,corporate,2025-12-13,platinum,
1188,Elizabeth,Martin,elizabethmartin81@icloud.com,(880) 308-2998,2273 Washington Blvd,Sacramento,CA,20637,US,consumer,2024-05-23,bronze,
1189,Barbara,Alvarez,barbara.alvarez543@hotmail.com,(415) 251-2301,5250 Ridge Rd,Columbus,OH,79380,US,consumer,2021-06-06,bronze,
1190,Jacob,Sanchez,jacobsanchez719@outlook.com,(680) 494-2003,3030 Meadow Ln,Raleigh,NC,10827,US,corporate,2021-04-06,bronze,
1191,Daniel,Sanchez,daniel_sanchez999@hotmail.com,(916) 326-2241,3065 Spruce St,Boulder,CO,52127,US,consumer,2022-12-28,gold,
1192,Christopher,Gomez,christophergomez403@protonmail.com,(718) 855-5676,6989 Lake Dr,Seattle,WA,55188,US,corporate,2022-02-08,silver,
1193,Shirley,Smith,shirleysmith88@outlook.com,(266) 263-2028,5640 Laurel Ave,Richmond,VA,17917,US,consumer,2024-12-10,gold,
1194,Dennis,Parker,dennis.parker882@mail.com,(212) 962-2445,9637 Cherry Ln,Detroit,MI,57379,US,corporate,2022-10-17,bronze,
1195,Gregory,Rodriguez,gregoryrodriguez34@mail.com,(566) 960-8871,8188 Hill Rd,Charlotte,NC,74105,US,consumer,2025-08-19,bronze,
1196,Anna,Myers,anna.myers@gmail.com,(907) 561-7713,7564 River Rd,Salt Lake City,UT,62853,US,home_office,2023-07-05,bronze,
1197,Virginia,Reyes,virginia_reyes245@protonmail.com,(629) 225-3284,6250 Spruce St,Detroit,MI,92862,US,home_office,2022-08-19,platinum,
1198,Stephanie,Campbell,stephanie.campbell910@outlook.com,(354) 807-4013,1554 Main St,Seattle,WA,61287,US,home_office,2024-04-10,silver,
1199,Karen,Wright,karen_wright26@protonmail.com,(362) 510-5549,3113 Sunset Blvd,Portland,OR,89537,US,corporate,2025-09-09,platinum,
1200,Sharon,Parker,sharon.parker@icloud.com,(308) 268-6296,9959 Hill Rd,Milwaukee,WI,28543,US,consumer,2024-01-21,bronze,
1201,Eric,Murphy,eric.murphy@aol.com,(846) 362-6547,7029 Lincoln Ave,Philadelphia,PA,25970,US,corporate,2021-10-21,silver,
1202,Thomas,Ortiz,thomas_ortiz44@outlook.com,(578) 778-8758,291 Forest Ave,New York,NY,58497,US,consumer,2023-01-22,silver,
1203,Ashley,Clark,ashley_clark89@mail.com,(487) 768-6582,3185 Laurel Ave,Minneapolis,MN,26663,US,consumer,2023-06-14,bronze,
1204,Tyler,Watson,tylerwatson825@hotmail.com,(455) 700-8696,5136 Meadow Ln,San Francisco,CA,22528,US,consumer,2022-05-09,gold,
1205,Dennis,Jackson,dennisjackson183@mail.com,(673) 817-5358,7365 Church St,New York,NY,35320,US,consumer,2024-05-01,platinum,
1206,Carolyn,Jackson,carolyn_jackson@hotmail.com,(848) 203-6361,7907 Valley Rd,Nashville,TN,29152,US,corporate,2022-09-18,gold,
1207,Kenneth,Morales,kenneth_morales@hotmail.com,(811) 819-2972,993 Willow Way,Boston,MA,35551,US,corporate,2025-01-21,gold,
1208,Aaron,Cook,aaron_cook32@protonmail.com,(917) 211-5885,3347 Pine St,Tampa,FL,48810,US,consumer,2024-08-18,bronze,
1209,Patricia,Wood,patriciawood@icloud.com,(676) 994-3418,6260 Valley Rd,Raleigh,NC,30575,US,consumer,2022-10-29,bronze,
1210,Jeffrey,Ross,jeffrey_ross14@aol.com,(402) 923-8427,2669 Broadway,Boston,MA,26847,US,home_office,2024-08-15,platinum,
1211,Robert,Thomas,robert.thomas42@icloud.com,(345) 522-7144,7115 Ridge Rd,San Francisco,CA,52452,US,consumer,2023-05-03,bronze,
1212,Daniel,Adams,danieladams135@aol.com,(531) 779-1645,916 Willow Way,Boise,ID,27284,US,consumer,2021-07-26,gold,
1213,David,Rodriguez,david.rodriguez204@outlook.com,(930) 440-2505,5851 River Rd,Charlotte,NC,20637,US,consumer,2022-12-19,gold,
1214,Amanda,Long,amanda.long510@gmail.com,(737) 626-7487,8981 Hickory Dr,Dallas,TX,21727,US,corporate,2023-04-19,silver,
1215,Laura,Lee,laura.lee98@hotmail.com,(445) 257-1396,3695 Sunset Blvd,Sacramento,CA,15556,US,corporate,2025-05-11,platinum,
1216,Mark,Ross,mark.ross@icloud.com,(530) 596-7484,8360 Cherry Ln,San Francisco,CA,47963,US,consumer,2021-07-14,bronze,
1217,Patricia,Bennett,patriciabennett524@yahoo.com,(241) 404-1589,3761 Broadway,Seattle,WA,74417,US,consumer,2022-08-08,bronze,
1218,Brian,Hughes,brian.hughes476@outlook.com,(606) 417-3494,4611 Lake Dr,Los Angeles,CA,82910,US,corporate,2026-02-28,bronze,
1219,Angela,Roberts,angela.roberts872@aol.com,(542) 400-6358,6433 Cedar Ln,Tampa,FL,95257,US,corporate,2021-05-16,silver,
1220,Laura,Brown,laura_brown767@protonmail.com,(409) 389-2846,6349 Birch St,San Diego,CA,23989,US,consumer,2023-07-02,bronze,
1221,Betty,Ross,bettyross95@hotmail.com,(807) 510-6913,891 Ridge Rd,Salt Lake City,UT,92066,US,home_office,2024-12-15,bronze,
1222,Larry,Allen,larry.allen66@gmail.com,(421) 385-6471,8186 Willow Way,Seattle,WA,60930,US,consumer,2024-08-22,gold,
1223,Ryan,Gomez,ryangomez97@mail.com,(774) 811-5675,1273 Lincoln Ave,Miami,FL,24058,US,consumer,2023-12-08,platinum,
1224,Joyce,Brown,joycebrown@aol.com,(200) 510-8291,9308 Elm St,Columbus,OH,22744,US,home_office,2023-11-16,bronze,
1225,Melissa,Ramirez,melissaramirez533@icloud.com,(277) 486-7840,4874 Cherry Ln,San Francisco,CA,14586,US,consumer,2025-05-25,bronze,
1226,Joshua,Jackson,joshua_jackson@yahoo.com,(851) 962-1497,2861 Main St,Milwaukee,WI,24756,US,corporate,2023-07-24,platinum,
1227,Patrick,Walker,patrick_walker811@aol.com,(476) 223-8859,2512 Washington Blvd,New York,NY,18540,US,consumer,2022-06-23,bronze,
1228,Gregory,Carter,gregory.carter5@mail.com,(622) 379-1217,1033 Cherry Ln,San Diego,CA,46808,US,consumer,2022-09-18,bronze,
1229,Patrick,Morris,patrick.morris124@aol.com,(392) 440-8339,723 Spruce St,Los Angeles,CA,83821,US,home_office,2022-08-24,bronze,
1230,Brenda,Hughes,brenda_hughes832@gmail.com,(493) 572-2448,7476 Hickory Dr,Charlotte,NC,71928,US,consumer,2025-04-21,silver,
1231,Christopher,Mitchell,christophermitchell843@outlook.com,(528) 952-6681,2851 Broadway,Kansas City,MO,62662,US,home_office,2025-07-19,bronze,
1232,Cynthia,Hall,cynthia_hall933@mail.com,(891) 755-7681,7074 Maple Dr,Charlotte,NC,88925,US,consumer,2025-07-08,platinum,
1233,Victoria,Moore,victoria_moore46@mail.com,(971) 752-3691,5628 Meadow Ln,San Diego,CA,91928,US,consumer,2022-09-22,silver,
1234,Scott,Baker,scottbaker951@outlook.com,(787) 342-4372,1340 Hickory Dr,Indianapolis,IN,64916,US,consumer,2025-05-17,silver,
1235,Nicholas,Cooper,nicholas.cooper206@gmail.com,(460) 763-3698,5487 Sunset Blvd,Portland,OR,25325,US,corporate,2021-04-16,bronze,
1236,Janet,Mitchell,janetmitchell635@protonmail.com,(424) 790-6752,1744 Park Ave,Kansas City,MO,93947,US,consumer,2025-08-12,silver,
1237,Karen,Ruiz,karen.ruiz100@yahoo.com,(707) 347-2183,3963 Cherry Ln,Philadelphia,PA,63230,US,home_office,2021-11-29,silver,
1238,Julie,Clark,julieclark@gmail.com,(216) 231-5846,3393 Elm St,Springfield,IL,99192,US,consumer,2024-08-13,gold,
1239,David,Allen,david_allen16@protonmail.com,(210) 914-5918,6353 Spring St,Minneapolis,MN,37321,US,home_office,2023-09-29,gold,
1240,Jason,Richardson,jasonrichardson750@gmail.com,(895) 703-1516,5237 Spring St,Richmond,VA,14068,US,consumer,2024-10-16,silver,
1241,Rachel,Stewart,rachel_stewart@protonmail.com,(905) 801-6751,448 Church St,Richmond,VA,15068,US,home_office,2023-05-01,platinum,
1242,Maria,Lopez,maria_lopez@yahoo.com,(451) 941-2540,6224 Willow Way,Salt Lake City,UT,54221,US,corporate,2026-03-08,gold,
1243,Nicole,Stewart,nicole.stewart417@mail.com,(421) 828-7727,169 Walnut St,Chicago,IL,26827,US,corporate,2023-03-06,gold,
1244,Henry,Gray,henry.gray@outlook.com,(674) 481-7359,4149 Broadway,Sacramento,CA,25423,US,home_office,2026-01-18,bronze,
1245,Gary,Thompson,gary_thompson@gmail.com,(497) 815-6429,1797 Walnut St,Las Vegas,NV,30289,US,corporate,2021-07-24,bronze,
1246,Betty,Morris,betty_morris32@outlook.com,(991) 585-1718,2993 Park Ave,Philadelphia,PA,54573,US,corporate,2025-08-21,bronze,
1247,Nathan,Murphy,nathan.murphy555@yahoo.com,(303) 368-3280,9916 Broadway,Houston,TX,13103,US,consumer,2024-11-13,silver,
1248,Amy,Campbell,amycampbell121@icloud.com,(850) 756-2742,7761 Oak Ave,Kansas City,MO,46556,US,consumer,2025-05-16,silver,
1249,Brenda,Hughes,brenda_hughes@aol.com,(880) 566-8776,8309 Poplar St,Indianapolis,IN,41880,US,home_office,2022-05-02,silver,
1250,Jessica,Brown,jessica.brown@hotmail.com,(656) 875-9944,9132 Lake Dr,Charlotte,NC,72636,US,corporate,2022-04-29,gold,
1251,Diane,James,diane.james@gmail.com,(437) 407-3414,2183 Willow Way,Philadelphia,PA,61211,US,corporate,2024-04-03,gold,
1252,Melissa,Davis,melissadavis215@aol.com,(799) 743-1145,2246 River Rd,Philadelphia,PA,41939,US,consumer,2023-12-04,platinum,
1253,Aaron,Ramirez,aaron.ramirez85@mail.com,(419) 301-3824,9061 Ridge Rd,Columbus,OH,92186,US,consumer,2025-05-15,bronze,
1254,Joyce,Martinez,joyce.martinez230@outlook.com,(978) 269-8826,1190 Broadway,Boise,ID,31591,US,consumer,2024-05-01,silver,
1255,Benjamin,Long,benjamin_long@aol.com,(616) 261-8075,5251 Cherry Ln,San Diego,CA,61724,US,corporate,2022-01-22,bronze,
1256,Matthew,Bennett,matthewbennett48@hotmail.com,(966) 330-8853,6661 Ridge Rd,Boise,ID,93275,US,consumer,2023-12-28,bronze,
1257,Donald,Kim,donaldkim@protonmail.com,(814) 231-7837,9203 Maple Dr,New York,NY,29079,US,consumer,2021-09-25,bronze,
1258,Melissa,Scott,melissa_scott575@icloud.com,(510) 748-6359,7700 Meadow Ln,Philadelphia,PA,73935,US,consumer,2024-08-21,bronze,
1259,Dennis,Ruiz,dennisruiz673@outlook.com,(680) 545-2490,5611 Valley Rd,Richmond,VA,77763,US,consumer,2023-11-23,silver,
1260,Benjamin,Rodriguez,benjamin_rodriguez81@aol.com,(808) 725-4732,5312 Poplar St,Detroit,MI,41380,US,corporate,2022-02-09,gold,
1261,Matthew,Hall,matthew_hall25@protonmail.com,(485) 470-7944,2282 Birch St,Boulder,CO,48668,US,consumer,2024-02-27,bronze,
1262,Debra,Mendoza,debra_mendoza655@icloud.com,(409) 673-9521,1921 Willow Way,San Antonio,TX,48202,US,corporate,2021-12-15,gold,
1263,Anthony,Kim,anthonykim287@mail.com,(583) 451-7416,4436 Poplar St,Milwaukee,WI,84473,US,consumer,2026-01-04,silver,
1264,Jonathan,Baker,jonathan.baker@aol.com,(327) 585-7440,1091 Washington Blvd,Los Angeles,CA,43398,US,consumer,2021-04-07,bronze,
1265,Ryan,Peterson,ryanpeterson623@protonmail.com,(403) 472-1835,8021 Lincoln Ave,Las Vegas,NV,24166,US,consumer,2021-05-19,silver,
1266,Sharon,Roberts,sharon_roberts@yahoo.com,(570) 978-1892,1152 Lake Dr,San Diego,CA,24085,US,consumer,2025-07-10,bronze,
1267,Jonathan,Wright,jonathan.wright860@protonmail.com,(409) 240-1981,1826 River Rd,Los Angeles,CA,91836,US,consumer,2021-09-08,silver,
1268,Andrew,Parker,andrew.parker325@aol.com,(765) 562-4872,377 Valley Rd,Dallas,TX,86561,US,consumer,2021-09-23,silver,
1269,Maria,Lewis,maria.lewis308@gmail.com,(364) 293-5419,2041 Cedar Ln,Richmond,VA,42269,US,corporate,2025-09-01,bronze,
1270,Mark,Walker,mark_walker@hotmail.com,(486) 309-1051,5055 High St,Miami,FL,85974,US,consumer,2024-01-21,bronze,
1271,Nathan,Roberts,nathan_roberts@yahoo.com,(618) 929-8276,2464 Willow Way,Raleigh,NC,60393,US,corporate,2023-12-27,silver,
1272,Dennis,Carter,dennis.carter70@hotmail.com,(889) 703-8154,5277 Main St,Minneapolis,MN,75409,US,home_office,2022-06-29,platinum,
1273,Brandon,Roberts,brandon_roberts78@outlook.com,(920) 279-7187,6620 Washington Blvd,Austin,TX,38564,US,corporate,2025-10-24,bronze,
1274,Dorothy,Phillips,dorothy_phillips32@hotmail.com,(588) 814-8695,9230 Park Ave,San Francisco,CA,94603,US,consumer,2022-01-01,gold,
1275,Laura,Alvarez,laura.alvarez50@icloud.com,(590) 220-9043,7297 Poplar St,Las Vegas,NV,65592,US,consumer,2022-08-11,silver,
1276,Sharon,Allen,sharon_allen30@aol.com,(690) 361-3761,9593 Ridge Rd,Portland,OR,77786,US,consumer,2025-10-09,platinum,
1277,Shirley,Sanchez,shirley.sanchez@hotmail.com,(292) 924-3601,9058 Oak Ave,Buffalo,NY,42819,US,consumer,2023-02-05,gold,
1278,Shirley,Allen,shirley_allen@protonmail.com,(485) 390-4753,5106 Elm St,Kansas City,MO,78224,US,home_office,2026-03-29,silver,
1279,Sandra,Lopez,sandralopez686@outlook.com,(495) 761-8704,2752 Park Ave,Las Vegas,NV,12252,US,consumer,2024-02-16,silver,
1280,Nicole,Alvarez,nicole.alvarez@aol.com,(383) 746-3033,9068 Cherry Ln,Salt Lake City,UT,58356,US,consumer,2024-12-17,gold,
1281,Karen,Morgan,karen.morgan@icloud.com,(375) 984-5461,340 Meadow Ln,Boise,ID,76127,US,corporate,2024-01-20,bronze,
1282,Ronald,Moore,ronald.moore@outlook.com,(447) 823-7016,7577 Park Ave,Atlanta,GA,69630,US,corporate,2024-07-25,bronze,
1283,Alexander,Anderson,alexanderanderson265@gmail.com,(268) 586-3226,4706 Forest Ave,Los Angeles,CA,79323,US,corporate,2021-05-26,bronze,
1284,Gregory,Long,gregory_long654@protonmail.com,(737) 677-9514,9921 Broadway,Nashville,TN,63110,US,consumer,2022-09-29,gold,
1285,Shirley,Evans,shirley.evans65@outlook.com,(237) 411-2202,4890 Cedar Ln,Charlotte,NC,89219,US,consumer,2024-05-10,gold,
1286,Timothy,Carter,timothy_carter48@mail.com,(403) 968-1262,7136 Cherry Ln,Seattle,WA,93683,US,corporate,2026-03-27,bronze,
1287,Laura,Ramos,lauraramos18@protonmail.com,(450) 345-1268,7194 Lake Dr,Portland,OR,73802,US,consumer,2024-11-24,silver,
1288,Cynthia,Alvarez,cynthia_alvarez48@outlook.com,(625) 252-5020,1660 Hill Rd,Dallas,TX,59025,US,consumer,2021-05-06,silver,
1289,Brian,Reyes,brian_reyes84@yahoo.com,(812) 501-6812,9038 Sunset Blvd,Boise,ID,15311,US,consumer,2022-06-13,bronze,
1290,David,Rivera,david_rivera417@outlook.com,(211) 303-3391,982 Main St,Atlanta,GA,76782,US,consumer,2026-01-17,platinum,
1291,Benjamin,Gutierrez,benjamin_gutierrez4@icloud.com,(827) 671-6684,4669 Spring St,Detroit,MI,16673,US,consumer,2025-09-02,bronze,
1292,Justin,Thomas,justin_thomas98@gmail.com,(882) 998-9978,1103 Pine St,Boise,ID,59535,US,consumer,2022-11-16,bronze,
1293,Raymond,Alvarez,raymond_alvarez839@aol.com,(347) 345-4216,6290 Lake Dr,Buffalo,NY,61694,US,corporate,2025-08-18,silver,
1294,Jennifer,Garcia,jennifer_garcia@protonmail.com,(782) 398-7841,6995 Valley Rd,Dallas,TX,84473,US,corporate,2024-12-09,gold,
1295,Lauren,Clark,lauren.clark@aol.com,(944) 694-2082,7673 Poplar St,Portland,OR,31706,US,home_office,2025-10-20,bronze,
1296,Joseph,Hernandez,josephhernandez59@icloud.com,(680) 464-9977,5350 Meadow Ln,Minneapolis,MN,30394,US,consumer,2022-02-01,silver,
1297,Eric,Mendoza,eric_mendoza@hotmail.com,(222) 644-8919,5377 Meadow Ln,Atlanta,GA,49396,US,consumer,2025-07-06,silver,
1298,Patrick,Phillips,patrick.phillips76@yahoo.com,(351) 768-4663,4076 Forest Ave,Portland,OR,30087,US,consumer,2026-01-16,bronze,
1299,Rachel,Cooper,rachelcooper522@protonmail.com,(629) 780-6426,1330 Park Ave,Philadelphia,PA,31292,US,corporate,2022-12-10,bronze,
1300,Kathleen,James,kathleen.james41@protonmail.com,(642) 357-7786,502 River Rd,Milwaukee,WI,58546,US,corporate,2024-05-07,silver,
1301,Michelle,Walker,michelle_walker505@hotmail.com,(615) 640-4852,3986 Lincoln Ave,Boston,MA,31613,US,consumer,2025-01-25,bronze,
1302,Christopher,Kim,christopher_kim@yahoo.com,(284) 284-1139,8854 High St,Dallas,TX,74572,US,home_office,2022-03-23,platinum,
1303,Christina,Hughes,christinahughes@mail.com,(381) 233-3186,6010 Walnut St,Boston,MA,99871,US,consumer,2021-09-28,gold,
1304,Christine,Kelly,christine.kelly6@icloud.com,(302) 239-2349,4 Hickory Dr,San Diego,CA,35198,US,corporate,2025-01-09,platinum,
1305,Zachary,Gomez,zachary_gomez373@aol.com,(830) 738-2174,2272 Maple Dr,Boston,MA,70599,US,corporate,2025-11-25,bronze,
1306,Joyce,King,joyce.king894@yahoo.com,(708) 821-4666,525 Church St,Boston,MA,54388,US,home_office,2021-06-07,platinum,
1307,Frank,Stewart,frank_stewart46@aol.com,(869) 922-7571,3853 Birch St,Kansas City,MO,50543,US,corporate,2022-01-17,silver,
1308,Anthony,Walker,anthony_walker@gmail.com,(281) 260-2928,1765 Forest Ave,Dallas,TX,26529,US,home_office,2023-02-21,bronze,
1309,Patrick,Martinez,patrick_martinez440@icloud.com,(793) 444-8890,6716 Cedar Ln,Las Vegas,NV,94451,US,consumer,2021-09-28,bronze,
1310,Janet,Ramos,janet_ramos91@gmail.com,(572) 360-7402,5654 Maple Dr,Boulder,CO,16411,US,home_office,2025-04-29,bronze,
1311,Olivia,Allen,olivia_allen24@mail.com,(874) 607-6301,2178 Hickory Dr,Raleigh,NC,52848,US,consumer,2022-06-08,silver,
1312,Raymond,Green,raymondgreen@outlook.com,(456) 625-2527,5482 Pine St,Richmond,VA,15508,US,home_office,2025-04-27,silver,
1313,Donald,Rogers,donaldrogers@outlook.com,(627) 239-1151,5620 Birch St,Charlotte,NC,90593,US,corporate,2025-11-30,bronze,
1314,Amanda,Smith,amanda.smith890@hotmail.com,(416) 351-6447,4481 Meadow Ln,Boise,ID,61208,US,home_office,2023-10-01,silver,
1315,Emma,Ward,emmaward545@gmail.com,(665) 936-9964,8828 Cherry Ln,Boston,MA,69826,US,consumer,2025-07-06,bronze,
1316,Andrew,Nelson,andrew.nelson703@yahoo.com,(685) 627-8594,5164 Hickory Dr,Portland,OR,87449,US,corporate,2021-06-05,silver,
1317,Laura,King,laura_king@hotmail.com,(884) 793-5163,4348 Main St,Indianapolis,IN,79565,US,corporate,2024-02-09,bronze,
1318,Jennifer,Lewis,jennifer_lewis@protonmail.com,(248) 277-5483,268 Meadow Ln,Kansas City,MO,93888,US,corporate,2025-09-22,gold,
1319,Jerry,Kim,jerrykim608@hotmail.com,(746) 877-5711,3848 Poplar St,Springfield,IL,60990,US,consumer,2022-04-19,gold,
1320,Patrick,Nelson,patrick.nelson@gmail.com,(901) 639-2305,4024 Sunset Blvd,Minneapolis,MN,12711,US,consumer,2025-09-25,silver,
1321,Thomas,Myers,thomasmyers273@aol.com,(887) 463-7808,6987 Washington Blvd,Austin,TX,31483,US,consumer,2025-07-31,bronze,
1322,Richard,Ross,richard_ross655@yahoo.com,(278) 359-2989,3925 Maple Dr,Los Angeles,CA,45396,US,consumer,2021-05-09,bronze,
1323,Joseph,Ross,joseph_ross224@mail.com,(723) 325-8884,1365 Spring St,Atlanta,GA,22062,US,home_office,2024-10-30,gold,
1324,Daniel,Roberts,daniel.roberts356@gmail.com,(835) 984-2415,2659 Pine St,New York,NY,54839,US,consumer,2023-07-01,bronze,
1325,Eric,Ruiz,ericruiz590@icloud.com,(230) 548-7377,1697 Birch St,Las Vegas,NV,77163,US,home_office,2022-11-23,bronze,
1326,Margaret,Perez,margaret.perez80@yahoo.com,(962) 432-9099,6346 River Rd,Salt Lake City,UT,94217,US,consumer,2025-09-07,bronze,
1327,Betty,Garcia,betty.garcia@icloud.com,(217) 880-7103,6809 Willow Way,Minneapolis,MN,10974,US,consumer,2023-05-25,silver,
1328,Henry,Reyes,henry.reyes@yahoo.com,(807) 339-8756,9070 Valley Rd,Richmond,VA,54656,US,corporate,2024-12-20,silver,
1329,Helen,Jones,helenjones41@protonmail.com,(500) 239-2746,4919 Walnut St,Sacramento,CA,27946,US,corporate,2024-07-25,gold,
1330,Jose,Carter,jose.carter36@yahoo.com,(743) 572-2230,5053 Willow Way,Richmond,VA,49298,US,consumer,2023-01-31,bronze,
1331,Robert,Brown,robert_brown289@yahoo.com,(340) 737-2640,1858 Cedar Ln,Charlotte,NC,44629,US,corporate,2024-09-18,bronze,
1332,Kenneth,Thomas,kenneth.thomas317@yahoo.com,(437) 250-5530,9015 Cherry Ln,Philadelphia,PA,80950,US,corporate,2024-04-01,gold,
1333,Ruth,Alvarez,ruthalvarez991@aol.com,(765) 873-5874,6614 Cherry Ln,Chicago,IL,15339,US,consumer,2022-07-23,gold,
1334,Lauren,Turner,lauren.turner85@gmail.com,(340) 270-2545,1751 Laurel Ave,Los Angeles,CA,72518,US,home_office,2022-10-13,bronze,
1335,Jacob,Campbell,jacob_campbell70@outlook.com,(805) 774-5056,5474 Elm St,Buffalo,NY,34265,US,home_office,2021-07-10,silver,
1336,Rachel,Wilson,rachelwilson@outlook.com,(373) 955-9350,6684 Main St,Miami,FL,99313,US,corporate,2022-08-27,bronze,
1337,Peter,Wright,peterwright@mail.com,(760) 443-1972,3458 Lincoln Ave,Las Vegas,NV,97409,US,consumer,2026-02-13,platinum,
1338,Matthew,Ortiz,matthew_ortiz45@protonmail.com,(792) 494-5413,2043 Chestnut St,Miami,FL,65079,US,corporate,2021-09-23,bronze,
1339,Samuel,Cox,samuel_cox1@hotmail.com,(964) 459-3100,9507 Cedar Ln,San Antonio,TX,97952,US,consumer,2021-11-24,platinum,
1340,Thomas,Alvarez,thomas.alvarez355@gmail.com,(948) 273-7467,3574 Lake Dr,Houston,TX,24760,US,consumer,2023-09-27,silver,
1341,James,Wood,james.wood213@gmail.com,(623) 309-6592,7325 Pine St,Seattle,WA,29265,US,consumer,2024-03-18,silver,
1342,Virginia,Mitchell,virginia_mitchell487@aol.com,(654) 879-4302,3388 Church St,Dallas,TX,56291,US,consumer,2024-04-27,bronze,
1343,Virginia,Bennett,virginiabennett32@aol.com,(647) 250-5130,7100 Forest Ave,Los Angeles,CA,30788,US,home_office,2023-08-19,silver,
1344,Tyler,Davis,tylerdavis59@hotmail.com,(623) 313-5705,4644 Lake Dr,Dallas,TX,33207,US,corporate,2022-08-08,silver,
1345,Jerry,Johnson,jerry_johnson@mail.com,(556) 510-4675,3292 Chestnut St,Raleigh,NC,46125,US,corporate,2023-11-03,bronze,
1346,Deborah,Wright,deborah.wright62@outlook.com,(217) 999-4840,6301 Park Ave,Richmond,VA,82318,US,consumer,2025-06-16,silver,
1347,Samuel,Jackson,samuel.jackson35@aol.com,(906) 301-5453,6615 Main St,Philadelphia,PA,18253,US,consumer,2023-04-25,platinum,
1348,Victoria,Wilson,victoria.wilson@outlook.com,(842) 708-9656,2443 Main St,Los Angeles,CA,52909,US,consumer,2024-11-11,silver,
1349,Rebecca,Reed,rebecca_reed@outlook.com,(311) 950-6019,4116 Chestnut St,Las Vegas,NV,45643,US,home_office,2021-10-28,gold,
1350,Betty,Watson,betty_watson962@icloud.com,(298) 589-8730,4013 River Rd,Boulder,CO,16003,US,consumer,2024-05-21,bronze,
1351,Dorothy,Stewart,dorothy.stewart69@hotmail.com,(641) 775-1269,1691 Broadway,New York,NY,27956,US,home_office,2024-09-04,silver,
1352,Edward,Garcia,edward.garcia522@yahoo.com,(305) 897-9987,2224 Park Ave,Raleigh,NC,38119,US,corporate,2025-09-04,bronze,
1353,Melissa,Gonzalez,melissa.gonzalez111@protonmail.com,(323) 487-8370,1532 River Rd,Seattle,WA,41025,US,consumer,2025-11-05,silver,
1354,Jessica,Lopez,jessica_lopez649@hotmail.com,(245) 687-5539,105 Poplar St,Austin,TX,74166,US,corporate,2025-02-10,platinum,
1355,Diane,Evans,diane_evans190@hotmail.com,(789) 484-1001,5718 Poplar St,Las Vegas,NV,56779,US,consumer,2021-08-18,silver,
1356,Brenda,Hughes,brenda.hughes@gmail.com,(883) 481-4154,2572 Park Ave,San Antonio,TX,15925,US,home_office,2022-09-23,bronze,
1357,Betty,Clark,betty.clark17@gmail.com,(877) 660-4696,516 Cedar Ln,Houston,TX,36760,US,home_office,2025-02-13,bronze,
1358,Benjamin,Long,benjamin_long@yahoo.com,(362) 685-7194,2808 Spring St,Los Angeles,CA,14604,US,consumer,2021-12-26,silver,
1359,Daniel,Mendoza,daniel_mendoza@hotmail.com,(274) 357-7800,7121 Park Ave,Chicago,IL,31782,US,consumer,2026-02-16,silver,
1360,Carolyn,Gutierrez,carolyngutierrez793@icloud.com,(663) 361-9730,7358 High St,Seattle,WA,32562,US,corporate,2024-01-31,gold,
1361,Olivia,Cruz,olivia_cruz366@hotmail.com,(951) 990-1328,6649 Hill Rd,Boulder,CO,59220,US,home_office,2025-02-11,gold,
1362,Cynthia,Lopez,cynthialopez915@outlook.com,(255) 435-9741,9177 Sunset Blvd,Springfield,IL,61721,US,consumer,2024-12-21,silver,
1363,Carolyn,Patel,carolyn.patel@hotmail.com,(329) 446-1831,9944 Valley Rd,Boise,ID,19721,US,corporate,2022-08-19,bronze,
1364,Jonathan,Peterson,jonathan.peterson637@yahoo.com,(465) 467-6440,2922 Oak Ave,Houston,TX,66062,US,corporate,2024-05-04,bronze,
1365,Nathan,Clark,nathan.clark815@yahoo.com,(730) 351-8247,6917 Willow Way,New York,NY,93080,US,corporate,2021-05-02,bronze,
1366,William,Patel,william_patel268@aol.com,(545) 230-1542,448 Cherry Ln,Los Angeles,CA,97147,US,consumer,2024-04-02,bronze,
1367,Henry,Castillo,henry.castillo@yahoo.com,(284) 904-4119,1610 Forest Ave,Milwaukee,WI,80651,US,corporate,2024-07-08,silver,
1368,Linda,Watson,lindawatson126@outlook.com,(561) 520-7210,8258 Ridge Rd,Springfield,IL,47992,US,home_office,2024-03-28,silver,
1369,Kimberly,Lee,kimberly.lee@mail.com,(494) 702-9556,2468 Elm St,New York,NY,47876,US,consumer,2023-06-22,silver,
1370,Helen,Garcia,helen_garcia@protonmail.com,(678) 226-1723,46 Walnut St,Sacramento,CA,44247,US,consumer,2022-03-28,bronze,
1371,Timothy,Hall,timothyhall44@aol.com,(742) 353-7638,9225 Cedar Ln,Columbus,OH,40907,US,home_office,2025-10-29,bronze,
1372,Karen,Wright,karenwright30@gmail.com,(574) 517-3789,687 Valley Rd,Columbus,OH,15161,US,consumer,2025-03-27,bronze,
1373,Michael,Evans,michael.evans520@mail.com,(832) 563-1278,2061 Maple Dr,San Antonio,TX,17957,US,home_office,2023-10-16,bronze,
1374,Aaron,Miller,aaron.miller358@yahoo.com,(769) 741-1081,4238 Spruce St,Tampa,FL,94381,US,consumer,2021-07-09,gold,
1375,Stephen,Stewart,stephen_stewart@protonmail.com,(935) 982-4075,6549 Lake Dr,New York,NY,41749,US,consumer,2025-11-07,bronze,
1376,Gregory,Rodriguez,gregory.rodriguez509@aol.com,(943) 374-9547,6679 Hill Rd,Philadelphia,PA,30787,US,home_office,2021-04-09,silver,
1377,Ashley,Turner,ashleyturner477@protonmail.com,(419) 306-6072,1347 Forest Ave,Tampa,FL,15344,US,consumer,2025-08-15,bronze,
1378,Donna,Watson,donna_watson21@aol.com,(243) 391-7607,6047 River Rd,Portland,OR,81233,US,corporate,2023-02-26,gold,
1379,Donna,Harris,donnaharris@mail.com,(586) 515-7736,4762 Meadow Ln,Atlanta,GA,85459,US,consumer,2024-02-17,silver,
1380,Nicholas,Williams,nicholas.williams94@hotmail.com,(769) 914-9207,4513 River Rd,San Antonio,TX,27596,US,corporate,2024-05-12,bronze,
1381,Brandon,Hughes,brandon.hughes87@gmail.com,(496) 903-1942,3913 Washington Blvd,Boston,MA,38329,US,consumer,2022-07-06,silver,
1382,Maria,Rivera,maria.rivera363@icloud.com,(925) 325-7467,2317 Birch St,Portland,OR,23392,US,consumer,2023-10-08,gold,
1383,Richard,Alvarez,richardalvarez59@yahoo.com,(757) 249-4254,9721 Maple Dr,Miami,FL,92689,US,home_office,2024-06-10,platinum,
1384,Amy,Ramirez,amy.ramirez52@hotmail.com,(240) 616-1569,1375 Poplar St,New York,NY,90199,US,consumer,2022-04-25,bronze,
1385,Amy,Ross,amy_ross50@protonmail.com,(997) 765-9592,175 Poplar St,Los Angeles,CA,34225,US,corporate,2022-12-23,gold,
1386,Julie,Brown,julie.brown76@protonmail.com,(314) 762-3095,4005 Chestnut St,Los Angeles,CA,59452,US,consumer,2023-02-11,platinum,
1387,Jacob,Brooks,jacobbrooks370@aol.com,(810) 322-7807,3502 Church St,Los Angeles,CA,58222,US,corporate,2021-09-04,platinum,
1388,Diane,Hall,diane.hall8@yahoo.com,(326) 738-5699,8835 Hill Rd,Chicago,IL,39601,US,consumer,2022-03-01,silver,
1389,Ronald,Ortiz,ronald_ortiz@outlook.com,(974) 617-4190,2584 Washington Blvd,Austin,TX,89504,US,home_office,2021-12-16,silver,
1390,Nicholas,Jackson,nicholas.jackson31@icloud.com,(545) 628-2257,4181 Poplar St,Buffalo,NY,14781,US,consumer,2021-06-21,silver,
1391,Thomas,Gutierrez,thomasgutierrez@icloud.com,(845) 221-6529,8068 Poplar St,Miami,FL,61838,US,consumer,2023-04-24,gold,
1392,Sharon,Myers,sharon.myers@yahoo.com,(964) 331-7988,691 Washington Blvd,San Francisco,CA,17259,US,consumer,2025-04-04,silver,
1393,Victoria,Clark,victoria_clark507@yahoo.com,(981) 227-7328,7466 Maple Dr,Dallas,TX,51992,US,consumer,2024-07-09,silver,
1394,Richard,Thompson,richard.thompson33@gmail.com,(640) 721-4004,9373 Cedar Ln,Las Vegas,NV,73620,US,corporate,2024-09-06,silver,
1395,Jason,Ross,jasonross246@hotmail.com,(737) 470-5757,1898 Park Ave,San Diego,CA,49846,US,consumer,2023-03-21,gold,
1396,James,Ortiz,james_ortiz25@hotmail.com,(688) 883-9660,6676 Oak Ave,Houston,TX,37782,US,home_office,2021-06-14,gold,
1397,Samuel,Mitchell,samuelmitchell@yahoo.com,(883) 579-8397,9924 Hickory Dr,San Francisco,CA,16224,US,consumer,2024-10-15,bronze,
1398,Melissa,Reed,melissareed91@aol.com,(787) 386-1258,4182 Broadway,Raleigh,NC,31705,US,consumer,2022-12-17,gold,
1399,Dennis,Kim,denniskim738@protonmail.com,(985) 839-7158,9056 Ridge Rd,Boston,MA,89254,US,corporate,2021-06-01,silver,
1400,Catherine,Sanders,catherinesanders87@yahoo.com,(734) 502-3378,9491 Church St,Charlotte,NC,93463,US,corporate,2023-08-22,gold,
1401,Ashley,Jackson,ashley_jackson73@gmail.com,(990) 712-6072,2870 Laurel Ave,Boulder,CO,34952,US,consumer,2022-02-14,silver,
1402,Nancy,Jimenez,nancy.jimenez@protonmail.com,(613) 777-1897,377 Valley Rd,Kansas City,MO,71994,US,consumer,2021-07-11,bronze,
1403,Ronald,Brooks,ronald.brooks59@gmail.com,(857) 652-3849,5071 Valley Rd,Seattle,WA,39898,US,consumer,2025-03-23,platinum,
1404,Nicole,Lewis,nicole_lewis778@icloud.com,(865) 449-9523,9194 Cherry Ln,Houston,TX,12293,US,corporate,2023-08-22,bronze,
1405,Julie,Smith,julie_smith@outlook.com,(911) 779-8113,491 Valley Rd,Minneapolis,MN,29299,US,corporate,2026-01-10,gold,
1406,Emma,Ross,emma_ross@protonmail.com,(876) 472-2531,9387 Church St,Columbus,OH,55182,US,consumer,2023-11-10,silver,
1407,Benjamin,Martinez,benjamin.martinez2@protonmail.com,(300) 888-3387,8660 River Rd,Boulder,CO,84908,US,home_office,2021-12-11,silver,
1408,Harold,Long,harold.long@aol.com,(608) 754-3440,9628 Birch St,Miami,FL,50729,US,home_office,2025-07-04,bronze,
1409,Paul,Watson,paul.watson@mail.com,(970) 429-1016,8420 High St,Los Angeles,CA,88694,US,corporate,2022-10-22,silver,
1410,Douglas,Roberts,douglas.roberts8@hotmail.com,(276) 283-4167,418 Oak Ave,Minneapolis,MN,18679,US,home_office,2021-07-21,bronze,
1411,Shirley,Davis,shirleydavis@aol.com,(844) 821-2198,891 Forest Ave,Detroit,MI,63449,US,consumer,2023-12-11,bronze,
1412,Henry,Watson,henrywatson992@mail.com,(857) 621-3353,6036 Park Ave,Sacramento,CA,93558,US,consumer,2024-11-27,bronze,
1413,Paul,Williams,paul_williams553@aol.com,(600) 366-1953,2290 Willow Way,Raleigh,NC,62850,US,consumer,2023-12-24,bronze,
1414,Christine,Taylor,christinetaylor@yahoo.com,(963) 703-8768,782 Elm St,Columbus,OH,84110,US,consumer,2022-07-05,platinum,
1415,David,Foster,david_foster506@aol.com,(268) 399-4251,7437 Park Ave,Boulder,CO,21689,US,corporate,2023-03-09,platinum,
1416,Christina,Green,christina_green@icloud.com,(610) 311-8654,7607 Main St,Buffalo,NY,36858,US,home_office,2023-09-04,bronze,
1417,Gregory,Wilson,gregory.wilson@protonmail.com,(315) 424-7912,8410 Walnut St,Miami,FL,51648,US,consumer,2025-04-25,gold,
1418,Cynthia,Murphy,cynthiamurphy74@yahoo.com,(394) 423-8331,8933 Hill Rd,New York,NY,50251,US,consumer,2024-04-20,bronze,
1419,Emma,Miller,emmamiller985@icloud.com,(248) 344-7481,8361 Oak Ave,Boston,MA,22388,US,consumer,2024-03-11,silver,
1420,Emily,Torres,emily.torres@aol.com,(304) 607-8707,2323 Laurel Ave,Chicago,IL,70713,US,home_office,2022-09-02,gold,
1421,Christine,Rogers,christine.rogers@outlook.com,(854) 294-9053,1677 Ridge Rd,San Antonio,TX,35347,US,consumer,2023-06-21,platinum,
1422,Eric,Turner,eric.turner74@mail.com,(948) 903-8175,6980 Spruce St,Portland,OR,40360,US,corporate,2024-04-26,silver,
1423,Ashley,Anderson,ashleyanderson656@icloud.com,(618) 229-6545,9379 Cherry Ln,Portland,OR,68935,US,consumer,2021-11-22,gold,
1424,Amy,Hughes,amyhughes836@protonmail.com,(612) 897-2949,7837 Chestnut St,Salt Lake City,UT,18007,US,consumer,2025-01-27,bronze,
1425,Henry,Murphy,henry.murphy@gmail.com,(573) 982-1036,8858 Pine St,Columbus,OH,21056,US,home_office,2025-08-22,platinum,
1426,Nancy,Lewis,nancylewis435@outlook.com,(288) 602-6997,5490 Valley Rd,Los Angeles,CA,68626,US,home_office,2023-10-14,bronze,
1427,Debra,King,debra_king253@yahoo.com,(735) 866-3854,9350 Pine St,New York,NY,52911,US,consumer,2022-10-09,silver,
1428,Ronald,Collins,ronaldcollins670@aol.com,(440) 640-9877,8958 Spruce St,Boston,MA,12118,US,home_office,2023-01-09,silver,
1429,Thomas,Jones,thomas_jones719@hotmail.com,(878) 755-8096,8313 Hill Rd,Tampa,FL,94983,US,corporate,2021-11-20,silver,
1430,Joshua,Cox,joshua_cox724@yahoo.com,(862) 286-5645,7404 Ridge Rd,Nashville,TN,81524,US,home_office,2024-02-20,bronze,
1431,Ryan,Long,ryan.long89@yahoo.com,(565) 383-4854,7334 Church St,Indianapolis,IN,72600,US,consumer,2024-11-03,platinum,
1432,Anna,Foster,annafoster126@mail.com,(481) 589-2277,7560 Sunset Blvd,New York,NY,90010,US,corporate,2025-10-18,bronze,
1433,Amy,Roberts,amyroberts977@protonmail.com,(717) 709-3521,5245 Meadow Ln,Houston,TX,85602,US,consumer,2022-10-31,silver,
1434,Amy,Myers,amy.myers83@gmail.com,(608) 858-4051,6041 Oak Ave,Miami,FL,45301,US,corporate,2022-09-24,bronze,
1435,Raymond,Campbell,raymond_campbell845@icloud.com,(902) 667-1627,2046 Elm St,San Francisco,CA,46647,US,consumer,2021-07-23,bronze,
1436,Daniel,Jimenez,danieljimenez44@aol.com,(457) 386-9578,7548 Broadway,Indianapolis,IN,61651,US,consumer,2021-10-21,silver,
1437,Sarah,Rivera,sarahrivera290@hotmail.com,(849) 336-9727,6413 Hickory Dr,Atlanta,GA,39123,US,consumer,2024-02-17,silver,
1438,Anna,Kelly,anna.kelly@aol.com,(281) 900-6371,8734 Cherry Ln,San Antonio,TX,54287,US,corporate,2023-01-03,bronze,
1439,Daniel,Baker,daniel_baker@protonmail.com,(803) 426-4641,8680 Lincoln Ave,Minneapolis,MN,99972,US,consumer,2022-07-18,bronze,
1440,Susan,Lewis,susanlewis673@protonmail.com,(578) 574-1420,8503 Lake Dr,Richmond,VA,60630,US,corporate,2023-02-26,silver,
1441,Carol,Williams,carolwilliams42@aol.com,(467) 429-1124,5024 Ridge Rd,Boulder,CO,91681,US,home_office,2021-12-09,gold,
1442,Peter,Gray,petergray@mail.com,(813) 695-3700,3263 Meadow Ln,Sacramento,CA,53727,US,consumer,2026-03-27,gold,
1443,Donald,Wright,donald.wright12@hotmail.com,(603) 514-2445,4812 Forest Ave,Detroit,MI,24093,US,corporate,2023-09-22,bronze,
1444,Julie,Adams,julie.adams321@outlook.com,(574) 834-4513,7797 Willow Way,Kansas City,MO,78750,US,consumer,2022-04-21,bronze,
1445,Donald,Diaz,donald_diaz@aol.com,(353) 913-2787,1428 Oak Ave,Boston,MA,56381,US,home_office,2021-06-01,bronze,
1446,Ryan,Roberts,ryanroberts224@mail.com,(774) 261-3156,111 Lake Dr,Milwaukee,WI,57315,US,consumer,2022-08-28,bronze,
1447,Donald,Rogers,donaldrogers72@protonmail.com,(366) 340-6421,6818 Oak Ave,Las Vegas,NV,52526,US,corporate,2022-06-04,silver,
1448,Nicholas,Turner,nicholas_turner69@aol.com,(371) 341-9072,8360 River Rd,Minneapolis,MN,97728,US,home_office,2022-11-01,silver,
1449,Anna,Watson,anna_watson94@icloud.com,(524) 929-5719,8226 Pine St,San Antonio,TX,49916,US,home_office,2025-07-09,bronze,
1450,Douglas,Thomas,douglas.thomas89@gmail.com,(339) 206-1645,2555 Birch St,San Diego,CA,50218,US,corporate,2025-12-10,bronze,
1451,Samantha,Robinson,samantharobinson@yahoo.com,(442) 334-2896,5200 Maple Dr,Detroit,MI,37308,US,consumer,2024-06-08,bronze,
1452,Carol,Baker,carol_baker@protonmail.com,(768) 955-3984,4652 Hill Rd,Chicago,IL,47272,US,corporate,2023-04-13,gold,
1453,Shirley,Ward,shirley_ward700@mail.com,(347) 711-4638,7357 Laurel Ave,Las Vegas,NV,93535,US,home_office,2024-11-14,platinum,
1454,Patrick,Nguyen,patricknguyen253@gmail.com,(332) 575-9442,6043 Hill Rd,Austin,TX,37413,US,corporate,2023-02-04,bronze,
1455,Shirley,Ramirez,shirley.ramirez@outlook.com,(394) 264-3069,9939 Pine St,Boulder,CO,94560,US,consumer,2022-02-05,bronze,
1456,Benjamin,Flores,benjaminflores12@gmail.com,(292) 732-5009,4300 Sunset Blvd,Kansas City,MO,30991,US,home_office,2022-07-15,gold,
1457,Carolyn,Peterson,carolyn_peterson124@outlook.com,(985) 682-7619,7472 Elm St,Buffalo,NY,33680,US,corporate,2025-02-15,platinum,
1458,Kathleen,Reyes,kathleen_reyes34@aol.com,(695) 338-7208,9359 Oak Ave,Dallas,TX,52655,US,corporate,2025-10-22,silver,
1459,Helen,Lopez,helenlopez86@protonmail.com,(873) 767-4950,6431 Oak Ave,Chicago,IL,82007,US,consumer,2025-04-08,bronze,
1460,Carolyn,Cruz,carolyn.cruz@yahoo.com,(668) 903-4523,7257 Birch St,Boulder,CO,38478,US,corporate,2026-02-15,bronze,
1461,Katherine,Howard,katherine.howard@outlook.com,(358) 790-4507,2805 Cedar Ln,Kansas City,MO,65980,US,consumer,2023-06-18,silver,
1462,Raymond,Howard,raymond.howard@outlook.com,(442) 370-6326,4007 Birch St,Charlotte,NC,85707,US,corporate,2021-09-19,bronze,
1463,Anthony,Green,anthonygreen40@yahoo.com,(700) 942-8586,3586 Elm St,Richmond,VA,61522,US,consumer,2022-10-28,bronze,
1464,Ashley,Williams,ashleywilliams43@mail.com,(825) 932-2908,7321 Lincoln Ave,San Antonio,TX,86318,US,corporate,2021-05-01,silver,
1465,James,White,jameswhite@outlook.com,(256) 539-5038,8635 Poplar St,Salt Lake City,UT,75234,US,home_office,2021-05-17,bronze,
1466,Margaret,Morales,margaretmorales241@hotmail.com,(333) 352-1460,2208 Birch St,Chicago,IL,57750,US,consumer,2021-08-08,gold,
1467,Janet,Castillo,janet.castillo@gmail.com,(245) 471-9010,8498 Meadow Ln,Salt Lake City,UT,76311,US,home_office,2022-03-18,bronze,
1468,Jeffrey,Hall,jeffreyhall809@icloud.com,(883) 726-6855,3880 Ridge Rd,San Antonio,TX,80122,US,consumer,2023-12-04,bronze,
1469,Harold,Davis,harold.davis26@aol.com,(441) 597-2343,1794 Forest Ave,Detroit,MI,18704,US,home_office,2025-10-02,silver,
1470,Adam,Lee,adam.lee@gmail.com,(997) 352-3743,394 Maple Dr,Nashville,TN,49687,US,corporate,2025-08-22,bronze,
1471,Kathleen,Scott,kathleenscott@gmail.com,(826) 401-1080,7703 Maple Dr,Kansas City,MO,37579,US,corporate,2021-05-28,platinum,
1472,Amy,Lopez,amylopez15@gmail.com,(848) 354-3486,3396 Elm St,Springfield,IL,25476,US,corporate,2024-05-04,silver,
1473,Edward,Reyes,edwardreyes@yahoo.com,(318) 315-7268,1713 Pine St,Indianapolis,IN,33685,US,home_office,2023-06-21,bronze,
1474,Jessica,Richardson,jessicarichardson@icloud.com,(877) 960-9669,4075 Washington Blvd,Raleigh,NC,91654,US,consumer,2024-12-14,gold,
1475,John,Nguyen,johnnguyen25@icloud.com,(413) 749-1219,7461 Ridge Rd,San Antonio,TX,97181,US,consumer,2023-05-08,bronze,
1476,Heather,Gutierrez,heather.gutierrez20@outlook.com,(302) 292-5660,9149 Walnut St,San Francisco,CA,61745,US,corporate,2023-02-12,platinum,
1477,Sarah,Baker,sarah.baker74@outlook.com,(353) 810-5697,2111 Main St,Columbus,OH,87516,US,home_office,2025-02-05,bronze,
1478,Rachel,Campbell,rachel_campbell@gmail.com,(419) 932-6656,9560 Sunset Blvd,Houston,TX,12239,US,corporate,2024-06-29,silver,
1479,Sandra,Collins,sandra.collins@protonmail.com,(567) 762-6351,6347 Hill Rd,Charlotte,NC,27083,US,corporate,2023-12-23,bronze,
1480,Nathan,Brown,nathan_brown@gmail.com,(344) 693-1881,2018 Spring St,Las Vegas,NV,90511,US,consumer,2022-01-11,silver,
1481,Kathleen,Robinson,kathleenrobinson@outlook.com,(813) 834-2007,1399 High St,Raleigh,NC,65862,US,home_office,2024-03-30,gold,
1482,Robert,Evans,robert.evans17@yahoo.com,(550) 527-5277,125 Park Ave,Austin,TX,47415,US,consumer,2026-02-24,gold,
1483,Ashley,Davis,ashley.davis3@protonmail.com,(708) 777-8396,6934 Laurel Ave,Charlotte,NC,50404,US,corporate,2025-04-17,bronze,
1484,David,Mitchell,david_mitchell76@icloud.com,(491) 635-3825,4117 Sunset Blvd,Miami,FL,23949,US,consumer,2023-09-03,bronze,
1485,Olivia,Allen,olivia_allen@gmail.com,(768) 260-2941,2010 Oak Ave,Boise,ID,37160,US,consumer,2025-08-08,gold,
1486,Ruth,Patel,ruth_patel@mail.com,(608) 482-2474,2653 High St,Richmond,VA,77669,US,consumer,2022-05-02,platinum,
1487,Anna,Johnson,annajohnson931@icloud.com,(658) 309-3426,1773 River Rd,San Francisco,CA,17969,US,consumer,2025-06-17,bronze,
1488,William,Sanchez,williamsanchez6@yahoo.com,(452) 255-8568,5442 Maple Dr,Portland,OR,16265,US,corporate,2021-04-26,silver,
1489,George,Ortiz,george_ortiz@protonmail.com,(379) 316-4220,286 Broadway,San Francisco,CA,67028,US,consumer,2022-02-07,bronze,
1490,Brian,Morgan,brianmorgan87@protonmail.com,(920) 639-5157,487 Washington Blvd,Richmond,VA,25793,US,consumer,2021-08-04,gold,
1491,James,Nelson,james.nelson@protonmail.com,(360) 650-5165,6450 High St,Las Vegas,NV,29518,US,consumer,2025-03-02,bronze,
1492,Dorothy,Howard,dorothy.howard@mail.com,(219) 232-1943,6603 High St,Atlanta,GA,65779,US,consumer,2025-08-06,bronze,
1493,Michelle,Nelson,michellenelson@yahoo.com,(251) 657-8956,2037 Poplar St,Salt Lake City,UT,43071,US,consumer,2024-08-04,gold,
1494,Robert,Myers,robertmyers@yahoo.com,(932) 776-5416,5162 Park Ave,Los Angeles,CA,97518,US,consumer,2023-06-20,bronze,
1495,Kenneth,Thompson,kenneth.thompson725@gmail.com,(803) 504-9141,9931 Meadow Ln,Indianapolis,IN,74595,US,corporate,2021-10-05,silver,
1496,Samuel,Rodriguez,samuel.rodriguez60@yahoo.com,(624) 591-5794,6732 Poplar St,Chicago,IL,60070,US,corporate,2023-02-27,silver,
1497,Karen,Ramirez,karen_ramirez37@mail.com,(784) 472-5067,2855 Cherry Ln,Portland,OR,52247,US,corporate,2023-06-19,bronze,
1498,Nancy,Clark,nancyclark627@aol.com,(796) 782-2866,241 Maple Dr,Raleigh,NC,44617,US,consumer,2023-03-17,bronze,
1499,Victoria,Parker,victoriaparker@mail.com,(252) 727-8548,1732 Maple Dr,Austin,TX,63836,US,consumer,2025-05-17,silver,
1500,Olivia,Lee,olivialee@aol.com,(297) 758-2371,6052 Walnut St,Miami,FL,90636,US,home_office,2022-06-24,bronze,
2001,Kimberly,Perez,kimberly_perez342@outlook.com,(429) 938-9764,2306 Oak Ave,Minneapolis,MN,27912,US,consumer,2022-08-21,silver,
2002,Debra,White,debra.white74@gmail.com,(266) 633-4094,2871 Meadow Ln,Portland,OR,46556,US,consumer,2021-11-13,silver,
2003,Sarah,Ramirez,sarah_ramirez@outlook.com,(822) 209-8917,5261 Spruce St,Minneapolis,MN,21023,US,home_office,2022-02-14,bronze,
2004,Olivia,Wright,oliviawright44@gmail.com,(653) 531-8150,3306 Valley Rd,New York,NY,38984,US,consumer,2023-10-03,bronze,
2005,Patricia,Smith,patriciasmith51@hotmail.com,(418) 889-3535,7087 Ridge Rd,San Antonio,TX,29732,US,consumer,2024-07-19,silver,
2006,Amy,Edwards,amy_edwards@yahoo.com,(624) 943-9294,6528 Church St,San Diego,CA,49156,US,corporate,2021-06-25,bronze,
2007,Patricia,Cruz,patricia.cruz27@gmail.com,(443) 587-1566,5132 Elm St,Minneapolis,MN,91776,US,consumer,2025-04-30,gold,
2008,Diane,Hill,diane.hill@gmail.com,(855) 684-5874,2168 Laurel Ave,Sacramento,CA,75019,US,corporate,2023-10-13,bronze,
2009,Robert,Gray,robertgray56@outlook.com,(638) 664-7885,6083 Broadway,Houston,TX,10317,US,consumer,2021-05-23,silver,
2010,Adam,Lee,adam.lee350@protonmail.com,(395) 720-6846,4299 High St,Indianapolis,IN,19302,US,consumer,2023-08-08,platinum,
2011,Pamela,Edwards,pamela_edwards41@hotmail.com,(306) 735-4564,9410 Hickory Dr,Richmond,VA,80999,US,consumer,2023-08-15,bronze,
2012,Olivia,Kim,olivia.kim713@protonmail.com,(235) 803-6160,233 Spruce St,Detroit,MI,46974,US,consumer,2024-09-10,silver,
2013,Rachel,James,rachel.james19@protonmail.com,(503) 421-3089,3645 Broadway,Houston,TX,43719,US,home_office,2026-03-08,bronze,
2014,Richard,Taylor,richard.taylor835@yahoo.com,(876) 306-6399,9215 Poplar St,Boston,MA,54490,US,consumer,2026-03-28,silver,
2015,Steven,Williams,steven.williams@mail.com,(647) 959-3676,3164 Hickory Dr,Houston,TX,87539,US,corporate,2022-06-07,silver,
2016,Alexander,Hill,alexander_hill276@outlook.com,(549) 607-8554,8056 Maple Dr,Boise,ID,77291,US,consumer,2025-05-29,silver,
2017,Shirley,Jackson,shirley.jackson561@mail.com,(259) 537-9956,1105 Church St,Boston,MA,78440,US,consumer,2023-12-25,silver,
2018,Deborah,Hughes,deborah.hughes304@aol.com,(789) 857-7063,5013 Forest Ave,Indianapolis,IN,85360,US,home_office,2021-07-09,gold,
2019,Jonathan,Wright,jonathan_wright871@icloud.com,(727) 638-8271,9296 Cherry Ln,Atlanta,GA,60701,US,consumer,2023-12-16,bronze,
2020,Victoria,Gray,victoriagray103@mail.com,(357) 406-7471,831 Hickory Dr,Springfield,IL,81172,US,corporate,2022-11-20,bronze,
2021,Pamela,Jackson,pamela_jackson11@outlook.com,(207) 301-7859,5839 Laurel Ave,Detroit,MI,51766,US,home_office,2022-05-08,gold,
2022,Debra,Cook,debra_cook36@protonmail.com,(530) 535-6873,5769 Cedar Ln,Richmond,VA,32563,US,corporate,2022-05-01,silver,
2023,Jacob,Parker,jacob_parker@protonmail.com,(736) 657-6530,8700 Spruce St,Kansas City,MO,27405,US,home_office,2025-06-29,gold,
2024,Debra,Davis,debra_davis10@icloud.com,(461) 532-2745,2870 Laurel Ave,Dallas,TX,43644,US,consumer,2022-05-20,silver,
2025,Kimberly,Rodriguez,kimberlyrodriguez76@aol.com,(205) 347-4304,8672 High St,Boulder,CO,80046,US,consumer,2023-10-26,gold,
2026,Robert,Rogers,robert.rogers41@gmail.com,(947) 265-8415,4017 High St,San Francisco,CA,35426,US,consumer,2025-09-23,silver,
2027,Peter,Richardson,peter_richardson@protonmail.com,(262) 377-1740,795 Valley Rd,Minneapolis,MN,90145,US,corporate,2023-02-06,gold,
2028,Mark,Brown,markbrown@hotmail.com,(475) 884-1198,1085 Hickory Dr,Las Vegas,NV,89613,US,home_office,2022-07-07,platinum,
2029,Scott,Morales,scottmorales63@icloud.com,(356) 768-5402,3437 Spring St,Springfield,IL,61018,US,consumer,2022-09-23,silver,
2030,Paul,Ortiz,paul.ortiz@mail.com,(409) 562-7187,4902 Meadow Ln,Richmond,VA,11856,US,corporate,2025-10-06,bronze,
2031,Carol,Murphy,carolmurphy328@aol.com,(893) 219-6517,2300 Walnut St,San Diego,CA,66648,US,consumer,2025-09-29,bronze,
2032,Lisa,Alvarez,lisaalvarez@gmail.com,(438) 292-6796,5442 Meadow Ln,Houston,TX,46748,US,corporate,2025-01-17,bronze,
2033,Olivia,Williams,olivia_williams25@outlook.com,(241) 432-2578,7534 Sunset Blvd,Raleigh,NC,47447,US,consumer,2024-05-28,bronze,
2034,Sharon,Collins,sharon_collins@aol.com,(268) 725-7969,8564 Willow Way,Atlanta,GA,30836,US,home_office,2021-06-23,bronze,
2035,James,Cook,jamescook@icloud.com,(856) 732-7495,4530 Cedar Ln,Boise,ID,84783,US,corporate,2021-12-27,silver,
2036,Christopher,Young,christopheryoung@protonmail.com,(231) 954-6907,4587 Elm St,Columbus,OH,70194,US,consumer,2021-11-30,silver,
2037,Olivia,Morris,olivia_morris@mail.com,(397) 916-1040,6601 Elm St,Columbus,OH,87379,US,consumer,2022-04-23,silver,
2038,Raymond,Chavez,raymondchavez@yahoo.com,(679) 753-9202,4832 Cherry Ln,Dallas,TX,29225,US,consumer,2021-10-31,silver,
2039,Julie,Campbell,julie_campbell73@gmail.com,(630) 356-4859,7540 Willow Way,Houston,TX,28928,US,consumer,2023-06-27,bronze,
2040,Katherine,Stewart,katherine.stewart739@gmail.com,(355) 375-4735,9392 Oak Ave,Milwaukee,WI,14707,US,consumer,2024-07-03,bronze,
2041,Kenneth,Wright,kennethwright742@mail.com,(256) 887-5596,7318 Broadway,Salt Lake City,UT,52331,US,home_office,2026-03-20,bronze,
2042,Elizabeth,Watson,elizabeth_watson54@icloud.com,(407) 807-9598,8924 Valley Rd,New York,NY,91830,US,corporate,2021-05-29,silver,
2043,Olivia,Edwards,oliviaedwards573@yahoo.com,(561) 797-2061,8096 Lincoln Ave,Detroit,MI,17612,US,corporate,2025-09-12,bronze,
2044,Justin,Hill,justin_hill723@protonmail.com,(371) 614-4442,4319 Valley Rd,Boise,ID,77073,US,consumer,2023-08-31,bronze,
2045,Edward,Clark,edwardclark@gmail.com,(901) 690-7530,2473 Park Ave,Buffalo,NY,87814,US,home_office,2023-07-22,silver,
2046,Debra,Wilson,debra.wilson746@gmail.com,(847) 541-2445,2535 Poplar St,Chicago,IL,84327,US,corporate,2023-10-11,gold,
2047,Eric,Chavez,eric_chavez@outlook.com,(227) 864-9002,6583 Church St,Los Angeles,CA,88117,US,consumer,2025-06-06,bronze,
2048,Virginia,Thomas,virginia.thomas@hotmail.com,(692) 998-3404,6351 Valley Rd,Dallas,TX,89520,US,corporate,2025-12-25,silver,
2049,Mark,Scott,markscott66@aol.com,(822) 665-1757,5181 Oak Ave,Miami,FL,65145,US,corporate,2021-08-01,silver,
2050,Carol,Collins,carolcollins523@hotmail.com,(395) 546-6805,218 Birch St,Raleigh,NC,73810,US,consumer,2025-10-28,gold,
2051,Donald,Patel,donald.patel274@hotmail.com,(302) 530-6394,700 Walnut St,Minneapolis,MN,51719,US,consumer,2025-03-07,platinum,
2052,Gregory,Jones,gregory_jones@mail.com,(832) 817-4647,4591 Lake Dr,Atlanta,GA,15860,US,consumer,2024-06-06,bronze,
2053,Melissa,Rogers,melissarogers@aol.com,(265) 515-8919,1678 Cherry Ln,Sacramento,CA,29973,US,consumer,2024-09-04,bronze,
2054,Samuel,Adams,samuel.adams510@mail.com,(316) 532-7447,614 Broadway,New York,NY,93737,US,home_office,2024-10-19,gold,
2055,Peter,Edwards,peteredwards@outlook.com,(437) 854-5957,5852 High St,Atlanta,GA,77158,US,home_office,2022-06-13,silver,
2056,Kimberly,Evans,kimberly_evans74@gmail.com,(979) 437-7934,4886 Hickory Dr,Las Vegas,NV,12837,US,corporate,2024-01-17,silver,
2057,Sharon,Ramirez,sharon.ramirez79@hotmail.com,(976) 710-9290,1951 Spring St,Seattle,WA,86322,US,consumer,2022-10-14,silver,
2058,George,Edwards,georgeedwards715@outlook.com,(878) 649-4826,8341 Church St,Chicago,IL,83342,US,consumer,2021-07-27,silver,
2059,Alexander,Jones,alexander.jones@icloud.com,(772) 577-5985,3716 Park Ave,Austin,TX,32944,US,corporate,2026-01-02,platinum,
2060,Barbara,Carter,barbaracarter170@icloud.com,(841) 956-5166,9554 High St,Miami,FL,60995,US,corporate,2023-09-22,platinum,
2061,Cynthia,Clark,cynthia_clark38@mail.com,(926) 460-7369,2005 Spring St,San Antonio,TX,92862,US,consumer,2025-05-16,gold,
2062,Dorothy,Cooper,dorothy_cooper184@mail.com,(474) 958-2882,1043 Forest Ave,Las Vegas,NV,10385,US,corporate,2022-04-30,bronze,
2063,Mary,Lee,mary.lee625@yahoo.com,(614) 778-2176,1621 Park Ave,Boston,MA,49302,US,home_office,2025-12-22,gold,
2064,Christine,Morris,christine_morris159@aol.com,(775) 408-8976,4716 Main St,Raleigh,NC,26837,US,consumer,2023-08-24,bronze,
2065,Ruth,Castillo,ruth.castillo69@hotmail.com,(406) 989-1469,6960 Spruce St,Dallas,TX,93154,US,consumer,2025-04-23,bronze,
2066,Christina,Myers,christina.myers843@protonmail.com,(924) 391-2909,6810 Church St,Boulder,CO,69299,US,corporate,2025-12-12,gold,
2067,Jessica,Kim,jessicakim49@protonmail.com,(279) 201-3286,6458 Poplar St,Detroit,MI,41524,US,consumer,2023-10-22,bronze,
2068,Daniel,Jones,daniel.jones236@hotmail.com,(475) 828-9916,1186 Laurel Ave,San Diego,CA,37362,US,consumer,2024-04-06,bronze,
2069,Jason,Peterson,jason.peterson54@gmail.com,(296) 685-8411,5365 Pine St,New York,NY,93317,US,consumer,2023-11-08,bronze,
2070,Emily,Phillips,emily.phillips@outlook.com,(416) 451-6741,7503 Hill Rd,New York,NY,61832,US,consumer,2025-03-06,gold,
2071,Sharon,Flores,sharon.flores@yahoo.com,(762) 592-5035,2102 Church St,Richmond,VA,38597,US,corporate,2021-06-14,silver,
2072,Larry,Howard,larry_howard95@icloud.com,(564) 796-3587,7963 Walnut St,San Antonio,TX,67497,US,corporate,2022-01-20,silver,
2073,Nathan,King,nathan.king@gmail.com,(421) 760-6298,2932 Willow Way,Los Angeles,CA,53846,US,consumer,2026-03-22,bronze,
2074,David,Sanders,davidsanders27@aol.com,(899) 461-7542,2305 Elm St,Milwaukee,WI,79919,US,home_office,2021-04-21,gold,
2075,Sandra,Kelly,sandra.kelly@hotmail.com,(267) 458-6917,6193 Willow Way,Atlanta,GA,20969,US,home_office,2024-07-08,gold,
2076,Debra,Morris,debra_morris@outlook.com,(566) 295-2875,9640 Forest Ave,Tampa,FL,78941,US,home_office,2024-02-03,bronze,
2077,Cynthia,Ramos,cynthia_ramos@gmail.com,(496) 214-6279,3996 Forest Ave,Boston,MA,74952,US,consumer,2024-08-17,silver,
2078,Jason,Gonzalez,jasongonzalez153@icloud.com,(714) 252-1979,8781 Sunset Blvd,Chicago,IL,41877,US,consumer,2022-10-12,bronze,
2079,Michelle,Clark,michelleclark@yahoo.com,(456) 434-8096,8764 High St,Milwaukee,WI,32391,US,home_office,2024-04-14,platinum,
2080,Aaron,Johnson,aaron_johnson179@mail.com,(299) 246-7641,6935 Hill Rd,Detroit,MI,26891,US,corporate,2024-06-16,silver,
2081,Maria,Collins,maria.collins757@gmail.com,(346) 638-4242,1182 Spring St,Miami,FL,44508,US,consumer,2025-12-19,platinum,
2082,Alexander,Myers,alexander.myers@gmail.com,(389) 399-1888,8229 High St,San Antonio,TX,53940,US,consumer,2022-04-07,bronze,
2083,Douglas,Hughes,douglas.hughes@outlook.com,(495) 958-2565,4740 Birch St,Chicago,IL,30106,US,consumer,2025-05-13,gold,
2084,Stephanie,Evans,stephanie_evans5@yahoo.com,(462) 527-3321,1564 Spruce St,San Francisco,CA,62664,US,home_office,2023-06-27,gold,
2085,Zachary,Young,zachary.young@outlook.com,(338) 339-5552,517 River Rd,San Diego,CA,40422,US,corporate,2024-06-18,silver,
2086,Thomas,White,thomaswhite23@protonmail.com,(343) 870-1451,760 Spruce St,Chicago,IL,19899,US,consumer,2024-06-08,platinum,
2087,Maria,Clark,maria_clark@hotmail.com,(789) 303-4152,2856 Spring St,Portland,OR,33794,US,consumer,2024-03-28,bronze,
2088,Timothy,Anderson,timothy.anderson349@aol.com,(543) 621-5641,2069 Washington Blvd,Minneapolis,MN,49882,US,corporate,2024-10-05,bronze,
2089,Nicholas,Phillips,nicholas_phillips99@mail.com,(638) 205-3838,9563 Meadow Ln,Tampa,FL,66367,US,home_office,2023-07-25,silver,
2090,Matthew,Wright,matthew.wright155@icloud.com,(453) 647-8435,3974 Lake Dr,Milwaukee,WI,96752,US,consumer,2022-09-03,gold,
2091,Stephen,Brooks,stephenbrooks281@mail.com,(437) 564-7631,5483 Chestnut St,Buffalo,NY,33273,US,corporate,2025-10-13,silver,
2092,Stephanie,Mitchell,stephanie_mitchell@aol.com,(699) 982-7391,6058 Birch St,Austin,TX,42281,US,home_office,2022-04-06,bronze,
2093,Linda,Richardson,linda_richardson@aol.com,(684) 578-4590,6625 Spruce St,Miami,FL,86232,US,consumer,2025-03-13,silver,
2094,Christopher,Torres,christopher_torres35@protonmail.com,(936) 525-4822,3415 Valley Rd,Minneapolis,MN,86095,US,corporate,2021-07-10,bronze,
2095,Thomas,Ross,thomasross690@icloud.com,(965) 455-3524,3319 Laurel Ave,Boston,MA,60889,US,consumer,2023-01-21,silver,
2096,Harold,Ramos,harold.ramos39@mail.com,(283) 360-8498,3220 Willow Way,Kansas City,MO,91958,US,corporate,2025-11-07,silver,
2097,Christina,Lewis,christina_lewis317@aol.com,(620) 761-6382,7032 Park Ave,Boise,ID,97655,US,corporate,2023-11-24,gold,
2098,Patricia,Evans,patricia.evans848@outlook.com,(503) 779-8706,9969 Cherry Ln,Miami,FL,81614,US,corporate,2021-11-29,bronze,
2099,Rebecca,Gonzalez,rebecca_gonzalez789@yahoo.com,(303) 603-9442,7568 Maple Dr,Boulder,CO,13830,US,corporate,2023-04-23,silver,
2100,Robert,Murphy,robert.murphy61@gmail.com,(682) 907-3720,1564 Lake Dr,Los Angeles,CA,80294,US,consumer,2022-08-25,bronze,
2101,Jason,Morris,jasonmorris119@outlook.com,(595) 949-5507,1931 Pine St,Seattle,WA,26054,US,home_office,2023-07-28,bronze,
2102,Ronald,Sanchez,ronaldsanchez99@protonmail.com,(388) 531-5554,9473 Hickory Dr,Dallas,TX,92946,US,corporate,2022-10-07,gold,
2103,Deborah,Hughes,deborah_hughes45@hotmail.com,(395) 812-2783,2273 Willow Way,Salt Lake City,UT,86687,US,consumer,2024-04-23,platinum,
2104,Benjamin,Hill,benjamin.hill504@aol.com,(717) 880-2309,2975 Ridge Rd,Springfield,IL,64212,US,corporate,2021-11-12,bronze,
2105,Carolyn,Nguyen,carolynnguyen190@protonmail.com,(662) 888-1419,9023 Park Ave,Kansas City,MO,38632,US,corporate,2025-06-20,gold,
2106,Mark,Kim,mark.kim5@yahoo.com,(373) 558-1451,6576 Cherry Ln,Springfield,IL,42361,US,consumer,2021-10-31,gold,
2107,Nicole,Wright,nicolewright@hotmail.com,(431) 437-5459,3530 Sunset Blvd,Atlanta,GA,97278,US,home_office,2023-03-19,gold,
2108,Adam,Morris,adammorris27@yahoo.com,(488) 246-9937,1452 Willow Way,Tampa,FL,18136,US,home_office,2021-06-06,bronze,
2109,Henry,Parker,henry_parker@yahoo.com,(457) 757-2493,6562 Main St,Chicago,IL,47083,US,consumer,2022-05-01,platinum,
2110,Katherine,Price,katherineprice@gmail.com,(248) 519-3646,2467 Meadow Ln,San Diego,CA,83639,US,home_office,2022-12-03,bronze,
2111,Joyce,Turner,joyce.turner@yahoo.com,(835) 816-1648,4784 Pine St,Miami,FL,25989,US,consumer,2024-01-31,bronze,
2112,Kimberly,Cook,kimberlycook409@aol.com,(359) 261-4432,3236 Maple Dr,Detroit,MI,65766,US,consumer,2024-09-12,bronze,
2113,Rachel,Morris,rachelmorris86@yahoo.com,(410) 756-7261,1309 River Rd,Sacramento,CA,72986,US,consumer,2023-05-10,silver,
2114,Joyce,Hughes,joyce.hughes@outlook.com,(922) 300-6069,2218 Hill Rd,San Francisco,CA,70808,US,home_office,2025-02-21,bronze,
2115,Christopher,Gutierrez,christophergutierrez84@yahoo.com,(322) 335-9742,4901 River Rd,Salt Lake City,UT,27919,US,corporate,2022-05-12,bronze,
2116,Christina,Hughes,christina.hughes@protonmail.com,(687) 722-7037,6236 Hill Rd,Richmond,VA,66190,US,consumer,2023-10-12,bronze,
2117,Nicole,Martinez,nicole.martinez@gmail.com,(852) 711-5942,6209 Cedar Ln,Springfield,IL,85706,US,consumer,2025-05-13,gold,
2118,Lisa,Young,lisayoung20@aol.com,(249) 277-4890,5498 Washington Blvd,Buffalo,NY,53449,US,corporate,2023-01-07,gold,
2119,Edward,Kim,edwardkim@protonmail.com,(268) 616-9976,5643 River Rd,Tampa,FL,31917,US,consumer,2021-11-08,bronze,
2120,Daniel,Long,daniellong64@yahoo.com,(202) 342-6952,7972 Willow Way,Boston,MA,18520,US,home_office,2024-06-23,gold,
2121,Justin,Cooper,justincooper91@icloud.com,(636) 599-5625,9343 Lincoln Ave,Boise,ID,38954,US,home_office,2023-01-14,gold,
2122,Patricia,Mitchell,patricia.mitchell743@icloud.com,(643) 662-6699,3412 Spring St,Indianapolis,IN,57718,US,corporate,2022-06-02,gold,
2123,Donna,Jackson,donna.jackson753@yahoo.com,(666) 359-7385,2184 Cherry Ln,Indianapolis,IN,95643,US,home_office,2024-06-25,bronze,
2124,Stephanie,Campbell,stephanie.campbell@mail.com,(223) 879-1701,4818 Spruce St,Buffalo,NY,95709,US,consumer,2023-12-03,silver,
2125,Joseph,Lewis,joseph.lewis621@protonmail.com,(384) 466-1663,7293 Cherry Ln,Boise,ID,23448,US,home_office,2025-03-10,platinum,
2126,James,Brooks,james_brooks654@gmail.com,(888) 478-2643,2222 Valley Rd,Richmond,VA,28444,US,corporate,2024-01-01,silver,
2127,Jacob,Evans,jacob.evans613@yahoo.com,(324) 559-3643,3758 Pine St,Houston,TX,82379,US,corporate,2024-12-10,bronze,
2128,Nancy,Thompson,nancythompson@aol.com,(682) 534-3548,5865 Lincoln Ave,Boulder,CO,87470,US,consumer,2022-04-06,silver,
2129,Joshua,Jones,joshua.jones@aol.com,(663) 819-2897,6112 Laurel Ave,Portland,OR,23340,US,home_office,2024-12-28,silver,
2130,Christina,Young,christina_young86@hotmail.com,(526) 998-8258,2699 Cherry Ln,Dallas,TX,94296,US,consumer,2024-10-07,silver,
2131,Emma,Taylor,emma.taylor@icloud.com,(701) 769-1670,8589 Park Ave,Salt Lake City,UT,13828,US,consumer,2024-10-28,bronze,
2132,Harold,Cooper,harold.cooper10@yahoo.com,(836) 494-6397,4937 Maple Dr,Miami,FL,90381,US,consumer,2023-07-29,bronze,
2133,Virginia,Ross,virginia.ross@aol.com,(494) 680-7717,4716 Willow Way,Salt Lake City,UT,92419,US,corporate,2023-08-04,gold,
2134,Stephen,Jones,stephen.jones756@hotmail.com,(223) 594-4637,8155 Poplar St,Nashville,TN,83301,US,corporate,2021-11-15,gold,
2135,Gregory,Robinson,gregory_robinson@outlook.com,(299) 427-8284,3925 Hickory Dr,Tampa,FL,62756,US,corporate,2022-01-05,bronze,
2136,Pamela,Johnson,pamela_johnson43@icloud.com,(704) 581-6014,8925 Cherry Ln,San Francisco,CA,46471,US,home_office,2024-11-04,platinum,
2137,Pamela,Patel,pamela.patel54@gmail.com,(906) 505-6886,8517 Lincoln Ave,Dallas,TX,81201,US,consumer,2025-11-29,bronze,
2138,Mary,Carter,mary.carter94@icloud.com,(630) 670-4941,7412 Cherry Ln,Portland,OR,45830,US,corporate,2024-03-06,silver,
2139,Jeffrey,Garcia,jeffrey.garcia@mail.com,(624) 295-4648,9178 Maple Dr,Kansas City,MO,49169,US,consumer,2023-12-01,gold,
2140,Kelly,Peterson,kelly.peterson@gmail.com,(724) 487-4185,6529 Lincoln Ave,Milwaukee,WI,90449,US,home_office,2026-01-03,gold,
2141,Samantha,Ward,samantha_ward38@mail.com,(992) 710-3954,150 Valley Rd,Detroit,MI,46960,US,home_office,2024-08-20,platinum,
2142,Donald,Myers,donald.myers@aol.com,(724) 204-1522,1311 Forest Ave,Atlanta,GA,26517,US,corporate,2023-04-28,bronze,
2143,Joseph,Castillo,joseph_castillo44@yahoo.com,(535) 747-6538,7513 Hill Rd,Detroit,MI,86671,US,corporate,2024-02-12,gold,
2144,Deborah,Thompson,deborah_thompson73@gmail.com,(366) 484-3695,7409 Oak Ave,Charlotte,NC,41347,US,consumer,2022-02-15,bronze,
2145,Mark,James,mark.james80@aol.com,(567) 385-4641,5279 Ridge Rd,Buffalo,NY,80493,US,consumer,2021-12-30,gold,
2146,Shirley,Roberts,shirley.roberts@outlook.com,(819) 645-7427,9832 Maple Dr,San Antonio,TX,68015,US,home_office,2022-10-08,gold,
2147,Richard,Morales,richard_morales@outlook.com,(227) 509-2425,7603 Valley Rd,Kansas City,MO,33177,US,consumer,2023-07-23,silver,
2148,Dorothy,Mendoza,dorothy.mendoza76@protonmail.com,(818) 414-8779,6492 Park Ave,Los Angeles,CA,26541,US,consumer,2024-11-27,bronze,
2149,Dennis,Jones,dennis.jones@outlook.com,(712) 246-5949,125 Elm St,Nashville,TN,29821,US,consumer,2025-01-16,gold,
2150,Rebecca,Gonzalez,rebeccagonzalez@hotmail.com,(858) 449-4467,3698 Sunset Blvd,Charlotte,NC,89193,US,home_office,2023-01-28,bronze,
2151,William,Cox,william.cox159@gmail.com,(388) 925-6596,1630 Church St,Las Vegas,NV,29165,US,consumer,2023-12-26,bronze,
2152,Olivia,Baker,olivia_baker835@aol.com,(916) 704-2048,6037 Spring St,Boise,ID,88604,US,consumer,2022-04-15,gold,
2153,James,Sanders,james_sanders@hotmail.com,(200) 492-6638,2240 Willow Way,Seattle,WA,40714,US,corporate,2023-03-12,silver,
2154,Deborah,Wood,deborahwood576@yahoo.com,(491) 539-7174,7227 Willow Way,Boston,MA,47740,US,home_office,2025-11-23,gold,
2155,Jeffrey,Johnson,jeffreyjohnson16@icloud.com,(400) 893-2710,7396 Sunset Blvd,Buffalo,NY,66086,US,consumer,2025-05-03,bronze,
2156,Carolyn,Diaz,carolyn_diaz@mail.com,(863) 977-7849,2049 Main St,New York,NY,85431,US,consumer,2023-04-16,bronze,
2157,Stephen,Lopez,stephenlopez83@gmail.com,(616) 878-2215,2554 Pine St,Sacramento,CA,42231,US,consumer,2023-02-04,gold,
2158,Gregory,Anderson,gregory_anderson741@mail.com,(224) 595-8828,3351 River Rd,Las Vegas,NV,42253,US,consumer,2021-07-25,silver,
2159,Karen,Sanchez,karensanchez226@icloud.com,(799) 359-2173,6203 Hickory Dr,Houston,TX,93330,US,consumer,2022-11-26,bronze,
2160,Patrick,Torres,patricktorres66@hotmail.com,(709) 285-2361,2495 Lincoln Ave,Boston,MA,50837,US,corporate,2024-03-01,gold,
2161,Robert,Garcia,robert.garcia96@icloud.com,(991) 451-9812,3987 Chestnut St,Dallas,TX,19587,US,corporate,2026-03-25,silver,
2162,Charles,King,charles_king713@protonmail.com,(589) 827-4419,7844 Cherry Ln,Houston,TX,80172,US,corporate,2022-04-14,silver,
2163,Susan,Morales,susanmorales306@mail.com,(622) 550-2172,3446 Poplar St,Minneapolis,MN,78654,US,consumer,2026-01-10,silver,
2164,Jennifer,Gonzalez,jennifer.gonzalez@protonmail.com,(561) 367-8011,4798 Elm St,Indianapolis,IN,66502,US,home_office,2024-08-12,gold,
2165,Henry,Lewis,henry_lewis@mail.com,(387) 486-6176,3615 Birch St,Nashville,TN,42624,US,consumer,2022-07-10,gold,
2166,Adam,Campbell,adamcampbell51@mail.com,(620) 466-9666,8378 Hill Rd,Raleigh,NC,87159,US,home_office,2026-01-20,gold,
2167,Christopher,Perez,christopher_perez394@icloud.com,(323) 222-6027,2263 River Rd,Kansas City,MO,10761,US,corporate,2022-01-05,bronze,
2168,Justin,Taylor,justintaylor54@icloud.com,(312) 346-1888,2071 Cherry Ln,Kansas City,MO,68629,US,consumer,2025-10-28,gold,
2169,Carolyn,Murphy,carolyn.murphy336@icloud.com,(919) 222-8222,4218 Walnut St,Seattle,WA,45296,US,corporate,2022-12-09,silver,
2170,Elizabeth,Taylor,elizabethtaylor15@icloud.com,(204) 390-3414,4796 Laurel Ave,Boulder,CO,74674,US,consumer,2021-07-27,silver,
2171,Stephen,Ruiz,stephenruiz847@gmail.com,(493) 553-9073,2244 Spring St,Salt Lake City,UT,25232,US,corporate,2024-09-12,bronze,
2172,Donna,Hughes,donnahughes@hotmail.com,(435) 865-9678,1534 Hill Rd,Houston,TX,69347,US,consumer,2022-02-03,gold,
2173,Debra,Jackson,debra.jackson555@outlook.com,(910) 257-5419,1050 Chestnut St,Detroit,MI,61735,US,consumer,2025-04-19,gold,
2174,Stephanie,Foster,stephaniefoster57@hotmail.com,(616) 845-4599,8524 High St,Houston,TX,36274,US,home_office,2025-05-08,bronze,
2175,Joseph,Rodriguez,joseph.rodriguez@aol.com,(715) 474-3072,4148 Cherry Ln,Columbus,OH,81190,US,consumer,2021-07-09,silver,
2176,Anthony,Long,anthony.long55@protonmail.com,(223) 721-3726,8172 Willow Way,Indianapolis,IN,93641,US,home_office,2021-12-17,gold,
2177,Rachel,Clark,rachel_clark2@aol.com,(821) 492-8124,394 Valley Rd,Houston,TX,58558,US,consumer,2023-12-19,bronze,
2178,Emily,Reed,emilyreed@outlook.com,(467) 836-7055,9240 Poplar St,Buffalo,NY,38200,US,corporate,2024-11-19,platinum,
2179,Michael,Wood,michael.wood10@aol.com,(600) 312-8785,8694 Chestnut St,Nashville,TN,94185,US,corporate,2025-01-07,silver,
2180,Anna,Miller,anna.miller851@gmail.com,(492) 461-2116,4618 Oak Ave,Sacramento,CA,45643,US,corporate,2022-01-11,silver,
2181,David,Hall,david_hall50@yahoo.com,(903) 418-6409,8560 Ridge Rd,Boulder,CO,95790,US,consumer,2022-02-22,bronze,
2182,Emily,Rogers,emilyrogers28@mail.com,(527) 560-9285,3230 Oak Ave,Sacramento,CA,91849,US,consumer,2024-05-01,bronze,
2183,Susan,Phillips,susanphillips41@mail.com,(312) 698-8385,592 Maple Dr,Tampa,FL,89717,US,consumer,2021-06-02,platinum,
2184,Karen,Reyes,karenreyes514@hotmail.com,(695) 918-2684,1531 Cedar Ln,Las Vegas,NV,57947,US,consumer,2023-02-16,bronze,
2185,Harold,Roberts,harold_roberts@yahoo.com,(782) 784-8700,7186 Spring St,Columbus,OH,85909,US,corporate,2024-10-27,gold,
2186,Betty,James,betty.james@mail.com,(242) 936-6256,5454 Valley Rd,San Francisco,CA,37181,US,home_office,2025-04-04,bronze,
2187,Matthew,Allen,matthew_allen@icloud.com,(632) 535-8204,8937 Spring St,Dallas,TX,42363,US,home_office,2024-11-07,bronze,
2188,Donald,Young,donaldyoung707@outlook.com,(489) 363-7355,2327 Cedar Ln,Indianapolis,IN,71358,US,corporate,2023-04-08,bronze,
2189,Kevin,Bailey,kevin.bailey9@aol.com,(635) 638-9979,9909 Spruce St,Richmond,VA,37265,US,corporate,2024-01-26,silver,
2190,Jose,Jimenez,jose.jimenez255@icloud.com,(409) 361-8569,7848 Cherry Ln,San Antonio,TX,60364,US,corporate,2022-12-30,platinum,
2191,Emma,Bailey,emmabailey29@yahoo.com,(853) 579-2003,5242 Pine St,Austin,TX,77876,US,consumer,2023-10-23,bronze,
2192,Joshua,Diaz,joshua.diaz104@mail.com,(395) 207-9768,2050 Laurel Ave,Milwaukee,WI,11045,US,home_office,2024-04-20,bronze,
2193,Maria,Lewis,marialewis@mail.com,(686) 680-8469,1981 Laurel Ave,Springfield,IL,75701,US,corporate,2024-07-27,bronze,
2194,Sarah,Green,sarah.green89@protonmail.com,(403) 201-2007,7252 Poplar St,Los Angeles,CA,20871,US,corporate,2022-07-20,silver,
2195,Elizabeth,Miller,elizabeth.miller92@outlook.com,(398) 502-5755,3549 Laurel Ave,Richmond,VA,98841,US,consumer,2025-06-13,silver,
2196,Brian,Patel,brianpatel969@mail.com,(680) 296-7999,9497 Broadway,Springfield,IL,92692,US,consumer,2025-04-25,gold,
2197,Susan,Carter,susan_carter91@icloud.com,(990) 608-7596,6664 Hill Rd,Salt Lake City,UT,15333,US,consumer,2021-05-23,silver,
2198,Brandon,Castillo,brandoncastillo@hotmail.com,(494) 997-5358,287 Lincoln Ave,San Francisco,CA,58056,US,home_office,2023-04-24,silver,
2199,Christopher,Torres,christopher.torres488@icloud.com,(400) 999-8518,2987 Pine St,Boulder,CO,21566,US,corporate,2022-07-30,bronze,
2200,Elizabeth,Ross,elizabeth_ross738@gmail.com,(669) 221-6928,7836 Walnut St,Boston,MA,41882,US,consumer,2025-10-24,platinum,
2201,Michael,Ross,michael.ross604@yahoo.com,(284) 536-1608,719 Maple Dr,Chicago,IL,62031,US,home_office,2025-05-23,bronze,
2202,Rebecca,Johnson,rebecca.johnson@protonmail.com,(557) 773-4423,7680 Poplar St,Tampa,FL,54074,US,consumer,2025-01-17,bronze,
2203,Ryan,Bailey,ryan.bailey29@hotmail.com,(566) 703-2462,1767 Hill Rd,San Antonio,TX,84770,US,consumer,2024-05-10,silver,
2204,Jacob,Reed,jacob.reed@protonmail.com,(848) 596-5647,2553 Main St,Miami,FL,37219,US,consumer,2022-05-14,silver,
2205,Amy,Ruiz,amy.ruiz85@icloud.com,(349) 997-9494,5086 Church St,Dallas,TX,80611,US,corporate,2024-01-26,silver,
2206,Kimberly,Ramos,kimberly.ramos610@outlook.com,(497) 202-1645,2315 Main St,San Diego,CA,81578,US,home_office,2026-01-30,silver,
2207,Christine,Miller,christine.miller782@protonmail.com,(217) 527-2409,9167 Cherry Ln,San Francisco,CA,54291,US,consumer,2023-01-28,gold,
2208,Anthony,Jackson,anthony_jackson510@hotmail.com,(947) 258-4246,5248 Laurel Ave,Miami,FL,65156,US,home_office,2024-08-03,bronze,
2209,Timothy,Kim,timothykim@gmail.com,(291) 259-1931,9656 Oak Ave,San Diego,CA,78986,US,consumer,2023-07-14,gold,
2210,Emma,Walker,emma.walker554@yahoo.com,(944) 203-6074,2843 Meadow Ln,San Diego,CA,94370,US,home_office,2023-08-24,silver,
2211,Kevin,Hughes,kevin_hughes443@outlook.com,(839) 899-1828,809 Poplar St,Portland,OR,44407,US,corporate,2026-01-23,silver,
2212,Samantha,Cruz,samantha_cruz@protonmail.com,(603) 374-9745,8387 Birch St,San Francisco,CA,20793,US,home_office,2022-04-02,silver,
2213,Sarah,Gray,sarahgray@icloud.com,(979) 785-5965,4202 Cherry Ln,Salt Lake City,UT,70030,US,consumer,2023-12-28,bronze,
2214,Virginia,Hall,virginiahall@gmail.com,(557) 897-9986,4007 Main St,Seattle,WA,90330,US,home_office,2021-12-06,gold,
2215,Amy,Sanchez,amysanchez733@aol.com,(342) 296-3044,2293 Walnut St,Philadelphia,PA,65337,US,corporate,2025-09-05,silver,
2216,Sandra,Stewart,sandra_stewart94@gmail.com,(975) 945-2701,7960 High St,Indianapolis,IN,72775,US,consumer,2024-09-15,bronze,
2217,Angela,Murphy,angela_murphy@hotmail.com,(618) 441-8085,403 Maple Dr,Nashville,TN,95818,US,home_office,2022-04-15,silver,
2218,Peter,Jimenez,peterjimenez21@outlook.com,(806) 362-4015,7083 High St,Las Vegas,NV,68176,US,consumer,2023-08-20,platinum,
2219,Adam,Ruiz,adamruiz683@hotmail.com,(658) 859-7505,6475 Hickory Dr,Buffalo,NY,52580,US,home_office,2023-07-14,silver,
2220,Nancy,Peterson,nancypeterson792@gmail.com,(674) 498-4962,9267 Valley Rd,Detroit,MI,23916,US,consumer,2025-05-04,platinum,
2221,Carol,Baker,carolbaker62@outlook.com,(644) 530-9126,4856 Main St,Columbus,OH,81964,US,corporate,2023-05-15,bronze,
2222,Douglas,Bailey,douglas_bailey@icloud.com,(230) 274-5766,7223 Cedar Ln,Springfield,IL,60794,US,corporate,2023-10-06,bronze,
2223,Kathleen,Peterson,kathleenpeterson@outlook.com,(804) 560-7495,1521 Valley Rd,Nashville,TN,79845,US,consumer,2025-12-20,bronze,
2224,William,Chavez,william.chavez40@gmail.com,(257) 867-6915,72 Chestnut St,San Diego,CA,89097,US,consumer,2022-06-29,silver,
2225,Kimberly,Wright,kimberlywright@mail.com,(774) 703-6727,816 Ridge Rd,Salt Lake City,UT,40528,US,consumer,2022-04-01,bronze,
2226,Heather,Jackson,heatherjackson@yahoo.com,(948) 353-6568,1046 Ridge Rd,Los Angeles,CA,76476,US,consumer,2024-11-04,bronze,
2227,Adam,Watson,adam.watson@gmail.com,(611) 877-6646,2969 Elm St,Dallas,TX,39761,US,consumer,2022-05-08,platinum,
2228,Edward,Cox,edward.cox749@gmail.com,(593) 372-1685,8168 Ridge Rd,Los Angeles,CA,35633,US,corporate,2021-05-28,gold,
2229,Sarah,King,sarah.king766@protonmail.com,(342) 465-8392,3920 Sunset Blvd,Charlotte,NC,93238,US,consumer,2022-09-03,gold,
2230,Patricia,Hughes,patricia_hughes900@yahoo.com,(857) 980-5539,6407 Walnut St,Philadelphia,PA,88323,US,consumer,2024-11-18,bronze,
2231,Kelly,Evans,kellyevans@protonmail.com,(755) 704-4412,4980 Lake Dr,Charlotte,NC,58847,US,corporate,2024-05-13,bronze,
2232,Steven,Nelson,stevennelson9@protonmail.com,(762) 749-7862,8424 Washington Blvd,Nashville,TN,97327,US,consumer,2021-10-27,bronze,
2233,Nicholas,Sanchez,nicholas_sanchez@icloud.com,(870) 760-8028,6824 Hickory Dr,Austin,TX,74818,US,home_office,2024-02-29,gold,
2234,Sharon,Gomez,sharon_gomez@outlook.com,(230) 878-8548,5979 Meadow Ln,Milwaukee,WI,71734,US,home_office,2023-06-25,platinum,
2235,Harold,Rogers,haroldrogers@protonmail.com,(989) 824-4578,4928 Park Ave,Tampa,FL,66442,US,corporate,2021-09-20,silver,
2236,Frank,Baker,frankbaker@aol.com,(526) 261-6917,9763 Elm St,San Diego,CA,79731,US,corporate,2021-11-20,bronze,
2237,Stephanie,Reyes,stephanie.reyes@gmail.com,(668) 401-5593,9888 Cherry Ln,San Antonio,TX,35709,US,home_office,2023-06-02,silver,
2238,Jennifer,Hughes,jennifer_hughes332@mail.com,(345) 804-6156,5659 Walnut St,Atlanta,GA,92429,US,consumer,2025-08-31,bronze,
2239,Donald,Bailey,donald.bailey@icloud.com,(772) 559-2801,630 Walnut St,Nashville,TN,27387,US,consumer,2025-09-30,bronze,
2240,Joshua,Baker,joshua.baker289@yahoo.com,(519) 414-6626,1061 Pine St,Portland,OR,70816,US,consumer,2023-06-02,silver,
2241,Kimberly,Foster,kimberlyfoster788@hotmail.com,(429) 968-9052,3082 Maple Dr,Minneapolis,MN,23181,US,corporate,2025-02-25,gold,
2242,Charles,Walker,charleswalker@aol.com,(370) 610-6864,7549 Hickory Dr,San Antonio,TX,44628,US,consumer,2024-02-27,bronze,
2243,Stephen,Parker,stephenparker287@icloud.com,(313) 908-1837,8125 Park Ave,Charlotte,NC,79275,US,corporate,2021-07-28,bronze,
2244,Stephen,Alvarez,stephenalvarez45@icloud.com,(282) 465-8067,9890 Hickory Dr,San Diego,CA,92026,US,home_office,2022-03-01,platinum,
2245,Justin,Robinson,justin_robinson13@aol.com,(552) 566-6122,7435 Chestnut St,Portland,OR,14096,US,home_office,2024-12-20,bronze,
2246,Sarah,Stewart,sarah.stewart@protonmail.com,(666) 404-5054,4099 Church St,Raleigh,NC,22513,US,corporate,2025-07-11,bronze,
2247,Nathan,Lopez,nathanlopez41@icloud.com,(633) 936-3732,4217 Laurel Ave,Las Vegas,NV,23304,US,consumer,2025-09-26,bronze,
2248,Dennis,Diaz,dennis.diaz363@yahoo.com,(723) 870-8242,2618 Main St,Indianapolis,IN,87221,US,home_office,2024-04-02,bronze,
2249,Christina,Davis,christina_davis@protonmail.com,(446) 220-4848,1209 High St,Minneapolis,MN,74758,US,corporate,2024-07-28,bronze,
2250,Michelle,Nelson,michelle.nelson437@outlook.com,(328) 893-7861,3729 Walnut St,Raleigh,NC,23101,US,consumer,2022-02-18,gold,
2251,Maria,Ramirez,maria_ramirez947@gmail.com,(515) 714-6638,4781 Ridge Rd,Buffalo,NY,29956,US,consumer,2024-01-06,bronze,
2252,Charles,Mitchell,charlesmitchell32@icloud.com,(247) 895-3371,3892 Cedar Ln,San Antonio,TX,42285,US,home_office,2024-06-14,silver,
2253,Thomas,Stewart,thomas_stewart99@protonmail.com,(677) 389-2047,5427 Hill Rd,Springfield,IL,87394,US,corporate,2026-02-24,silver,
2254,Catherine,Torres,catherinetorres@hotmail.com,(862) 506-5075,6104 Park Ave,Las Vegas,NV,21082,US,home_office,2022-01-09,silver,
2255,Debra,Wood,debra.wood86@mail.com,(321) 894-2756,259 High St,Detroit,MI,29277,US,home_office,2021-10-30,gold,
2256,Joseph,Gray,joseph_gray78@icloud.com,(265) 662-4500,8344 Cedar Ln,Austin,TX,66015,US,corporate,2025-10-15,gold,
2257,Debra,Ward,debra.ward154@mail.com,(434) 833-3549,1605 Broadway,Austin,TX,82082,US,corporate,2026-01-06,bronze,
2258,Ronald,Reed,ronald.reed@mail.com,(645) 996-8930,441 Spring St,Springfield,IL,27944,US,consumer,2023-10-16,gold,
2259,Angela,Mendoza,angela_mendoza63@aol.com,(554) 809-2326,3220 Oak Ave,Charlotte,NC,43331,US,consumer,2023-04-22,silver,
2260,Kenneth,Miller,kenneth.miller@protonmail.com,(960) 733-4998,9093 Lincoln Ave,Richmond,VA,14484,US,consumer,2025-02-16,platinum,
2261,Catherine,Flores,catherineflores@icloud.com,(715) 609-8415,774 Park Ave,Indianapolis,IN,95009,US,corporate,2022-03-05,silver,
2262,Paul,Johnson,pauljohnson@aol.com,(617) 901-8524,4876 Ridge Rd,Nashville,TN,19018,US,corporate,2026-03-27,platinum,
2263,Carolyn,Castillo,carolyn.castillo31@yahoo.com,(245) 277-4990,7314 Elm St,Houston,TX,19394,US,home_office,2024-02-10,gold,
2264,Virginia,Long,virginia_long@aol.com,(584) 261-2647,2617 Pine St,Philadelphia,PA,10382,US,consumer,2026-02-28,bronze,
2265,Donald,Morgan,donaldmorgan71@hotmail.com,(377) 232-4227,6337 Meadow Ln,New York,NY,25932,US,corporate,2021-07-14,silver,
2266,Mark,Turner,mark.turner650@yahoo.com,(864) 918-8846,6233 Lincoln Ave,Miami,FL,11655,US,corporate,2025-04-29,platinum,
2267,Catherine,Rogers,catherinerogers413@mail.com,(638) 693-4017,701 Main St,San Diego,CA,56345,US,corporate,2025-04-22,gold,
2268,William,Allen,williamallen@mail.com,(209) 667-2870,3956 Lake Dr,Las Vegas,NV,83482,US,corporate,2025-03-26,bronze,
2269,Virginia,Brown,virginiabrown645@icloud.com,(306) 384-4550,106 Meadow Ln,Salt Lake City,UT,58668,US,consumer,2023-05-10,gold,
2270,Maria,Anderson,mariaanderson182@aol.com,(858) 511-6927,5954 High St,Tampa,FL,89365,US,corporate,2023-03-17,bronze,
2271,Charles,Ward,charles_ward45@yahoo.com,(814) 390-8430,8168 Maple Dr,Las Vegas,NV,40975,US,consumer,2026-03-03,bronze,
2272,Laura,Sanders,laurasanders804@protonmail.com,(968) 344-7973,9579 Spring St,Miami,FL,62532,US,consumer,2025-09-29,silver,
2273,Sarah,Patel,sarah_patel98@mail.com,(756) 424-1413,5955 Sunset Blvd,Charlotte,NC,37193,US,consumer,2023-05-03,bronze,
2274,Richard,Sanchez,richardsanchez589@aol.com,(247) 369-3290,4730 Walnut St,Seattle,WA,59909,US,corporate,2024-08-27,gold,
2275,Joshua,Hill,joshua_hill49@protonmail.com,(409) 944-4578,4864 Walnut St,Los Angeles,CA,24476,US,home_office,2022-04-14,bronze,
2276,Ruth,Collins,ruth_collins13@outlook.com,(841) 887-2675,3041 Hill Rd,Charlotte,NC,77024,US,corporate,2024-08-28,gold,
2277,Joseph,Kim,joseph_kim69@hotmail.com,(625) 468-8851,4101 Church St,San Francisco,CA,51050,US,corporate,2024-10-03,bronze,
2278,Jonathan,Reed,jonathan_reed76@gmail.com,(421) 586-4790,464 Lake Dr,Los Angeles,CA,80947,US,corporate,2023-03-14,bronze,
2279,Gary,Mendoza,garymendoza83@hotmail.com,(906) 280-6644,2376 Cherry Ln,San Antonio,TX,87838,US,corporate,2025-01-20,bronze,
2280,Raymond,Chavez,raymond.chavez62@icloud.com,(812) 428-5590,716 Poplar St,New York,NY,44632,US,consumer,2026-02-27,bronze,
2281,Timothy,Myers,timothymyers@yahoo.com,(756) 662-3790,8415 Elm St,Houston,TX,46800,US,consumer,2025-01-02,bronze,
2282,Jessica,Gutierrez,jessica.gutierrez189@yahoo.com,(657) 913-7561,7872 River Rd,Sacramento,CA,98754,US,consumer,2021-11-11,bronze,
2283,Shirley,Ward,shirleyward633@aol.com,(790) 688-5667,9835 Oak Ave,Raleigh,NC,51382,US,consumer,2026-01-02,silver,
2284,Christina,Moore,christina.moore@aol.com,(759) 619-6500,5832 Meadow Ln,Kansas City,MO,22441,US,consumer,2023-04-08,bronze,
2285,Helen,Morgan,helenmorgan14@yahoo.com,(704) 416-6134,3986 Cedar Ln,Kansas City,MO,63468,US,consumer,2021-11-22,silver,
2286,Adam,Gonzalez,adam.gonzalez77@icloud.com,(659) 382-7789,6858 Lincoln Ave,Chicago,IL,49988,US,consumer,2021-09-30,bronze,
2287,Edward,Ramirez,edward_ramirez@yahoo.com,(787) 416-9610,6422 Meadow Ln,Sacramento,CA,31848,US,home_office,2023-03-13,gold,
2288,Joseph,Ross,joseph.ross@mail.com,(278) 636-9089,3089 Birch St,Nashville,TN,99557,US,consumer,2026-02-15,platinum,
2289,Joseph,Roberts,joseph.roberts89@yahoo.com,(447) 278-8703,4387 Broadway,Minneapolis,MN,14801,US,consumer,2022-06-18,silver,
2290,Michelle,Ruiz,michelleruiz8@outlook.com,(815) 565-5847,8453 Cherry Ln,Charlotte,NC,53634,US,consumer,2022-12-14,bronze,
2291,Mark,Baker,markbaker@yahoo.com,(356) 693-5562,9892 Ridge Rd,Seattle,WA,30201,US,corporate,2024-01-25,bronze,
2292,Douglas,Adams,douglas_adams14@yahoo.com,(814) 917-4018,9137 Laurel Ave,Detroit,MI,18751,US,consumer,2024-09-11,platinum,
2293,Adam,Murphy,adam_murphy208@outlook.com,(923) 392-7648,1991 Chestnut St,San Diego,CA,81041,US,consumer,2024-05-25,bronze,
2294,Sandra,Kelly,sandrakelly34@yahoo.com,(412) 940-5123,3830 Cedar Ln,Detroit,MI,51150,US,corporate,2024-05-02,bronze,
2295,Margaret,Jimenez,margaret.jimenez@mail.com,(812) 609-9541,756 Ridge Rd,Minneapolis,MN,86958,US,consumer,2023-04-19,bronze,
2296,Rachel,James,rachel_james907@mail.com,(338) 844-5547,9215 Willow Way,San Diego,CA,90121,US,consumer,2025-05-13,bronze,
2297,Henry,Thompson,henrythompson14@hotmail.com,(536) 866-2522,6562 Meadow Ln,Kansas City,MO,18437,US,consumer,2021-09-02,bronze,
2298,Peter,Clark,peter.clark@protonmail.com,(663) 229-8835,1983 Sunset Blvd,Houston,TX,96096,US,consumer,2021-12-13,gold,
2299,Alexander,Nguyen,alexander.nguyen91@outlook.com,(866) 375-3797,1542 Chestnut St,Atlanta,GA,90835,US,consumer,2021-11-21,bronze,
2300,Peter,Castillo,peter.castillo521@hotmail.com,(389) 951-4845,5123 Hill Rd,Las Vegas,NV,11889,US,consumer,2022-08-13,silver,
2301,Zachary,Cooper,zachary.cooper84@aol.com,(474) 372-5858,2545 Walnut St,Atlanta,GA,97576,US,home_office,2022-01-14,bronze,
2302,Christopher,Ruiz,christopher_ruiz32@gmail.com,(914) 815-6040,6740 Spring St,Raleigh,NC,21909,US,corporate,2022-08-23,bronze,
2303,Christine,Patel,christinepatel@icloud.com,(626) 480-1132,1689 Hill Rd,Boston,MA,74879,US,corporate,2025-07-24,platinum,
2304,Matthew,Richardson,matthewrichardson@hotmail.com,(678) 239-6241,2200 Hill Rd,Philadelphia,PA,52570,US,consumer,2026-03-29,bronze,
2305,Debra,Brooks,debrabrooks@protonmail.com,(277) 883-2156,3271 River Rd,San Francisco,CA,60243,US,home_office,2023-03-10,gold,
2306,Brandon,Wright,brandon.wright691@outlook.com,(236) 849-3859,7869 Church St,Miami,FL,60017,US,consumer,2023-05-25,silver,
2307,Justin,James,justin_james@icloud.com,(439) 437-9802,1529 Broadway,Columbus,OH,42774,US,consumer,2023-09-11,bronze,
2308,Adam,Rodriguez,adamrodriguez@gmail.com,(836) 436-6006,4595 Ridge Rd,Houston,TX,92696,US,corporate,2023-05-16,platinum,
2309,Donna,Smith,donna_smith@hotmail.com,(476) 619-4134,4914 Walnut St,Boulder,CO,77815,US,consumer,2025-08-10,bronze,
2310,Nicole,Robinson,nicole.robinson33@icloud.com,(304) 955-9631,7147 Laurel Ave,Columbus,OH,90254,US,consumer,2022-01-23,gold,
2311,Janet,Jones,janetjones56@aol.com,(379) 491-5081,6287 Lincoln Ave,San Antonio,TX,27504,US,corporate,2025-09-20,bronze,
2312,Kevin,Baker,kevin.baker@icloud.com,(222) 791-6691,9166 Ridge Rd,Austin,TX,78558,US,home_office,2021-08-15,gold,
2313,Melissa,Cox,melissa_cox963@gmail.com,(454) 782-7994,4643 River Rd,Las Vegas,NV,37463,US,consumer,2022-04-11,bronze,
2314,Scott,Gonzalez,scott_gonzalez@aol.com,(668) 327-9569,75 Oak Ave,Boulder,CO,87583,US,corporate,2021-06-26,silver,
2315,Amanda,Scott,amanda.scott71@hotmail.com,(481) 491-7585,8460 High St,Columbus,OH,66321,US,home_office,2025-03-13,gold,
2316,Emma,Morgan,emmamorgan75@gmail.com,(618) 917-2744,365 Spruce St,Salt Lake City,UT,66784,US,consumer,2026-02-11,platinum,
2317,Michael,Hernandez,michael_hernandez@yahoo.com,(226) 976-4520,7341 Cedar Ln,Tampa,FL,54134,US,consumer,2024-08-05,platinum,
2318,Kathleen,Rivera,kathleen_rivera56@gmail.com,(868) 546-2254,6921 Main St,Boise,ID,99944,US,consumer,2025-04-26,gold,
2319,Deborah,Morales,deborahmorales367@outlook.com,(409) 490-4399,7127 Broadway,Charlotte,NC,77780,US,consumer,2022-06-11,gold,
2320,Robert,Scott,robert_scott117@icloud.com,(618) 618-4757,5623 Hill Rd,Richmond,VA,15971,US,consumer,2024-11-24,bronze,
2321,Julie,Alvarez,juliealvarez282@protonmail.com,(273) 682-9799,5426 Birch St,Austin,TX,68419,US,home_office,2025-09-06,bronze,
2322,Joshua,Jones,joshua.jones157@hotmail.com,(751) 531-9036,2826 Cherry Ln,Las Vegas,NV,59334,US,corporate,2026-02-11,bronze,
2323,Angela,Martinez,angelamartinez@aol.com,(786) 450-7671,6314 Washington Blvd,Sacramento,CA,52346,US,corporate,2024-10-26,bronze,
2324,Brian,Lewis,brian.lewis@gmail.com,(988) 281-3315,9000 Broadway,Raleigh,NC,59462,US,consumer,2024-12-07,bronze,
2325,Kevin,Hernandez,kevinhernandez@aol.com,(858) 715-7043,8024 Forest Ave,Dallas,TX,55911,US,home_office,2023-05-04,silver,
2326,Timothy,Ross,timothy_ross7@icloud.com,(624) 350-1845,6922 Washington Blvd,Boulder,CO,43256,US,home_office,2023-03-03,bronze,
2327,Debra,Torres,debra.torres81@protonmail.com,(720) 999-7185,3812 Cedar Ln,Miami,FL,80414,US,home_office,2023-10-29,silver,
2328,Gregory,Martin,gregory.martin29@protonmail.com,(290) 688-1783,3602 Hickory Dr,Raleigh,NC,26257,US,consumer,2021-08-30,bronze,
2329,Joshua,Scott,joshua_scott60@outlook.com,(891) 623-3226,4015 Church St,Columbus,OH,68261,US,corporate,2024-11-16,bronze,
2330,Kenneth,Hughes,kenneth.hughes728@mail.com,(707) 471-9123,4467 Walnut St,Charlotte,NC,47598,US,consumer,2024-10-23,silver,
2331,Andrew,Cook,andrewcook241@icloud.com,(394) 656-8531,451 Cherry Ln,Tampa,FL,41460,US,consumer,2025-10-31,gold,
2332,Deborah,Reyes,deborah_reyes72@gmail.com,(471) 353-1369,6902 Forest Ave,Milwaukee,WI,56490,US,consumer,2025-12-07,gold,
2333,Michelle,Kim,michelle_kim45@yahoo.com,(277) 524-8719,3408 Oak Ave,Seattle,WA,91525,US,corporate,2024-01-27,silver,
2334,Linda,Jones,lindajones147@aol.com,(956) 234-7701,6528 Spring St,Charlotte,NC,76353,US,corporate,2023-06-16,bronze,
2335,Donald,Myers,donald_myers93@hotmail.com,(737) 541-7924,4031 River Rd,Charlotte,NC,33631,US,consumer,2021-11-21,silver,
2336,Henry,Gray,henry.gray@gmail.com,(237) 466-8641,9350 Willow Way,San Francisco,CA,20312,US,consumer,2023-02-04,bronze,
2337,Linda,Patel,linda.patel698@icloud.com,(631) 279-2288,9302 Broadway,Boise,ID,62311,US,consumer,2022-10-13,bronze,
2338,William,Lopez,williamlopez14@hotmail.com,(966) 658-5533,6986 Maple Dr,Indianapolis,IN,50889,US,consumer,2024-11-16,silver,
2339,Jacob,Edwards,jacob_edwards622@protonmail.com,(723) 698-1000,7563 Willow Way,Atlanta,GA,86487,US,consumer,2021-05-08,bronze,
2340,Stephanie,Bennett,stephaniebennett@gmail.com,(958) 581-3181,6622 River Rd,Charlotte,NC,88695,US,consumer,2024-06-03,bronze,
2341,Melissa,Williams,melissawilliams@aol.com,(935) 368-4812,60 Willow Way,Portland,OR,33655,US,corporate,2023-07-01,platinum,
2342,Alexander,White,alexander_white@icloud.com,(484) 692-4964,2863 Poplar St,Las Vegas,NV,30390,US,consumer,2022-05-26,platinum,
2343,Steven,Davis,steven_davis@protonmail.com,(585) 233-6051,5039 Forest Ave,Richmond,VA,41933,US,consumer,2024-08-25,bronze,
2344,Stephen,Ramos,stephen.ramos564@icloud.com,(371) 467-8458,4956 Hickory Dr,Philadelphia,PA,26803,US,consumer,2022-03-14,bronze,
2345,Matthew,Adams,matthewadams@gmail.com,(964) 888-3727,8267 Sunset Blvd,Portland,OR,94559,US,home_office,2025-07-18,bronze,
2346,Olivia,Rivera,olivia.rivera865@protonmail.com,(623) 517-9141,4956 Cedar Ln,Milwaukee,WI,36710,US,corporate,2024-04-07,bronze,
2347,Anthony,Campbell,anthony.campbell@gmail.com,(344) 563-9423,3205 Lake Dr,Charlotte,NC,64841,US,corporate,2023-04-18,platinum,
2348,Jonathan,Hernandez,jonathan_hernandez736@icloud.com,(853) 371-2948,9018 Lincoln Ave,Richmond,VA,52974,US,consumer,2021-12-29,bronze,
2349,Peter,Richardson,peterrichardson928@aol.com,(922) 893-2244,9077 Church St,Austin,TX,53292,US,corporate,2024-06-28,gold,
2350,Ruth,Gutierrez,ruth.gutierrez49@outlook.com,(420) 750-4367,9628 Park Ave,Chicago,IL,50769,US,consumer,2025-12-06,bronze,
2351,Maria,Kelly,maria.kelly@gmail.com,(400) 745-2065,6311 Washington Blvd,Tampa,FL,43962,US,corporate,2022-02-02,platinum,
2352,Alexander,Cox,alexander.cox@icloud.com,(788) 674-4967,9628 Willow Way,Sacramento,CA,23317,US,home_office,2025-01-27,bronze,
2353,David,Rogers,david_rogers@aol.com,(292) 289-5845,1444 Washington Blvd,Indianapolis,IN,42697,US,corporate,2023-12-02,gold,
2354,Kevin,Chavez,kevin_chavez@yahoo.com,(528) 428-1638,965 Birch St,Boulder,CO,50279,US,home_office,2023-04-03,bronze,
2355,Mary,Edwards,mary_edwards190@yahoo.com,(248) 831-7672,8996 Hill Rd,Charlotte,NC,96985,US,corporate,2024-01-28,silver,
2356,Kenneth,Collins,kenneth_collins959@protonmail.com,(443) 967-6004,4974 Cedar Ln,Detroit,MI,83185,US,consumer,2026-03-30,bronze,
2357,Scott,Ramos,scott.ramos516@aol.com,(549) 356-1902,5027 Walnut St,Kansas City,MO,20752,US,home_office,2022-06-18,bronze,
2358,Lauren,Sanders,lauren.sanders@protonmail.com,(856) 589-2528,965 Laurel Ave,San Francisco,CA,79001,US,consumer,2024-05-11,platinum,
2359,Christopher,Bennett,christopher_bennett919@yahoo.com,(614) 748-3316,8249 Poplar St,Kansas City,MO,26507,US,corporate,2024-08-11,platinum,
2360,Debra,Hernandez,debrahernandez464@protonmail.com,(374) 865-7242,2393 Main St,Columbus,OH,79347,US,consumer,2022-05-10,gold,
2361,Benjamin,Wright,benjamin_wright918@yahoo.com,(963) 203-1182,9318 Park Ave,Nashville,TN,28238,US,consumer,2025-12-17,silver,
2362,Amy,Taylor,amy.taylor71@gmail.com,(920) 406-3587,500 Oak Ave,Dallas,TX,94592,US,consumer,2023-08-01,gold,
2363,Douglas,Wright,douglaswright44@outlook.com,(460) 395-8587,2372 Lincoln Ave,Springfield,IL,55829,US,consumer,2024-08-03,bronze,
2364,Donna,Nelson,donna.nelson@icloud.com,(893) 724-1377,8455 Church St,Dallas,TX,12088,US,consumer,2023-05-18,bronze,
2365,Jennifer,Torres,jennifertorres@aol.com,(213) 628-6875,7817 Lake Dr,Philadelphia,PA,69133,US,corporate,2026-03-03,bronze,
2366,Frank,Cox,frank_cox835@gmail.com,(463) 285-9235,5415 High St,Boise,ID,61398,US,consumer,2026-02-17,silver,
2367,Anthony,Jones,anthony.jones437@icloud.com,(641) 337-4613,9157 Sunset Blvd,Boise,ID,79578,US,consumer,2021-07-24,bronze,
2368,Harold,Rogers,harold_rogers94@protonmail.com,(913) 828-4893,3376 Church St,New York,NY,96376,US,corporate,2024-05-19,bronze,
2369,Rebecca,Chavez,rebecca.chavez963@gmail.com,(290) 300-4170,150 Poplar St,Columbus,OH,46627,US,consumer,2025-11-02,silver,
2370,Adam,Ramos,adam_ramos86@yahoo.com,(971) 791-1252,8339 Main St,Seattle,WA,37173,US,corporate,2021-06-04,gold,
2371,Jessica,Ross,jessicaross362@icloud.com,(947) 451-3760,5047 Maple Dr,Boston,MA,87217,US,corporate,2024-10-21,bronze,
2372,Kimberly,Collins,kimberlycollins94@hotmail.com,(515) 651-3099,9643 Spring St,Miami,FL,22186,US,home_office,2023-07-04,bronze,
2373,Jacob,Ramirez,jacobramirez939@icloud.com,(946) 426-3065,8085 Main St,Indianapolis,IN,82953,US,corporate,2021-11-25,bronze,
2374,Henry,Rogers,henryrogers934@protonmail.com,(539) 589-3445,6023 Cherry Ln,Austin,TX,96970,US,consumer,2022-01-27,bronze,
2375,Raymond,White,raymond.white268@gmail.com,(978) 982-2815,2528 Park Ave,Seattle,WA,58957,US,corporate,2025-02-14,bronze,
2376,Jennifer,Parker,jenniferparker66@aol.com,(897) 632-8945,8114 Meadow Ln,Kansas City,MO,12421,US,consumer,2025-06-24,silver,
2377,Stephanie,Scott,stephanie_scott71@aol.com,(951) 487-6332,5485 Pine St,Milwaukee,WI,20400,US,consumer,2023-11-25,silver,
2378,Dorothy,Brooks,dorothy.brooks11@icloud.com,(900) 926-6402,8241 Chestnut St,Austin,TX,91612,US,corporate,2022-04-04,silver,
2379,Emily,Morgan,emilymorgan@yahoo.com,(922) 851-5769,2564 High St,Columbus,OH,68164,US,consumer,2021-11-19,bronze,
2380,Maria,Thomas,mariathomas220@mail.com,(634) 463-6482,4395 Lincoln Ave,Portland,OR,63249,US,corporate,2021-10-12,gold,
2381,Tyler,Green,tyler.green466@protonmail.com,(518) 314-7607,8674 Lincoln Ave,Raleigh,NC,65937,US,home_office,2023-09-24,bronze,
2382,Christina,Castillo,christina.castillo@icloud.com,(954) 716-4009,1807 Church St,Sacramento,CA,35122,US,home_office,2024-01-31,silver,
2383,William,Ross,williamross42@outlook.com,(376) 487-3368,8591 Lake Dr,Houston,TX,80968,US,home_office,2023-10-08,gold,
2384,Michelle,Foster,michellefoster77@protonmail.com,(620) 766-1799,7142 Ridge Rd,Tampa,FL,16463,US,consumer,2023-02-18,bronze,
2385,Aaron,Brooks,aaronbrooks@hotmail.com,(401) 507-1082,5467 Spruce St,New York,NY,38727,US,consumer,2021-09-24,bronze,
2386,Catherine,Walker,catherine_walker68@mail.com,(306) 554-6346,4466 High St,Tampa,FL,12067,US,corporate,2021-11-03,gold,
2387,Ashley,Howard,ashley.howard141@protonmail.com,(696) 473-7601,8123 Pine St,Houston,TX,16301,US,consumer,2024-01-30,bronze,
2388,Catherine,Clark,catherine_clark90@yahoo.com,(309) 813-3509,6698 Forest Ave,Nashville,TN,92121,US,corporate,2025-04-09,silver,
2389,Aaron,Cook,aaron_cook@yahoo.com,(565) 528-4563,322 Walnut St,Miami,FL,75159,US,corporate,2022-12-21,bronze,
2390,Amanda,Green,amandagreen@protonmail.com,(386) 626-5256,9951 Spring St,Seattle,WA,62122,US,corporate,2021-09-11,silver,
2391,Samuel,Rogers,samuel_rogers37@gmail.com,(656) 774-1366,5627 Maple Dr,Milwaukee,WI,97333,US,consumer,2025-07-23,bronze,
2392,Rachel,Reed,rachel.reed@mail.com,(694) 583-7067,2510 Broadway,New York,NY,98812,US,consumer,2021-05-23,bronze,
2393,Joshua,Gonzalez,joshua_gonzalez@icloud.com,(410) 888-2643,4516 Lincoln Ave,Las Vegas,NV,80975,US,consumer,2021-11-04,silver,
2394,Eric,Ross,ericross350@icloud.com,(878) 784-8796,7209 Forest Ave,Atlanta,GA,66934,US,consumer,2026-01-06,bronze,
2395,Timothy,Jimenez,timothy_jimenez75@gmail.com,(570) 533-5964,3445 Ridge Rd,Tampa,FL,50097,US,home_office,2023-12-25,bronze,
2396,Jerry,Parker,jerryparker61@yahoo.com,(544) 620-3862,44 Hickory Dr,Dallas,TX,86318,US,consumer,2023-07-03,bronze,
2397,Jerry,Ward,jerry.ward514@hotmail.com,(505) 315-6665,5898 Broadway,Seattle,WA,70792,US,consumer,2025-01-13,bronze,
2398,Jessica,Miller,jessicamiller@icloud.com,(858) 458-8575,3748 Cherry Ln,Salt Lake City,UT,47714,US,consumer,2022-04-20,bronze,
2399,Kimberly,Walker,kimberlywalker938@aol.com,(910) 749-8925,2834 Spring St,Houston,TX,57878,US,corporate,2021-05-26,bronze,
2400,Nicholas,Baker,nicholas_baker@icloud.com,(476) 863-8992,1561 Church St,Philadelphia,PA,79988,US,corporate,2021-07-27,platinum,
2401,Peter,Wood,peter_wood319@icloud.com,(355) 443-3368,6110 Spring St,Charlotte,NC,82441,US,consumer,2023-09-17,bronze,
2402,Adam,Jimenez,adamjimenez96@mail.com,(964) 812-5938,5934 Poplar St,Richmond,VA,75743,US,consumer,2024-09-28,silver,
2403,Katherine,Evans,katherine_evans259@aol.com,(843) 855-2926,6727 Elm St,Boulder,CO,41239,US,consumer,2023-06-07,bronze,
2404,Jack,Patel,jackpatel82@gmail.com,(507) 218-8618,4123 Church St,Chicago,IL,87712,US,consumer,2023-05-20,bronze,
2405,Samantha,Alvarez,samantha.alvarez33@mail.com,(937) 910-5023,2040 Valley Rd,Boston,MA,55783,US,corporate,2024-01-11,platinum,
2406,Pamela,Baker,pamela.baker@mail.com,(490) 581-7593,2010 Forest Ave,San Diego,CA,13329,US,corporate,2023-06-12,bronze,
2407,Nicole,Roberts,nicole.roberts3@icloud.com,(830) 894-1511,1719 Forest Ave,San Diego,CA,14622,US,consumer,2023-07-24,platinum,
2408,Ryan,Kelly,ryankelly@mail.com,(756) 642-3917,5142 Walnut St,Detroit,MI,22827,US,consumer,2024-07-17,bronze,
2409,Kelly,Price,kelly.price15@hotmail.com,(880) 762-7950,6584 Walnut St,Raleigh,NC,42766,US,home_office,2025-03-09,gold,
2410,Betty,Diaz,betty_diaz476@icloud.com,(920) 739-7676,8013 Oak Ave,San Diego,CA,69566,US,consumer,2024-09-10,silver,
2411,Sarah,Morgan,sarahmorgan@hotmail.com,(436) 553-2744,120 Maple Dr,Boulder,CO,45665,US,corporate,2023-08-03,gold,
2412,Michael,Cox,michael_cox40@aol.com,(829) 432-8081,3687 River Rd,Indianapolis,IN,72886,US,consumer,2023-03-09,silver,
2413,Edward,Cruz,edward.cruz374@gmail.com,(400) 920-1180,7476 Walnut St,Sacramento,CA,39927,US,consumer,2024-04-08,silver,
2414,Heather,Watson,heather_watson@protonmail.com,(225) 725-3852,2974 Walnut St,Minneapolis,MN,64405,US,consumer,2025-10-27,bronze,
2415,Zachary,Sanders,zachary_sanders370@yahoo.com,(344) 718-9570,7032 Broadway,Columbus,OH,23590,US,corporate,2021-04-22,bronze,
2416,Ruth,Taylor,ruthtaylor@yahoo.com,(470) 841-3726,2607 Birch St,Detroit,MI,59494,US,home_office,2025-05-10,platinum,
2417,Harold,Wilson,haroldwilson908@outlook.com,(541) 833-6015,5218 Forest Ave,Indianapolis,IN,44616,US,consumer,2023-07-22,bronze,
2418,Timothy,Mitchell,timothymitchell28@icloud.com,(486) 493-2251,8533 Cedar Ln,Springfield,IL,79772,US,consumer,2025-04-03,bronze,
2419,William,Ramirez,william_ramirez292@gmail.com,(903) 546-3365,3377 Valley Rd,Sacramento,CA,94943,US,consumer,2026-01-25,gold,
2420,Richard,Ruiz,richardruiz555@protonmail.com,(725) 508-2633,8138 Maple Dr,Atlanta,GA,44101,US,consumer,2025-08-11,bronze,
2421,Christine,Moore,christine.moore4@hotmail.com,(403) 448-6302,978 Laurel Ave,Atlanta,GA,22772,US,consumer,2024-04-21,platinum,
2422,Nancy,Cruz,nancy.cruz70@gmail.com,(400) 201-9325,6470 Poplar St,Milwaukee,WI,48152,US,consumer,2021-10-09,gold,
2423,Douglas,Morris,douglas.morris@protonmail.com,(877) 880-8916,1777 Valley Rd,Las Vegas,NV,41095,US,corporate,2024-01-14,silver,
2424,Timothy,Jackson,timothyjackson@mail.com,(631) 869-8909,6817 Elm St,New York,NY,22295,US,consumer,2024-05-01,gold,
2425,Charles,Garcia,charles_garcia636@protonmail.com,(774) 250-5911,8209 Church St,Chicago,IL,85275,US,consumer,2022-05-01,bronze,
2426,Jennifer,Lewis,jenniferlewis21@icloud.com,(610) 462-8035,4891 Cedar Ln,Salt Lake City,UT,87178,US,home_office,2024-01-26,bronze,
2427,William,Phillips,william.phillips835@hotmail.com,(823) 898-1334,4099 Birch St,Columbus,OH,84596,US,consumer,2022-12-31,silver,
2428,Larry,Castillo,larrycastillo598@gmail.com,(434) 505-3141,1876 Chestnut St,Minneapolis,MN,88142,US,home_office,2024-01-14,bronze,
2429,Debra,Miller,debra.miller170@icloud.com,(772) 787-2635,6507 Valley Rd,Boulder,CO,28638,US,consumer,2022-10-19,gold,
2430,Ronald,Reyes,ronald.reyes@yahoo.com,(540) 452-2097,6521 Willow Way,Miami,FL,28159,US,home_office,2021-11-17,platinum,
2431,Lisa,Phillips,lisa.phillips@protonmail.com,(785) 952-1410,7463 Spring St,Boise,ID,46221,US,corporate,2023-08-22,silver,
2432,Mary,Jackson,maryjackson30@hotmail.com,(974) 715-5883,1355 Main St,Boulder,CO,63510,US,home_office,2022-10-26,bronze,
2433,Laura,Walker,laura_walker11@icloud.com,(459) 586-4566,2001 Main St,Nashville,TN,31354,US,home_office,2021-11-26,platinum,
2434,Joshua,Miller,joshua.miller@hotmail.com,(288) 785-6413,8409 Ridge Rd,Charlotte,NC,86402,US,consumer,2021-06-29,silver,
2435,Larry,Howard,larry.howard447@mail.com,(302) 704-9076,7962 Chestnut St,Buffalo,NY,13516,US,home_office,2021-11-18,silver,
2436,John,Hall,john_hall@aol.com,(275) 332-5155,79 River Rd,Columbus,OH,22218,US,consumer,2022-07-01,bronze,
2437,Steven,Cooper,steven.cooper749@icloud.com,(413) 444-8343,9153 Lake Dr,Columbus,OH,25113,US,consumer,2021-11-19,platinum,
2438,Ryan,Ross,ryan_ross575@protonmail.com,(262) 209-7353,3678 Hill Rd,Atlanta,GA,52545,US,consumer,2022-03-20,silver,
2439,Aaron,Alvarez,aaron_alvarez750@hotmail.com,(281) 854-8740,731 Park Ave,Miami,FL,39595,US,corporate,2023-12-31,gold,
2440,Kimberly,Howard,kimberly_howard948@mail.com,(541) 973-9189,5576 Cedar Ln,Tampa,FL,10042,US,consumer,2024-12-17,gold,
2441,Anna,Scott,annascott6@mail.com,(942) 422-2918,5644 Church St,Buffalo,NY,12560,US,corporate,2022-06-13,bronze,
2442,Nathan,Nguyen,nathan.nguyen62@icloud.com,(793) 935-5897,6776 Hickory Dr,Milwaukee,WI,25383,US,corporate,2025-01-28,silver,
2443,Susan,Miller,susan_miller74@aol.com,(660) 570-5750,6854 River Rd,Nashville,TN,70468,US,corporate,2024-11-06,gold,
2444,Angela,Reed,angela_reed20@hotmail.com,(503) 719-6535,406 Cherry Ln,Atlanta,GA,36636,US,home_office,2022-03-11,bronze,
2445,Mary,Cox,marycox34@icloud.com,(959) 626-1186,6209 Willow Way,Las Vegas,NV,87349,US,consumer,2023-01-24,gold,
2446,Nancy,Wood,nancywood@outlook.com,(619) 761-8804,7256 Laurel Ave,San Diego,CA,67764,US,consumer,2025-03-22,platinum,
2447,Jeffrey,Kim,jeffrey_kim141@hotmail.com,(783) 778-7656,6165 Park Ave,Dallas,TX,75143,US,consumer,2023-01-17,silver,
2448,Emma,White,emmawhite@yahoo.com,(256) 648-4905,2019 Pine St,Nashville,TN,82600,US,consumer,2021-08-08,gold,
2449,Rebecca,Thompson,rebecca.thompson@protonmail.com,(752) 868-3751,3305 Elm St,Boston,MA,40386,US,consumer,2021-08-19,gold,
2450,Debra,Jimenez,debra.jimenez@hotmail.com,(831) 803-4764,4587 Church St,Tampa,FL,12956,US,consumer,2022-05-20,gold,
2451,Jose,Price,jose.price49@hotmail.com,(896) 202-7534,2139 Washington Blvd,Nashville,TN,54698,US,consumer,2024-04-21,bronze,
2452,Jonathan,Gomez,jonathan_gomez18@yahoo.com,(339) 717-6630,7904 Chestnut St,Miami,FL,16364,US,home_office,2022-12-17,bronze,
2453,Tyler,Carter,tyler_carter643@icloud.com,(494) 744-8845,4021 Cedar Ln,Minneapolis,MN,25263,US,corporate,2022-01-09,silver,
2454,Benjamin,Long,benjaminlong@icloud.com,(558) 518-3345,5309 Park Ave,Los Angeles,CA,68204,US,consumer,2025-11-04,silver,
2455,Maria,Hill,maria.hill@mail.com,(770) 634-9684,8919 Church St,Raleigh,NC,13593,US,corporate,2021-11-09,silver,
2456,Jennifer,Robinson,jenniferrobinson@yahoo.com,(455) 276-8873,1525 Lincoln Ave,San Diego,CA,52733,US,consumer,2023-04-14,gold,
2457,Stephanie,Turner,stephanie.turner894@outlook.com,(752) 683-9593,2613 Poplar St,Milwaukee,WI,78078,US,consumer,2022-07-07,bronze,
2458,Betty,Hughes,betty.hughes@aol.com,(781) 570-7696,9442 Hickory Dr,San Antonio,TX,24824,US,corporate,2025-07-17,silver,
2459,Lauren,Bennett,laurenbennett51@yahoo.com,(637) 208-4841,2995 Valley Rd,Boulder,CO,82968,US,consumer,2024-10-21,bronze,
2460,James,Stewart,james.stewart@gmail.com,(383) 739-8989,5546 Walnut St,Philadelphia,PA,20392,US,consumer,2025-12-01,gold,
2461,Robert,Jackson,robertjackson848@gmail.com,(284) 940-9013,4876 Spring St,Charlotte,NC,45597,US,home_office,2024-06-07,silver,
2462,Ronald,Scott,ronaldscott@yahoo.com,(256) 475-7648,2157 Spruce St,Kansas City,MO,71140,US,home_office,2022-03-23,bronze,
2463,Katherine,Patel,katherine.patel@protonmail.com,(897) 896-8328,4519 Elm St,Tampa,FL,16658,US,corporate,2026-01-01,bronze,
2464,Virginia,Castillo,virginia_castillo592@icloud.com,(499) 952-9894,3305 Main St,Boulder,CO,85086,US,corporate,2024-02-11,gold,
2465,Nicholas,Murphy,nicholas.murphy805@hotmail.com,(607) 747-1171,803 Birch St,Las Vegas,NV,21524,US,corporate,2026-01-24,silver,
2466,Kevin,Edwards,kevinedwards@protonmail.com,(697) 277-5389,8195 Chestnut St,Minneapolis,MN,23070,US,consumer,2024-10-15,bronze,
2467,Samantha,Collins,samantha.collins@yahoo.com,(779) 642-9132,2167 Main St,Milwaukee,WI,90927,US,consumer,2023-08-07,platinum,
2468,Brian,Martinez,brianmartinez@outlook.com,(762) 941-6780,3904 Park Ave,Houston,TX,29581,US,consumer,2023-01-25,gold,
2469,Laura,Smith,laura_smith@mail.com,(799) 548-9282,9723 Poplar St,Austin,TX,23518,US,consumer,2024-12-17,platinum,
2470,Jonathan,Watson,jonathan_watson@yahoo.com,(639) 416-8268,4628 Lincoln Ave,Buffalo,NY,31610,US,corporate,2024-01-10,silver,
2471,Kelly,Reyes,kelly_reyes409@yahoo.com,(517) 387-5899,3904 Broadway,Salt Lake City,UT,64007,US,consumer,2021-06-24,silver,
2472,Deborah,Taylor,deborah_taylor181@hotmail.com,(909) 271-3913,9423 Birch St,Philadelphia,PA,71581,US,home_office,2022-12-12,gold,
2473,Donald,Ross,donaldross56@mail.com,(375) 969-5225,3134 Ridge Rd,Philadelphia,PA,50070,US,home_office,2024-02-19,silver,
2474,Benjamin,Baker,benjamin_baker573@mail.com,(368) 818-7166,7808 Cedar Ln,Charlotte,NC,54244,US,corporate,2026-01-29,gold,
2475,Dennis,Alvarez,dennis_alvarez630@gmail.com,(360) 828-1768,4428 Poplar St,Portland,OR,79984,US,corporate,2021-11-26,bronze,
2476,Samuel,Nguyen,samuel.nguyen582@protonmail.com,(251) 841-1500,9300 Hill Rd,Sacramento,CA,11243,US,home_office,2022-03-29,silver,
2477,David,Turner,davidturner@mail.com,(625) 330-5718,6644 Church St,Austin,TX,28143,US,consumer,2023-07-01,bronze,
2478,George,King,georgeking@protonmail.com,(813) 436-1869,4398 Poplar St,Buffalo,NY,92513,US,corporate,2025-02-11,bronze,
2479,Douglas,Gonzalez,douglasgonzalez43@hotmail.com,(311) 927-2862,3021 Hickory Dr,Salt Lake City,UT,33891,US,consumer,2025-11-02,bronze,
2480,Michelle,Rodriguez,michelle_rodriguez63@protonmail.com,(785) 213-1188,8548 Lake Dr,New York,NY,26498,US,corporate,2023-01-28,bronze,
2481,Aaron,Lewis,aaron.lewis725@aol.com,(659) 513-3680,9425 Valley Rd,Austin,TX,93541,US,consumer,2024-11-13,platinum,
2482,Adam,Ross,adamross430@protonmail.com,(900) 625-8885,1351 Spring St,Milwaukee,WI,42662,US,home_office,2025-01-24,bronze,
2483,Robert,Perez,robert.perez@aol.com,(676) 946-4871,5316 Main St,Indianapolis,IN,15597,US,home_office,2021-07-08,silver,
2484,Charles,Cox,charlescox@gmail.com,(642) 507-8426,1107 Spruce St,Kansas City,MO,94531,US,consumer,2021-05-17,gold,
2485,Joshua,Jackson,joshua_jackson@icloud.com,(525) 466-1860,2885 Ridge Rd,Boston,MA,42582,US,consumer,2023-07-18,silver,
2486,Stephanie,Richardson,stephanie_richardson247@gmail.com,(952) 643-8256,4386 Broadway,Charlotte,NC,39443,US,home_office,2022-05-27,bronze,
2487,Betty,Flores,betty.flores88@gmail.com,(483) 527-4473,5682 Elm St,San Antonio,TX,77290,US,consumer,2025-05-13,gold,
2488,Brenda,Ruiz,brenda.ruiz@hotmail.com,(723) 300-4626,323 Poplar St,Miami,FL,73098,US,home_office,2025-08-20,silver,
2489,Emily,Baker,emily.baker958@hotmail.com,(251) 385-4768,5083 Cedar Ln,Las Vegas,NV,33424,US,corporate,2021-06-01,gold,
2490,Donna,Ross,donna_ross122@icloud.com,(395) 931-8514,901 Park Ave,Austin,TX,40166,US,consumer,2024-05-07,gold,
2491,Jennifer,Adams,jennifer.adams@hotmail.com,(335) 534-2570,7987 Chestnut St,San Francisco,CA,21766,US,consumer,2025-11-28,platinum,
2492,Dorothy,Adams,dorothyadams155@aol.com,(849) 915-1857,2489 Pine St,Atlanta,GA,94886,US,consumer,2025-07-21,silver,
2493,Amanda,Gomez,amanda_gomez180@outlook.com,(580) 581-2435,5256 Park Ave,Houston,TX,76937,US,corporate,2024-05-17,bronze,
2494,Gary,Foster,garyfoster@hotmail.com,(950) 553-1349,3658 Willow Way,Nashville,TN,50640,US,consumer,2024-01-05,silver,
2495,Steven,Ross,steven.ross79@yahoo.com,(541) 908-9146,5865 Sunset Blvd,Detroit,MI,25895,US,corporate,2022-11-19,bronze,
2496,Sharon,Robinson,sharon.robinson746@outlook.com,(484) 619-5030,7055 Cedar Ln,San Francisco,CA,63807,US,consumer,2025-02-04,gold,
2497,Nathan,Martinez,nathanmartinez993@icloud.com,(933) 642-4890,2154 Main St,Detroit,MI,10101,US,corporate,2022-04-27,bronze,
2498,Sharon,Martinez,sharon_martinez@gmail.com,(521) 821-7314,5874 Walnut St,Boise,ID,95476,US,home_office,2023-12-03,bronze,
2499,Scott,Edwards,scott_edwards@hotmail.com,(909) 632-1392,689 Willow Way,Boise,ID,87707,US,home_office,2024-03-11,gold,
2500,Susan,Garcia,susan.garcia37@yahoo.com,(251) 950-4547,7956 Hickory Dr,Dallas,TX,77298,US,consumer,2022-11-24,silver,
1,Samantha,Anderson,samantha.anderson@hotmail.com,(342) 954-2679,9675 High St,Buffalo,NY,14165,US,consumer,2024-03-10,gold,
2,Barbara,Ramirez,barbara.ramirez@hotmail.com,(933) 865-9928,3612 Forest Ave,Kansas City,MO,87236,US,home_office,2024-03-30,gold,
3,Ruth,Smith,ruth.smith90@aol.com,(359) 420-6514,1520 Church St,Chicago,IL,22676,US,corporate,2022-07-24,silver,
4,Nathan,Hall,nathanhall@mail.com,(749) 327-7201,9045 Hill Rd,Buffalo,NY,92397,US,corporate,2025-08-01,platinum,
5,Victoria,Campbell,victoriacampbell@gmail.com,(877) 433-5741,3815 Spruce St,Buffalo,NY,23238,US,consumer,2024-02-07,bronze,
6,Emily,Collins,emilycollins47@icloud.com,(414) 886-5374,9981 Ridge Rd,New York,NY,32431,US,consumer,2026-03-03,bronze,
7,Janet,Young,janet.young60@hotmail.com,(901) 532-1916,526 Birch St,Portland,OR,51347,US,consumer,2021-06-23,gold,
8,Paul,Rodriguez,paul.rodriguez997@icloud.com,(417) 871-9179,7518 Pine St,Indianapolis,IN,44718,US,home_office,2024-06-22,silver,
9,Ashley,Myers,ashleymyers369@protonmail.com,(797) 608-6930,2267 Meadow Ln,Portland,OR,74686,US,corporate,2022-10-17,gold,
10,Dennis,Miller,dennis.miller@protonmail.com,(810) 265-7304,9764 Forest Ave,Columbus,OH,79352,US,corporate,2022-12-10,gold,
11,Stephen,Johnson,stephenjohnson217@aol.com,(987) 856-6573,4809 High St,Springfield,IL,30730,US,consumer,2022-03-23,bronze,
12,James,Castillo,jamescastillo@yahoo.com,(840) 505-9317,2505 Spring St,Boulder,CO,31174,US,home_office,2023-06-25,gold,
13,Heather,Ortiz,heather.ortiz77@gmail.com,(314) 571-6038,950 Park Ave,Miami,FL,84364,US,home_office,2023-01-07,silver,
14,William,Sanders,william_sanders878@outlook.com,(331) 875-8787,4343 Meadow Ln,Austin,TX,89507,US,consumer,2022-06-17,silver,
15,Margaret,Cooper,margaretcooper305@aol.com,(608) 887-7118,8480 Forest Ave,Raleigh,NC,25860,US,consumer,2024-03-28,silver,
16,Mark,Rodriguez,mark_rodriguez702@hotmail.com,(802) 425-1117,965 Park Ave,New York,NY,18834,US,consumer,2022-09-05,platinum,
17,Henry,Nelson,henry.nelson66@mail.com,(419) 752-3167,3982 Birch St,Milwaukee,WI,71993,US,consumer,2021-08-21,bronze,
18,Matthew,Gonzalez,matthew.gonzalez85@protonmail.com,(620) 678-1887,994 Church St,Chicago,IL,54473,US,corporate,2021-10-09,silver,
19,Ashley,Harris,ashley.harris@protonmail.com,(387) 485-8579,1236 Forest Ave,Miami,FL,82132,US,consumer,2025-02-09,silver,
20,Michael,Wood,michaelwood@outlook.com,(616) 697-8886,6571 Laurel Ave,Seattle,WA,17685,US,consumer,2022-04-13,gold,
21,Timothy,Smith,timothy_smith34@aol.com,(633) 913-8973,3112 Hill Rd,Dallas,TX,38534,US,corporate,2022-11-02,silver,
22,Justin,Patel,justinpatel8@gmail.com,(251) 798-8811,8702 Elm St,Boise,ID,17455,US,consumer,2022-09-17,bronze,
23,William,White,william.white169@hotmail.com,(613) 322-5033,1344 High St,San Diego,CA,96163,US,consumer,2025-12-12,bronze,
24,Larry,Gutierrez,larry_gutierrez309@icloud.com,(444) 471-7484,4916 Forest Ave,Houston,TX,51441,US,consumer,2024-11-07,bronze,
25,Mary,Collins,marycollins@hotmail.com,(718) 471-3170,1128 Laurel Ave,Nashville,TN,42018,US,consumer,2024-01-28,gold,
26,Andrew,Lee,andrew_lee70@gmail.com,(883) 767-5905,2201 Lake Dr,Chicago,IL,25129,US,corporate,2024-10-16,bronze,
27,Catherine,Peterson,catherine.peterson388@hotmail.com,(934) 551-4335,8281 Sunset Blvd,Tampa,FL,42914,US,consumer,2025-02-09,bronze,
28,Barbara,Brooks,barbara_brooks@icloud.com,(989) 333-5291,7240 Valley Rd,Austin,TX,66057,US,corporate,2021-07-02,platinum,
29,Mary,Anderson,mary.anderson252@gmail.com,(578) 796-3426,2089 Oak Ave,Las Vegas,NV,50404,US,corporate,2022-09-11,bronze,
30,Kelly,Garcia,kelly_garcia@yahoo.com,(562) 998-7658,3879 Spruce St,Dallas,TX,31299,US,consumer,2024-06-21,platinum,
31,Peter,Evans,peter.evans23@protonmail.com,(885) 952-5065,2609 Birch St,Atlanta,GA,24168,US,corporate,2022-05-10,silver,
32,Virginia,Jones,virginia_jones29@icloud.com,(512) 433-4652,3165 Church St,San Francisco,CA,53025,US,consumer,2023-07-19,gold,
33,Henry,Rodriguez,henry_rodriguez756@protonmail.com,(895) 749-6425,1890 Laurel Ave,San Francisco,CA,44237,US,consumer,2024-06-16,bronze,
34,Justin,King,justin.king14@icloud.com,(946) 521-8149,1895 Church St,Boise,ID,85574,US,home_office,2023-09-06,bronze,
35,Steven,Garcia,stevengarcia101@hotmail.com,(572) 641-2146,5144 Walnut St,Minneapolis,MN,26334,US,home_office,2024-10-12,gold,
36,Nicholas,Flores,nicholasflores53@aol.com,(767) 330-4143,6212 Walnut St,Kansas City,MO,32810,US,home_office,2022-05-27,gold,
37,Larry,Hill,larry_hill@aol.com,(493) 415-8043,7619 Forest Ave,Detroit,MI,67954,US,consumer,2025-09-28,gold,
38,Angela,Stewart,angelastewart@aol.com,(727) 879-6491,3849 Walnut St,Buffalo,NY,50687,US,consumer,2022-07-16,bronze,
39,Ruth,Sanchez,ruth.sanchez@mail.com,(825) 986-2193,6791 Laurel Ave,Salt Lake City,UT,92544,US,corporate,2023-09-10,gold,
40,Matthew,Alvarez,matthewalvarez50@hotmail.com,(351) 871-1090,6966 Park Ave,Chicago,IL,33053,US,consumer,2022-09-29,gold,
41,Cynthia,Miller,cynthiamiller@mail.com,(336) 675-9702,7252 Lincoln Ave,Detroit,MI,76162,US,consumer,2022-12-22,silver,
42,Adam,Peterson,adam_peterson21@mail.com,(465) 969-5050,8541 Sunset Blvd,Atlanta,GA,92149,US,consumer,2025-06-28,gold,
43,Emily,Cruz,emily.cruz@aol.com,(543) 527-9849,2268 Pine St,Buffalo,NY,40311,US,consumer,2025-06-05,gold,
44,Frank,Martin,frankmartin28@protonmail.com,(538) 755-8633,1021 Washington Blvd,Kansas City,MO,65069,US,home_office,2024-02-02,silver,
45,Kelly,Foster,kellyfoster120@protonmail.com,(688) 206-6763,6390 Spruce St,Philadelphia,PA,64921,US,consumer,2023-05-18,bronze,
46,Catherine,Patel,catherinepatel78@hotmail.com,(479) 646-8956,6372 River Rd,San Francisco,CA,97670,US,corporate,2025-11-01,silver,
47,Patrick,Perez,patrick_perez737@gmail.com,(603) 806-1444,7023 Pine St,Buffalo,NY,70515,US,consumer,2022-03-30,bronze,
48,Michael,King,michael_king42@icloud.com,(545) 979-7211,6907 Lake Dr,Atlanta,GA,20735,US,corporate,2021-07-28,silver,
49,Robert,Myers,robertmyers@yahoo.com,(999) 867-1659,4052 Washington Blvd,San Francisco,CA,12671,US,corporate,2024-09-13,silver,
50,Karen,Walker,karen.walker@hotmail.com,(676) 916-5198,2750 Lincoln Ave,Charlotte,NC,89593,US,consumer,2022-09-28,bronze,
51,Heather,Lee,heather_lee@aol.com,(789) 893-7149,3250 Maple Dr,Indianapolis,IN,87607,US,home_office,2024-07-06,bronze,
52,Susan,Hughes,susan_hughes@gmail.com,(555) 745-8018,1130 Meadow Ln,Charlotte,NC,94874,US,corporate,2022-09-04,bronze,
53,Mary,Turner,mary_turner14@mail.com,(924) 356-8135,8549 Ridge Rd,San Antonio,TX,45400,US,home_office,2022-12-25,gold,
54,Ruth,Morgan,ruth_morgan546@aol.com,(530) 451-2419,7386 Park Ave,Atlanta,GA,70910,US,home_office,2025-11-06,platinum,
55,Brandon,Bennett,brandon_bennett44@icloud.com,(386) 699-4475,4233 River Rd,Nashville,TN,46655,US,corporate,2023-11-19,bronze,
56,Rachel,Scott,rachelscott@yahoo.com,(447) 937-7658,9097 Cherry Ln,Richmond,VA,41499,US,home_office,2023-11-14,platinum,
57,Samuel,Alvarez,samuel_alvarez@yahoo.com,(501) 426-7625,5017 Walnut St,Miami,FL,86225,US,consumer,2026-01-23,silver,
58,Jacob,Peterson,jacobpeterson535@icloud.com,(560) 919-8434,5024 Lake Dr,Atlanta,GA,40217,US,consumer,2023-08-31,bronze,
59,Patrick,Harris,patrick_harris860@outlook.com,(396) 421-8933,9660 Cherry Ln,Atlanta,GA,78765,US,consumer,2026-02-26,bronze,
60,Andrew,Gonzalez,andrew.gonzalez38@outlook.com,(509) 214-9751,4495 Oak Ave,Houston,TX,17146,US,consumer,2023-05-20,silver,
61,Donna,Hughes,donna.hughes82@yahoo.com,(212) 787-5658,7844 Forest Ave,Milwaukee,WI,54657,US,consumer,2023-08-19,gold,
62,Michael,Allen,michael_allen@protonmail.com,(703) 275-1878,2445 Birch St,Dallas,TX,83772,US,consumer,2022-08-29,gold,
63,William,Young,william.young72@hotmail.com,(994) 735-7232,7254 Hill Rd,Raleigh,NC,87139,US,home_office,2023-10-25,bronze,
64,Michelle,Reed,michellereed724@yahoo.com,(981) 412-4457,1331 Elm St,Tampa,FL,41439,US,consumer,2025-02-19,bronze,
65,Stephen,Martinez,stephen.martinez1@mail.com,(498) 233-4792,4633 Chestnut St,Boston,MA,69510,US,consumer,2023-08-14,silver,
66,Debra,Robinson,debra_robinson703@hotmail.com,(635) 317-9922,2442 Poplar St,Portland,OR,44816,US,corporate,2021-07-15,bronze,
67,Elizabeth,Davis,elizabeth.davis709@aol.com,(649) 327-8679,6595 Lake Dr,Philadelphia,PA,75597,US,consumer,2024-04-13,bronze,
68,Amy,Cruz,amy.cruz77@icloud.com,(818) 456-1423,3751 Walnut St,Buffalo,NY,85392,US,home_office,2021-10-31,bronze,
69,Robert,Ross,robertross@outlook.com,(681) 731-8245,2974 Broadway,Atlanta,GA,67132,US,consumer,2024-05-19,gold,
70,Barbara,Stewart,barbara_stewart53@yahoo.com,(364) 537-7744,4723 Walnut St,Richmond,VA,62488,US,home_office,2024-05-30,platinum,
71,John,Collins,john.collins41@yahoo.com,(991) 613-9431,8890 Forest Ave,Los Angeles,CA,64165,US,corporate,2023-07-29,silver,
72,Matthew,Gutierrez,matthew_gutierrez80@mail.com,(978) 252-4335,8999 Pine St,Atlanta,GA,47752,US,consumer,2021-10-14,platinum,
73,Peter,Hughes,peter_hughes129@hotmail.com,(926) 362-6091,9049 High St,Los Angeles,CA,22217,US,consumer,2021-04-19,bronze,
74,Olivia,Anderson,olivia_anderson@mail.com,(933) 498-9337,6808 Hickory Dr,Atlanta,GA,73242,US,home_office,2023-01-02,silver,
75,Ashley,Collins,ashleycollins@outlook.com,(271) 482-7798,8319 Lake Dr,Minneapolis,MN,10336,US,corporate,2024-01-31,bronze,
76,Patrick,Hill,patrickhill75@outlook.com,(657) 751-8935,5447 Valley Rd,Nashville,TN,81228,US,corporate,2024-04-09,silver,
77,Ryan,Adams,ryan.adams344@protonmail.com,(439) 994-7730,5214 Willow Way,San Diego,CA,71993,US,corporate,2022-02-24,platinum,
78,Deborah,James,deborahjames@outlook.com,(714) 804-6439,7214 Cedar Ln,Chicago,IL,78937,US,consumer,2023-08-14,silver,
79,Mary,Castillo,mary.castillo991@outlook.com,(276) 680-5342,6513 Ridge Rd,Minneapolis,MN,20527,US,consumer,2023-05-14,bronze,
80,Joyce,Gray,joycegray424@mail.com,(754) 236-2121,4709 Park Ave,Miami,FL,21846,US,consumer,2022-04-27,silver,
81,Richard,Ross,richardross@mail.com,(370) 910-5906,754 River Rd,San Francisco,CA,17355,US,home_office,2022-12-28,bronze,
82,Dorothy,Mitchell,dorothy_mitchell350@protonmail.com,(779) 898-3950,2869 Maple Dr,Austin,TX,89887,US,corporate,2022-02-01,gold,
83,Helen,Mendoza,helen.mendoza@hotmail.com,(672) 853-5161,4184 Walnut St,Salt Lake City,UT,11231,US,consumer,2024-10-12,silver,
84,Kelly,Torres,kellytorres@mail.com,(553) 801-5901,4098 Forest Ave,Las Vegas,NV,49599,US,consumer,2025-04-10,silver,
85,Deborah,Morris,deborah.morris490@icloud.com,(788) 502-5837,6485 Lake Dr,San Francisco,CA,11061,US,consumer,2025-04-04,silver,
86,Henry,Mendoza,henrymendoza720@mail.com,(493) 994-4770,3589 Ridge Rd,Nashville,TN,34920,US,consumer,2023-09-12,silver,
87,Steven,Gray,stevengray775@outlook.com,(843) 299-1645,7223 Oak Ave,Philadelphia,PA,85965,US,corporate,2023-01-12,bronze,
88,Janet,Taylor,janet.taylor434@protonmail.com,(379) 405-3165,8698 Meadow Ln,Charlotte,NC,45720,US,corporate,2023-07-20,silver,
89,Steven,Morris,steven_morris96@yahoo.com,(679) 277-3306,6512 Spruce St,Portland,OR,83048,US,home_office,2024-01-21,bronze,
90,Barbara,Gomez,barbara.gomez@mail.com,(577) 888-5295,6087 Cedar Ln,Columbus,OH,98452,US,consumer,2022-09-02,gold,
91,Jacob,Brown,jacobbrown435@hotmail.com,(863) 264-8606,6690 Cedar Ln,Philadelphia,PA,28320,US,consumer,2026-02-19,gold,
92,John,Hill,john_hill@outlook.com,(597) 664-7078,9623 Willow Way,Kansas City,MO,30253,US,corporate,2025-10-31,gold,
93,Katherine,Gonzalez,katherine_gonzalez79@gmail.com,(906) 579-4559,7286 Park Ave,Raleigh,NC,57537,US,corporate,2022-12-27,silver,
94,Debra,Mitchell,debramitchell@protonmail.com,(482) 394-3001,1502 Walnut St,Salt Lake City,UT,37801,US,corporate,2024-11-23,silver,
95,Robert,Miller,robert_miller228@hotmail.com,(270) 983-4394,3818 River Rd,Seattle,WA,29340,US,corporate,2023-04-10,bronze,
96,James,Scott,james.scott17@outlook.com,(312) 876-1422,244 Spring St,Houston,TX,41186,US,consumer,2025-06-24,gold,
97,Carol,Williams,carol.williams@protonmail.com,(738) 316-2041,7345 Cherry Ln,Milwaukee,WI,57453,US,corporate,2022-07-13,bronze,
98,Emma,Wilson,emma_wilson326@gmail.com,(944) 874-9543,7505 Ridge Rd,Philadelphia,PA,14082,US,consumer,2021-10-29,silver,
99,Kathleen,Phillips,kathleen_phillips88@mail.com,(275) 282-6277,1077 Pine St,Dallas,TX,46046,US,consumer,2024-05-10,bronze,
100,Samantha,Howard,samanthahoward92@aol.com,(664) 717-8048,1875 Spruce St,Chicago,IL,95814,US,consumer,2024-01-27,bronze,
101,Patrick,Ramirez,patrick_ramirez58@icloud.com,(664) 608-7815,5121 High St,Chicago,IL,50963,US,consumer,2023-06-13,silver,
102,Melissa,Martin,melissamartin@yahoo.com,(295) 642-2582,2132 Valley Rd,Charlotte,NC,17861,US,corporate,2022-07-21,bronze,
103,Brenda,Bailey,brenda_bailey86@icloud.com,(881) 968-7929,4713 Lincoln Ave,Sacramento,CA,50953,US,consumer,2023-08-22,gold,
104,Susan,Kelly,susankelly258@mail.com,(429) 310-6736,1883 Cherry Ln,Charlotte,NC,46512,US,corporate,2022-07-04,bronze,
105,Mark,Diaz,markdiaz938@gmail.com,(823) 873-5381,2956 Lake Dr,San Francisco,CA,50499,US,home_office,2021-12-09,bronze,
106,Brian,Smith,brian.smith679@protonmail.com,(271) 345-1502,8692 Washington Blvd,Buffalo,NY,59308,US,consumer,2025-06-28,silver,
107,Ryan,Baker,ryan.baker419@icloud.com,(995) 781-2391,2550 Elm St,Sacramento,CA,90981,US,consumer,2023-04-22,bronze,
108,Gregory,Hernandez,gregory_hernandez57@mail.com,(821) 652-7785,3532 Cherry Ln,Atlanta,GA,77154,US,corporate,2025-04-01,bronze,
109,Brian,Parker,brian.parker794@mail.com,(739) 883-6053,3613 Church St,San Diego,CA,88554,US,consumer,2026-02-11,gold,
110,James,Clark,james_clark@aol.com,(496) 535-2965,8150 Willow Way,Los Angeles,CA,66446,US,consumer,2023-12-07,bronze,
111,Thomas,Carter,thomascarter335@icloud.com,(273) 606-1693,308 Forest Ave,Las Vegas,NV,20205,US,consumer,2023-08-02,gold,
112,Pamela,Diaz,pameladiaz826@protonmail.com,(496) 317-7636,5322 Elm St,San Francisco,CA,91018,US,consumer,2025-11-10,bronze,
113,Adam,Ruiz,adam_ruiz@hotmail.com,(646) 803-7560,6485 Spruce St,Buffalo,NY,50668,US,home_office,2021-11-22,bronze,
114,Mark,Nelson,mark.nelson622@yahoo.com,(743) 722-4176,5753 Willow Way,Nashville,TN,94599,US,home_office,2024-11-20,gold,
115,Donald,Wilson,donald.wilson@outlook.com,(978) 977-2234,8096 Forest Ave,San Antonio,TX,83889,US,corporate,2022-07-22,bronze,
116,Laura,Mendoza,lauramendoza750@icloud.com,(842) 523-3473,1119 Sunset Blvd,Raleigh,NC,67961,US,home_office,2023-02-08,bronze,
117,Diane,Scott,dianescott460@yahoo.com,(517) 672-8404,933 Spring St,San Diego,CA,47627,US,home_office,2024-02-08,bronze,
118,Samuel,Lopez,samuellopez77@mail.com,(794) 767-1672,9367 Ridge Rd,Raleigh,NC,34672,US,consumer,2021-11-02,bronze,
119,Nicole,Stewart,nicolestewart20@yahoo.com,(551) 931-2381,2828 Oak Ave,Boise,ID,42472,US,home_office,2023-08-03,gold,
120,Jeffrey,Ortiz,jeffreyortiz79@icloud.com,(489) 596-7697,9796 Oak Ave,Minneapolis,MN,92691,US,corporate,2021-08-13,bronze,
121,David,Nelson,david.nelson72@aol.com,(458) 941-3463,1336 Broadway,Minneapolis,MN,96980,US,home_office,2023-09-22,gold,
122,Lauren,Hall,lauren_hall815@protonmail.com,(332) 809-2388,9158 Church St,Philadelphia,PA,94343,US,home_office,2024-05-27,gold,
123,Jose,Taylor,josetaylor948@yahoo.com,(861) 886-7937,5929 Main St,Boise,ID,57526,US,consumer,2022-05-15,silver,
124,Nancy,Ramirez,nancy_ramirez@hotmail.com,(340) 358-2264,1658 Meadow Ln,Boston,MA,80748,US,consumer,2025-03-16,platinum,
125,John,James,john_james@protonmail.com,(357) 366-3962,7171 Oak Ave,Austin,TX,63852,US,consumer,2024-11-08,bronze,
126,Gregory,Castillo,gregory.castillo57@mail.com,(439) 746-4918,7685 Laurel Ave,Philadelphia,PA,35430,US,consumer,2024-09-21,platinum,
127,Gregory,Kelly,gregory_kelly60@protonmail.com,(714) 740-7859,3272 Birch St,Austin,TX,89254,US,home_office,2025-12-20,bronze,
128,Virginia,Allen,virginia.allen83@yahoo.com,(928) 728-3042,1375 Cherry Ln,Boston,MA,31012,US,home_office,2025-07-28,silver,
129,Laura,Rogers,laura.rogers@mail.com,(557) 227-7797,6496 Meadow Ln,Sacramento,CA,59015,US,consumer,2021-06-25,silver,
130,Deborah,Hernandez,deborah_hernandez29@yahoo.com,(931) 865-6493,2255 Oak Ave,Dallas,TX,47601,US,corporate,2022-10-08,bronze,
131,Rachel,Moore,rachelmoore559@gmail.com,(281) 219-5193,2450 Valley Rd,Seattle,WA,89807,US,consumer,2025-01-28,silver,
132,Jason,Anderson,jason_anderson@gmail.com,(444) 629-8489,1817 Hickory Dr,New York,NY,75513,US,consumer,2025-04-09,gold,
133,Jonathan,Williams,jonathanwilliams@outlook.com,(498) 639-1025,3942 Broadway,Nashville,TN,64600,US,consumer,2022-04-13,bronze,
134,Christine,Bennett,christine.bennett@gmail.com,(599) 681-1713,6117 Lake Dr,Columbus,OH,12128,US,consumer,2025-02-12,bronze,
135,Tyler,Rodriguez,tyler_rodriguez850@yahoo.com,(990) 795-6447,727 Spring St,Houston,TX,81567,US,home_office,2025-11-06,gold,
136,Jose,Chavez,jose.chavez575@mail.com,(846) 386-3209,7499 Oak Ave,New York,NY,48462,US,consumer,2024-03-10,silver,
137,Jennifer,Sanchez,jennifer.sanchez417@protonmail.com,(756) 684-5150,3132 Hill Rd,San Diego,CA,56789,US,corporate,2021-11-28,platinum,
138,Henry,Wood,henry_wood35@protonmail.com,(609) 961-8204,5555 Elm St,Columbus,OH,75038,US,corporate,2024-11-08,gold,
139,Melissa,Gutierrez,melissa_gutierrez11@yahoo.com,(640) 816-3956,5263 Cedar Ln,Boston,MA,20494,US,consumer,2023-10-07,platinum,
140,Raymond,Nguyen,raymond_nguyen717@protonmail.com,(370) 906-8272,7326 Oak Ave,Nashville,TN,56210,US,home_office,2025-08-04,gold,
141,Sharon,Scott,sharonscott176@protonmail.com,(572) 725-3621,2340 Spruce St,San Francisco,CA,89635,US,home_office,2021-12-22,bronze,
142,John,Taylor,john.taylor897@icloud.com,(570) 592-1530,7372 Spring St,Dallas,TX,58760,US,consumer,2024-05-18,bronze,
143,Maria,Martinez,mariamartinez18@protonmail.com,(521) 865-5566,1859 Main St,Miami,FL,34385,US,consumer,2023-03-13,gold,
144,Eric,Roberts,ericroberts16@mail.com,(419) 826-5678,3280 Cedar Ln,Richmond,VA,27790,US,consumer,2024-09-23,silver,
145,Laura,Thompson,laurathompson189@icloud.com,(883) 555-2063,4915 Spruce St,Boston,MA,30644,US,consumer,2021-06-09,bronze,
146,Diane,Campbell,dianecampbell@outlook.com,(442) 705-1430,9078 Broadway,Charlotte,NC,58353,US,consumer,2021-05-27,bronze,
147,Aaron,Peterson,aaron.peterson@aol.com,(607) 934-8842,6709 Hickory Dr,Kansas City,MO,85353,US,corporate,2025-02-04,platinum,
148,Thomas,Green,thomasgreen10@icloud.com,(331) 998-3981,7089 Meadow Ln,Houston,TX,17263,US,corporate,2021-05-09,silver,
149,Eric,Martin,eric_martin22@hotmail.com,(554) 731-5653,4106 Washington Blvd,Buffalo,NY,93238,US,consumer,2023-06-10,silver,
150,Emily,Taylor,emilytaylor729@yahoo.com,(714) 856-3762,2805 Walnut St,Dallas,TX,91851,US,consumer,2025-04-06,silver,
151,Amanda,Reed,amanda.reed@aol.com,(866) 415-7825,8160 Laurel Ave,San Francisco,CA,92203,US,home_office,2024-02-06,bronze,
152,Donna,Chavez,donna_chavez350@protonmail.com,(504) 664-2195,2590 Forest Ave,Sacramento,CA,64476,US,consumer,2023-04-02,bronze,
153,Cynthia,Clark,cynthia_clark78@icloud.com,(951) 553-7532,6071 Meadow Ln,Houston,TX,83616,US,consumer,2023-07-04,bronze,
154,Kenneth,Walker,kenneth_walker16@hotmail.com,(344) 299-1829,6294 Spruce St,Boston,MA,90658,US,consumer,2023-04-26,bronze,
155,Ashley,Lee,ashley_lee74@hotmail.com,(981) 363-9163,7649 Sunset Blvd,Boise,ID,50441,US,home_office,2022-03-18,gold,
156,Robert,Lopez,robert_lopez@hotmail.com,(797) 561-1797,4610 Sunset Blvd,Sacramento,CA,88317,US,consumer,2024-11-12,silver,
157,Andrew,Morgan,andrew.morgan@aol.com,(944) 574-7606,742 Church St,Charlotte,NC,16705,US,corporate,2022-01-08,gold,
158,Brenda,Harris,brenda_harris@protonmail.com,(716) 661-5582,2109 Cedar Ln,Springfield,IL,61629,US,corporate,2025-08-27,gold,
159,Diane,Baker,dianebaker@hotmail.com,(816) 721-7576,660 Oak Ave,Boise,ID,15100,US,consumer,2021-07-19,bronze,
160,Carolyn,Nelson,carolyn_nelson@outlook.com,(535) 827-6218,6439 Lincoln Ave,Austin,TX,49221,US,corporate,2024-01-12,silver,
161,Amanda,Cook,amandacook601@aol.com,(686) 217-7035,1796 High St,Minneapolis,MN,86507,US,consumer,2024-07-17,silver,
162,Diane,Castillo,dianecastillo127@mail.com,(471) 871-4728,9561 Sunset Blvd,Sacramento,CA,32349,US,corporate,2022-09-26,gold,
163,Benjamin,Castillo,benjamincastillo251@hotmail.com,(232) 786-2800,311 Forest Ave,Boulder,CO,51116,US,corporate,2026-02-03,bronze,
164,Karen,Evans,karenevans520@mail.com,(953) 944-2020,8499 Washington Blvd,Houston,TX,83516,US,corporate,2026-03-23,silver,
165,Raymond,Morris,raymondmorris@mail.com,(745) 550-9950,4332 Lincoln Ave,Nashville,TN,73462,US,consumer,2021-04-25,silver,
166,Ashley,Scott,ashleyscott39@aol.com,(921) 412-9011,7862 Spring St,Detroit,MI,83464,US,home_office,2023-07-22,bronze,
167,Andrew,Thomas,andrewthomas87@protonmail.com,(553) 991-3399,690 Hill Rd,Boston,MA,20358,US,consumer,2023-05-31,bronze,
168,Harold,Cruz,haroldcruz33@hotmail.com,(406) 751-5442,2250 Cedar Ln,Atlanta,GA,90698,US,consumer,2023-04-08,silver,
169,Donald,Young,donald.young@hotmail.com,(253) 302-7771,7740 Cedar Ln,Minneapolis,MN,99285,US,consumer,2021-05-27,gold,
170,James,Peterson,james.peterson53@mail.com,(866) 404-5706,4677 Ridge Rd,Detroit,MI,17754,US,corporate,2021-09-27,bronze,
171,Katherine,Kelly,katherine.kelly856@gmail.com,(379) 627-3880,6505 Birch St,San Diego,CA,74930,US,corporate,2021-11-18,silver,
172,Christina,Myers,christina_myers5@yahoo.com,(543) 491-8444,2199 Spruce St,Richmond,VA,76088,US,consumer,2022-03-09,bronze,
173,Paul,Harris,paul.harris266@mail.com,(863) 463-4050,5524 Birch St,Los Angeles,CA,48669,US,corporate,2022-07-21,gold,
174,Gregory,Long,gregory.long725@protonmail.com,(637) 727-6372,6568 Walnut St,Buffalo,NY,22502,US,consumer,2026-03-28,bronze,
175,Sarah,Morris,sarah_morris32@protonmail.com,(441) 657-5374,4948 Broadway,Minneapolis,MN,85088,US,corporate,2022-10-28,gold,
176,Kimberly,Wood,kimberly_wood@yahoo.com,(676) 514-3616,8234 Poplar St,Indianapolis,IN,50760,US,consumer,2022-06-29,bronze,
177,Samantha,Nguyen,samantha_nguyen@outlook.com,(689) 356-8454,6814 Chestnut St,Charlotte,NC,81989,US,corporate,2024-09-07,bronze,
178,Dennis,Morgan,dennismorgan@yahoo.com,(738) 657-9653,1280 Poplar St,Charlotte,NC,83946,US,consumer,2022-01-14,bronze,
179,Linda,Peterson,lindapeterson686@outlook.com,(368) 535-9525,1905 Walnut St,Raleigh,NC,36922,US,home_office,2024-08-19,bronze,
180,Gary,Lopez,garylopez@mail.com,(335) 725-7806,9240 Oak Ave,Salt Lake City,UT,83242,US,consumer,2021-12-14,silver,
181,Gregory,Flores,gregoryflores3@gmail.com,(963) 423-2196,6942 Spring St,San Diego,CA,18357,US,consumer,2022-09-12,bronze,
182,Linda,Rodriguez,linda_rodriguez5@outlook.com,(987) 338-7887,6267 Forest Ave,Charlotte,NC,59479,US,consumer,2023-02-16,gold,
183,William,Mendoza,williammendoza236@icloud.com,(321) 382-9802,8665 Pine St,Indianapolis,IN,39188,US,home_office,2023-10-16,bronze,
184,Dennis,Williams,dennis_williams789@protonmail.com,(744) 588-4762,7547 Spring St,Miami,FL,30332,US,home_office,2021-11-15,bronze,
185,Matthew,Castillo,matthew.castillo928@protonmail.com,(829) 984-1256,3377 Maple Dr,Miami,FL,23224,US,consumer,2024-09-01,bronze,
186,John,Edwards,johnedwards@hotmail.com,(958) 245-7590,3840 Valley Rd,Raleigh,NC,38477,US,corporate,2022-11-17,bronze,
187,Sarah,Cook,sarah_cook935@icloud.com,(791) 812-6253,4945 Laurel Ave,Miami,FL,28777,US,home_office,2022-06-09,bronze,
188,Mark,Evans,mark_evans162@outlook.com,(841) 895-7999,769 Spring St,Richmond,VA,94320,US,corporate,2023-08-30,silver,
189,Tyler,Ortiz,tyler_ortiz90@outlook.com,(507) 585-4012,3949 Spruce St,Milwaukee,WI,39536,US,corporate,2024-01-16,silver,
190,Joyce,Price,joyce.price159@protonmail.com,(626) 770-9683,6364 Park Ave,Houston,TX,43422,US,consumer,2026-02-15,silver,
191,Kevin,Chavez,kevin.chavez58@yahoo.com,(748) 941-4120,4399 Church St,Sacramento,CA,98299,US,consumer,2022-05-07,silver,
192,Nicole,Garcia,nicole.garcia923@hotmail.com,(690) 413-6455,252 Washington Blvd,Philadelphia,PA,34906,US,home_office,2022-12-13,silver,
193,Catherine,Long,catherine_long812@hotmail.com,(606) 445-6269,6237 Forest Ave,Boston,MA,79946,US,home_office,2026-02-23,bronze,
194,Michelle,King,michelle_king66@yahoo.com,(939) 680-6246,6074 River Rd,Seattle,WA,64254,US,corporate,2021-06-27,silver,
195,Larry,Lewis,larrylewis19@protonmail.com,(502) 356-4214,3769 Church St,Minneapolis,MN,84683,US,consumer,2022-11-05,platinum,
196,Amy,Peterson,amypeterson88@mail.com,(940) 857-9037,2757 Willow Way,Salt Lake City,UT,56160,US,consumer,2025-07-14,silver,
197,Sarah,Castillo,sarahcastillo288@gmail.com,(736) 234-2217,105 High St,Sacramento,CA,28021,US,corporate,2025-12-03,silver,
198,David,Price,david.price323@mail.com,(582) 261-8916,258 Main St,Richmond,VA,79758,US,home_office,2022-02-03,bronze,
199,Edward,Johnson,edward.johnson68@aol.com,(217) 714-8054,1754 Poplar St,San Antonio,TX,22624,US,home_office,2023-09-23,gold,
200,Karen,Walker,karen.walker80@icloud.com,(473) 606-2294,6653 Forest Ave,Charlotte,NC,84055,US,corporate,2022-03-09,gold,
201,Rachel,Lewis,rachel_lewis@gmail.com,(295) 615-7213,9056 Sunset Blvd,Columbus,OH,17355,US,corporate,2022-06-10,silver,
202,Rachel,Perez,rachel.perez64@icloud.com,(779) 297-9653,3765 Washington Blvd,San Diego,CA,84289,US,consumer,2021-09-24,platinum,
203,Paul,Garcia,paul.garcia387@gmail.com,(383) 522-1256,9618 Pine St,Seattle,WA,62205,US,consumer,2021-08-17,bronze,
204,Joshua,Lee,joshualee31@icloud.com,(593) 973-3292,8205 Willow Way,Buffalo,NY,55332,US,home_office,2021-10-11,bronze,
205,Richard,Parker,richard.parker448@protonmail.com,(992) 534-1485,7382 Sunset Blvd,Atlanta,GA,39902,US,corporate,2024-07-23,gold,
206,Stephen,Carter,stephen_carter796@protonmail.com,(287) 990-5839,1205 Maple Dr,Miami,FL,45123,US,consumer,2024-08-24,gold,
207,Timothy,Alvarez,timothyalvarez20@icloud.com,(569) 309-2499,5051 Forest Ave,Los Angeles,CA,57175,US,consumer,2024-07-01,bronze,
208,Susan,Taylor,susan.taylor24@protonmail.com,(305) 226-2468,9081 Maple Dr,Nashville,TN,88240,US,corporate,2024-06-28,bronze,
209,Tyler,Adams,tyler_adams2@protonmail.com,(997) 286-4977,6238 Elm St,Austin,TX,28198,US,consumer,2023-10-30,bronze,
210,Joshua,Wright,joshua_wright@protonmail.com,(482) 631-5911,1261 Spring St,Milwaukee,WI,42990,US,consumer,2022-09-07,bronze,
211,Patrick,Watson,patrick_watson@mail.com,(309) 338-5991,6484 River Rd,Los Angeles,CA,91289,US,corporate,2025-09-11,gold,
212,Aaron,Nelson,aaron_nelson540@outlook.com,(507) 528-4290,5148 Elm St,Milwaukee,WI,62198,US,corporate,2024-03-01,silver,
213,Donna,Patel,donnapatel602@hotmail.com,(533) 585-5592,5981 Cedar Ln,Indianapolis,IN,83905,US,corporate,2023-10-02,bronze,
214,Emma,Cooper,emma.cooper886@gmail.com,(944) 672-4434,4774 Hickory Dr,Raleigh,NC,19064,US,consumer,2021-10-27,bronze,
215,Gregory,Murphy,gregory.murphy@aol.com,(874) 357-7932,1212 Forest Ave,Columbus,OH,88372,US,corporate,2023-04-11,bronze,
216,Justin,Phillips,justinphillips990@protonmail.com,(756) 237-6890,1792 Cherry Ln,Buffalo,NY,42536,US,consumer,2023-08-10,bronze,
217,Lisa,Chavez,lisachavez676@protonmail.com,(970) 539-8052,173 Cedar Ln,Chicago,IL,43913,US,consumer,2024-10-20,silver,
218,Angela,Myers,angelamyers694@hotmail.com,(656) 583-7408,9644 Chestnut St,Salt Lake City,UT,75597,US,corporate,2023-11-10,platinum,
219,Brian,Brown,brian_brown14@yahoo.com,(318) 947-3321,5111 River Rd,Nashville,TN,69681,US,corporate,2024-10-24,gold,
220,Eric,Morris,eric_morris61@mail.com,(526) 268-5919,1886 Main St,San Diego,CA,54967,US,home_office,2024-09-26,bronze,
221,Gregory,Perez,gregoryperez@outlook.com,(538) 773-7985,3799 Birch St,Salt Lake City,UT,63090,US,corporate,2024-11-24,gold,
222,Nancy,Brooks,nancybrooks@hotmail.com,(660) 806-8037,73 Chestnut St,Columbus,OH,38153,US,corporate,2026-01-08,gold,
223,Emily,Long,emilylong@outlook.com,(574) 533-4228,1868 Lake Dr,Salt Lake City,UT,97910,US,consumer,2023-07-12,gold,
224,Shirley,Brooks,shirley_brooks497@protonmail.com,(801) 316-6700,7502 Lincoln Ave,Nashville,TN,32613,US,consumer,2021-08-18,silver,
225,Lauren,Ward,laurenward@icloud.com,(320) 444-6003,3000 Spring St,Springfield,IL,28528,US,consumer,2023-06-01,bronze,
226,Deborah,Turner,deborahturner18@protonmail.com,(390) 698-9804,9092 Elm St,San Antonio,TX,74178,US,consumer,2022-09-28,bronze,
227,Sarah,White,sarah_white@icloud.com,(209) 696-3236,6291 Valley Rd,Boulder,CO,76248,US,home_office,2024-01-12,bronze,
228,Edward,Mendoza,edward_mendoza54@mail.com,(371) 284-1505,4786 Oak Ave,Portland,OR,46025,US,consumer,2025-07-02,bronze,
229,Jonathan,Torres,jonathan.torres679@mail.com,(762) 723-2854,4390 Cherry Ln,Springfield,IL,81186,US,home_office,2021-05-27,bronze,
230,Anna,Long,anna.long98@hotmail.com,(635) 304-5055,529 Forest Ave,Philadelphia,PA,44447,US,corporate,2021-07-21,silver,
231,Henry,Lopez,henry_lopez@hotmail.com,(955) 802-6744,2720 Lincoln Ave,Las Vegas,NV,28249,US,corporate,2021-04-05,gold,
232,Jose,Clark,jose.clark459@aol.com,(811) 751-3758,4795 Hill Rd,Detroit,MI,85069,US,corporate,2025-03-04,silver,
233,Joyce,Rogers,joycerogers13@gmail.com,(483) 871-3078,4091 Pine St,Houston,TX,52217,US,corporate,2025-03-08,bronze,
234,Maria,Gray,maria_gray245@aol.com,(842) 624-7146,1238 Ridge Rd,Raleigh,NC,22202,US,consumer,2024-07-19,platinum,
235,Angela,Myers,angela_myers89@mail.com,(699) 535-1040,7512 Ridge Rd,Buffalo,NY,97050,US,consumer,2024-02-01,platinum,
236,Nathan,Rodriguez,nathanrodriguez51@hotmail.com,(706) 474-6289,5534 Valley Rd,Boston,MA,85750,US,corporate,2024-12-23,gold,
237,Larry,Morales,larry_morales@gmail.com,(301) 841-8529,2036 Poplar St,San Francisco,CA,30707,US,consumer,2026-03-26,platinum,
238,Ryan,Smith,ryan_smith@aol.com,(362) 480-2529,4103 Maple Dr,Charlotte,NC,58738,US,consumer,2024-10-04,silver,
239,Michael,Gomez,michaelgomez843@hotmail.com,(639) 871-2494,18 Washington Blvd,Chicago,IL,72496,US,corporate,2021-06-29,platinum,
240,Thomas,Ramos,thomas.ramos67@gmail.com,(208) 912-6629,6920 Chestnut St,Springfield,IL,27324,US,consumer,2022-12-07,bronze,
241,Elizabeth,Robinson,elizabeth_robinson@yahoo.com,(520) 576-5902,6271 Cherry Ln,Houston,TX,27451,US,home_office,2023-09-08,bronze,
242,David,Ortiz,davidortiz724@outlook.com,(650) 559-4490,6746 Lincoln Ave,Dallas,TX,99989,US,home_office,2023-02-27,bronze,
243,Henry,Ramirez,henry.ramirez@protonmail.com,(559) 639-6152,4060 Lake Dr,Houston,TX,94491,US,home_office,2024-09-25,bronze,
244,Ashley,Peterson,ashleypeterson838@aol.com,(997) 907-1439,3367 Meadow Ln,Philadelphia,PA,89551,US,consumer,2024-09-30,bronze,
245,Matthew,Myers,matthew_myers@hotmail.com,(706) 595-2847,8186 Ridge Rd,Miami,FL,87847,US,consumer,2025-08-29,silver,
246,Shirley,Johnson,shirley_johnson41@protonmail.com,(574) 759-3830,1196 Main St,Milwaukee,WI,86986,US,home_office,2023-09-15,gold,
247,Mary,King,mary.king6@aol.com,(843) 929-9209,6940 Chestnut St,Kansas City,MO,62727,US,consumer,2023-11-27,silver,
248,Samantha,Morgan,samanthamorgan79@yahoo.com,(517) 280-9377,2546 Valley Rd,Seattle,WA,52827,US,home_office,2024-05-06,bronze,
249,Emma,Brooks,emmabrooks@aol.com,(915) 647-4909,4006 Maple Dr,Sacramento,CA,66948,US,home_office,2023-01-28,gold,
250,Ryan,Ward,ryanward416@outlook.com,(322) 212-3248,2685 Sunset Blvd,Los Angeles,CA,55443,US,home_office,2022-11-15,silver,
251,Eric,Castillo,eric_castillo@aol.com,(950) 320-1480,7035 Lake Dr,Minneapolis,MN,78662,US,consumer,2022-11-10,bronze,
252,Kimberly,Alvarez,kimberlyalvarez81@mail.com,(723) 568-1908,9288 Elm St,Richmond,VA,58193,US,consumer,2022-07-29,silver,
253,Steven,Foster,steven.foster790@yahoo.com,(433) 958-9336,722 Spruce St,Los Angeles,CA,11610,US,home_office,2023-12-08,bronze,
254,Jennifer,Stewart,jennifer_stewart@gmail.com,(766) 931-7870,5273 Park Ave,Portland,OR,64559,US,consumer,2023-11-28,bronze,
255,Paul,Martinez,paulmartinez222@gmail.com,(383) 428-9450,6569 Maple Dr,San Diego,CA,70960,US,consumer,2024-10-03,platinum,
256,Heather,Flores,heather_flores12@gmail.com,(577) 405-5777,3975 Forest Ave,Philadelphia,PA,58270,US,corporate,2022-12-30,bronze,
257,Amy,Foster,amy.foster@outlook.com,(206) 619-1391,8873 Spring St,Portland,OR,93354,US,home_office,2023-12-23,silver,
258,Kevin,Smith,kevinsmith969@aol.com,(306) 410-9680,6879 Sunset Blvd,Miami,FL,17850,US,corporate,2022-01-07,gold,
259,Carolyn,Scott,carolyn.scott337@protonmail.com,(917) 581-8511,9516 Cedar Ln,Buffalo,NY,76247,US,corporate,2023-12-12,gold,
260,Samantha,Gomez,samantha.gomez@protonmail.com,(878) 333-4879,4277 Spruce St,Boston,MA,51288,US,consumer,2024-04-16,bronze,
261,Rachel,Patel,rachel_patel41@hotmail.com,(276) 407-3230,2547 Cedar Ln,Chicago,IL,31544,US,corporate,2024-08-10,bronze,
262,Cynthia,Green,cynthia_green16@hotmail.com,(662) 515-8591,1965 Maple Dr,Tampa,FL,30658,US,home_office,2021-04-16,bronze,
263,Julie,Price,julieprice@icloud.com,(351) 293-5066,6493 Meadow Ln,Nashville,TN,16416,US,consumer,2024-06-18,silver,
264,Kimberly,Thompson,kimberly.thompson52@hotmail.com,(296) 673-2669,1990 Main St,Houston,TX,18083,US,corporate,2023-10-23,silver,
265,Thomas,Sanchez,thomas_sanchez802@yahoo.com,(796) 800-5240,358 Maple Dr,New York,NY,35919,US,home_office,2021-12-10,bronze,
266,Ruth,Taylor,ruth.taylor@mail.com,(251) 372-8096,8129 Main St,Indianapolis,IN,60165,US,corporate,2024-07-25,platinum,
267,Daniel,Rivera,daniel.rivera24@mail.com,(352) 235-5026,8174 High St,Boston,MA,82179,US,corporate,2022-02-23,silver,
268,Linda,Lopez,linda_lopez50@hotmail.com,(858) 738-5082,6267 Birch St,San Francisco,CA,57069,US,corporate,2022-09-26,bronze,
269,Anna,Morales,anna_morales73@protonmail.com,(476) 384-1427,9784 Park Ave,Detroit,MI,13840,US,consumer,2023-05-23,silver,
270,Linda,Stewart,lindastewart885@hotmail.com,(363) 302-5060,4367 Valley Rd,Miami,FL,17328,US,consumer,2023-12-23,silver,
271,Pamela,Roberts,pamela_roberts@icloud.com,(955) 914-6878,5762 Broadway,San Francisco,CA,83873,US,home_office,2025-02-19,bronze,
272,Larry,Harris,larry_harris@mail.com,(238) 292-1920,9858 Park Ave,Portland,OR,12612,US,home_office,2025-06-19,bronze,
273,Kathleen,Smith,kathleen_smith@icloud.com,(934) 381-6301,360 Pine St,Sacramento,CA,86888,US,home_office,2025-04-22,gold,
274,Heather,Anderson,heatheranderson47@protonmail.com,(800) 303-6514,5286 Pine St,Philadelphia,PA,30644,US,home_office,2024-12-14,silver,
275,Diane,Brooks,diane_brooks@icloud.com,(428) 881-3872,5027 Willow Way,Columbus,OH,48602,US,corporate,2023-07-24,silver,
276,Daniel,Sanders,daniel.sanders90@gmail.com,(386) 816-6213,9266 Cedar Ln,Portland,OR,75035,US,corporate,2024-07-06,silver,
277,Kevin,Myers,kevin.myers31@outlook.com,(851) 290-6500,187 Lake Dr,Raleigh,NC,37483,US,corporate,2025-12-12,bronze,
278,Frank,Rodriguez,frank_rodriguez@gmail.com,(249) 595-8179,2726 Laurel Ave,Kansas City,MO,64266,US,corporate,2022-04-01,bronze,
279,Peter,Carter,peter_carter@mail.com,(791) 866-4695,7394 Maple Dr,Austin,TX,14379,US,corporate,2024-07-15,silver,
280,Robert,Green,robert_green14@outlook.com,(584) 364-2228,5537 Lincoln Ave,Buffalo,NY,90431,US,corporate,2023-01-15,bronze,
281,Alexander,Brown,alexander_brown268@protonmail.com,(360) 254-2659,3368 Washington Blvd,Minneapolis,MN,63645,US,home_office,2025-01-15,bronze,
282,Patrick,Sanders,patricksanders34@aol.com,(443) 298-1813,9368 Valley Rd,Indianapolis,IN,74349,US,consumer,2023-04-30,gold,
283,Michael,Campbell,michael.campbell55@mail.com,(404) 299-1421,2799 Ridge Rd,Seattle,WA,48248,US,consumer,2022-12-30,platinum,
284,Jacob,Anderson,jacob_anderson51@aol.com,(293) 857-9914,3030 Spring St,Columbus,OH,59996,US,consumer,2026-03-04,gold,
285,Nancy,Edwards,nancy.edwards34@aol.com,(431) 475-2009,1585 Maple Dr,Dallas,TX,97574,US,corporate,2024-02-28,gold,
286,Ruth,Cooper,ruth_cooper@gmail.com,(596) 735-7858,9384 Laurel Ave,Milwaukee,WI,40886,US,consumer,2023-10-11,bronze,
287,Joshua,Hernandez,joshua_hernandez135@outlook.com,(323) 975-8357,2739 Washington Blvd,San Antonio,TX,35260,US,consumer,2022-05-21,platinum,
288,Jennifer,Diaz,jennifer.diaz@outlook.com,(809) 464-6238,1426 Church St,New York,NY,82923,US,corporate,2025-01-08,bronze,
289,Stephen,Adams,stephen_adams@protonmail.com,(315) 624-3451,9284 Broadway,Dallas,TX,86372,US,consumer,2021-12-11,platinum,
290,Harold,Wilson,haroldwilson13@icloud.com,(620) 470-7275,9373 Lincoln Ave,Richmond,VA,72003,US,corporate,2024-06-10,platinum,
291,Daniel,Scott,daniel_scott733@protonmail.com,(239) 605-6431,808 Willow Way,Miami,FL,72287,US,consumer,2026-02-09,gold,
292,Zachary,Mitchell,zachary.mitchell44@aol.com,(487) 703-2609,2202 Hill Rd,Portland,OR,68079,US,consumer,2026-01-28,platinum,
293,Paul,Sanders,paul_sanders@hotmail.com,(652) 416-7671,8463 Spruce St,Richmond,VA,59009,US,home_office,2023-03-11,silver,
294,Angela,Lee,angela.lee826@protonmail.com,(338) 999-9589,2847 Washington Blvd,San Francisco,CA,36309,US,consumer,2022-10-29,bronze,
295,Ashley,Jones,ashley_jones469@hotmail.com,(480) 577-8605,6504 Ridge Rd,Boise,ID,26236,US,consumer,2023-09-17,silver,
296,Donald,Mitchell,donald_mitchell@mail.com,(800) 764-6730,2680 Hickory Dr,Nashville,TN,43903,US,corporate,2021-04-11,silver,
297,Andrew,Brown,andrew_brown266@hotmail.com,(426) 862-4688,4409 Ridge Rd,Seattle,WA,63674,US,corporate,2025-09-30,bronze,
298,Robert,Jimenez,robertjimenez@outlook.com,(815) 208-4666,9968 Birch St,Tampa,FL,50037,US,consumer,2021-04-26,silver,
299,Jason,Carter,jason_carter@mail.com,(509) 893-9530,9577 Cedar Ln,Indianapolis,IN,10963,US,corporate,2023-11-13,platinum,
300,Raymond,Mitchell,raymondmitchell708@aol.com,(505) 900-2771,1046 River Rd,Milwaukee,WI,46239,US,consumer,2022-05-26,bronze,
301,Henry,Scott,henry_scott828@aol.com,(392) 353-9475,931 Birch St,Miami,FL,88647,US,consumer,2025-11-12,gold,
302,Raymond,Green,raymondgreen@mail.com,(502) 465-7857,6362 Willow Way,Indianapolis,IN,14629,US,corporate,2024-08-27,platinum,
303,Alexander,Kelly,alexander.kelly843@hotmail.com,(902) 747-8794,8312 Hill Rd,Nashville,TN,32280,US,corporate,2022-08-09,platinum,
304,Nancy,Nguyen,nancy.nguyen231@aol.com,(942) 772-3999,1464 Park Ave,Minneapolis,MN,56567,US,corporate,2024-09-12,platinum,
305,Catherine,Flores,catherine_flores43@aol.com,(674) 320-8709,9562 Broadway,Sacramento,CA,91350,US,corporate,2021-11-23,silver,
306,Jacob,Harris,jacobharris988@protonmail.com,(742) 505-7768,2471 Pine St,Sacramento,CA,36253,US,home_office,2024-01-04,platinum,
307,Edward,Reed,edward_reed423@outlook.com,(997) 282-8988,2898 River Rd,Minneapolis,MN,93165,US,corporate,2021-11-05,gold,
308,James,Edwards,james_edwards@outlook.com,(701) 981-2442,7106 Ridge Rd,Houston,TX,66283,US,consumer,2025-05-20,bronze,
309,Jason,Morris,jason_morris138@hotmail.com,(948) 582-1230,8701 Washington Blvd,Detroit,MI,12348,US,corporate,2022-07-05,silver,
310,Benjamin,Sanders,benjamin.sanders29@aol.com,(332) 305-7284,9645 Hill Rd,Boise,ID,31891,US,consumer,2023-01-23,gold,
311,Julie,Garcia,julie_garcia566@icloud.com,(644) 903-3192,8032 Spring St,Minneapolis,MN,34697,US,consumer,2022-12-26,bronze,
312,Douglas,Phillips,douglas.phillips329@outlook.com,(416) 951-1359,2769 Cedar Ln,Boise,ID,58049,US,consumer,2024-06-11,silver,
313,Timothy,Brooks,timothy_brooks647@gmail.com,(808) 249-2771,791 Chestnut St,San Francisco,CA,25176,US,consumer,2023-12-16,silver,
314,Jeffrey,Carter,jeffrey.carter71@outlook.com,(410) 911-1152,6896 Walnut St,Philadelphia,PA,23235,US,home_office,2021-10-06,bronze,
315,Paul,Richardson,paulrichardson90@yahoo.com,(723) 936-2928,1868 Birch St,Boston,MA,23928,US,home_office,2021-12-11,silver,
316,Betty,Cox,betty.cox951@hotmail.com,(566) 920-7713,2628 Oak Ave,Boston,MA,81845,US,corporate,2021-06-07,gold,
317,Douglas,Clark,douglasclark@gmail.com,(213) 887-2458,9407 Walnut St,Springfield,IL,74763,US,consumer,2022-12-07,silver,
318,Barbara,Jimenez,barbarajimenez840@yahoo.com,(462) 859-4787,4851 Lake Dr,Salt Lake City,UT,70853,US,consumer,2022-03-02,bronze,
319,Richard,Thompson,richard.thompson468@icloud.com,(636) 956-2898,752 Main St,Chicago,IL,28139,US,consumer,2023-01-31,bronze,
320,Kevin,Rivera,kevin_rivera374@yahoo.com,(581) 550-3996,6567 Church St,Springfield,IL,69839,US,consumer,2023-06-30,bronze,
321,Adam,Roberts,adamroberts62@outlook.com,(315) 335-1960,1700 High St,Austin,TX,87430,US,corporate,2023-08-22,platinum,
322,Aaron,Reed,aaronreed285@protonmail.com,(997) 567-1472,7915 Poplar St,Houston,TX,73979,US,corporate,2025-03-03,bronze,
323,Victoria,Evans,victoria_evans6@icloud.com,(212) 921-9598,5543 Meadow Ln,Portland,OR,78564,US,corporate,2022-01-25,silver,
324,Richard,Parker,richardparker94@icloud.com,(879) 892-7305,9148 Laurel Ave,Dallas,TX,90335,US,consumer,2025-09-12,bronze,
325,Mary,Chavez,mary.chavez65@mail.com,(369) 276-9055,3947 River Rd,Detroit,MI,46458,US,home_office,2022-03-23,bronze,
326,Nicholas,Lewis,nicholaslewis83@hotmail.com,(280) 670-8277,1443 Spruce St,Raleigh,NC,75333,US,corporate,2021-12-12,gold,
327,Kenneth,Thomas,kenneth_thomas@yahoo.com,(613) 622-1587,1490 Birch St,Los Angeles,CA,89194,US,corporate,2024-01-03,gold,
328,Samantha,Hill,samanthahill311@mail.com,(549) 572-1889,7446 River Rd,Portland,OR,83420,US,corporate,2022-03-19,bronze,
329,Scott,Stewart,scottstewart472@mail.com,(316) 299-4633,5593 Spring St,Los Angeles,CA,93055,US,consumer,2026-01-20,silver,
330,Stephen,Gutierrez,stephen_gutierrez@outlook.com,(704) 343-7704,4167 Lincoln Ave,Chicago,IL,35679,US,consumer,2025-06-23,bronze,
331,Jessica,Gomez,jessica.gomez@icloud.com,(310) 975-7790,9648 Cedar Ln,San Diego,CA,69048,US,consumer,2022-09-06,silver,
332,Raymond,Ramos,raymondramos@gmail.com,(766) 643-8912,2904 Chestnut St,Boise,ID,85832,US,corporate,2023-11-06,silver,
333,Janet,Taylor,janet.taylor773@icloud.com,(716) 593-7859,4483 Church St,Miami,FL,54939,US,consumer,2023-04-26,bronze,
334,Laura,Moore,laura.moore716@aol.com,(918) 760-6143,3292 Washington Blvd,Seattle,WA,91810,US,consumer,2025-12-13,bronze,
335,Debra,Hall,debrahall827@outlook.com,(715) 755-6281,5772 Valley Rd,Springfield,IL,72963,US,consumer,2022-01-09,bronze,
336,Pamela,Bennett,pamelabennett790@aol.com,(632) 213-9564,415 Church St,Chicago,IL,29048,US,consumer,2024-11-26,platinum,
337,Christine,Davis,christine.davis@aol.com,(899) 456-3399,4836 Washington Blvd,Sacramento,CA,80932,US,home_office,2021-07-08,platinum,
338,Dorothy,Edwards,dorothy.edwards988@hotmail.com,(960) 862-7371,8371 Birch St,Miami,FL,47701,US,corporate,2021-10-14,bronze,
339,Harold,Carter,harold_carter907@icloud.com,(765) 255-1212,3328 Lincoln Ave,Tampa,FL,68073,US,consumer,2022-07-26,gold,
340,Douglas,Brooks,douglasbrooks91@hotmail.com,(994) 942-4170,7354 Elm St,Boston,MA,99477,US,consumer,2023-08-26,bronze,
341,Nancy,Thompson,nancythompson66@gmail.com,(638) 485-5329,2637 Broadway,Houston,TX,43425,US,consumer,2024-09-01,bronze,
342,Kevin,Reyes,kevinreyes@icloud.com,(811) 252-5934,9383 Valley Rd,Richmond,VA,56934,US,consumer,2022-12-06,gold,
343,Tyler,Price,tyler_price@yahoo.com,(717) 363-7814,1507 Spring St,Indianapolis,IN,38992,US,consumer,2022-12-09,platinum,
344,Raymond,Nelson,raymond_nelson@mail.com,(774) 970-1144,5669 Forest Ave,Springfield,IL,41502,US,consumer,2025-01-18,platinum,
345,Lauren,Richardson,lauren.richardson6@protonmail.com,(316) 595-5203,405 Poplar St,Boston,MA,77746,US,consumer,2022-04-03,silver,
346,Angela,Rogers,angela_rogers63@hotmail.com,(528) 726-2349,2743 Cherry Ln,Chicago,IL,80513,US,corporate,2022-10-22,bronze,
347,James,Watson,james.watson786@hotmail.com,(901) 634-2702,8811 Hickory Dr,Seattle,WA,67047,US,corporate,2022-11-11,gold,
348,Catherine,Mendoza,catherine.mendoza570@icloud.com,(238) 289-2200,2917 Birch St,Sacramento,CA,43018,US,consumer,2024-04-03,bronze,
349,Elizabeth,Kelly,elizabeth.kelly34@mail.com,(845) 614-8094,277 Church St,Detroit,MI,98250,US,consumer,2024-03-01,silver,
350,Jonathan,Smith,jonathansmith@gmail.com,(917) 274-6860,1739 Hill Rd,Boise,ID,99899,US,corporate,2022-05-27,bronze,
351,Nicole,Lopez,nicole_lopez98@protonmail.com,(876) 231-8765,8741 Park Ave,Austin,TX,27875,US,corporate,2023-07-15,silver,
352,Diane,Cooper,diane_cooper82@icloud.com,(211) 766-3316,685 Main St,Springfield,IL,85067,US,home_office,2024-07-18,bronze,
353,Ronald,Morgan,ronaldmorgan@icloud.com,(416) 622-9397,2638 Elm St,Dallas,TX,38939,US,corporate,2022-09-27,bronze,
354,Adam,Allen,adam.allen285@gmail.com,(969) 762-8557,4763 Walnut St,New York,NY,18829,US,consumer,2021-06-10,platinum,
355,Richard,Sanchez,richardsanchez75@icloud.com,(331) 887-4842,4672 Lincoln Ave,Chicago,IL,19149,US,consumer,2025-08-09,bronze,
356,Kenneth,Morales,kenneth_morales731@aol.com,(910) 798-3496,5183 High St,Charlotte,NC,32103,US,corporate,2024-05-03,silver,
357,Kenneth,Young,kenneth.young857@protonmail.com,(483) 568-3200,7864 Forest Ave,Minneapolis,MN,68373,US,consumer,2024-08-06,bronze,
358,Heather,Flores,heather_flores@yahoo.com,(487) 343-9824,4313 Willow Way,Boulder,CO,92132,US,corporate,2024-04-29,bronze,
359,Janet,Martinez,janet.martinez@protonmail.com,(987) 804-4485,9038 Lake Dr,San Diego,CA,81233,US,home_office,2023-05-08,bronze,
360,Jacob,Wood,jacob.wood@aol.com,(337) 675-9210,1484 Church St,Boise,ID,57692,US,corporate,2022-02-01,bronze,
361,Mary,James,mary.james@outlook.com,(656) 363-3935,7922 Spring St,Dallas,TX,15297,US,consumer,2025-08-27,gold,
362,Maria,Morales,maria.morales9@hotmail.com,(243) 884-4387,6359 Sunset Blvd,Charlotte,NC,69591,US,corporate,2025-12-02,bronze,
363,Jennifer,Wood,jennifer_wood820@aol.com,(959) 469-9918,6172 Ridge Rd,San Antonio,TX,59613,US,consumer,2022-04-12,platinum,
364,Emma,Wood,emma.wood67@hotmail.com,(728) 615-6781,7977 Birch St,Nashville,TN,73191,US,corporate,2023-01-15,silver,
365,James,Cook,james.cook@yahoo.com,(726) 858-5600,2462 Elm St,Seattle,WA,30625,US,home_office,2023-02-07,silver,
366,Nicole,Alvarez,nicole.alvarez85@icloud.com,(937) 316-8889,7849 Washington Blvd,Milwaukee,WI,87436,US,consumer,2022-05-04,silver,
367,Samuel,Evans,samuel.evans@outlook.com,(337) 844-9399,9377 Pine St,San Diego,CA,17328,US,home_office,2026-03-02,silver,
368,Kimberly,White,kimberlywhite713@gmail.com,(936) 945-5644,3549 Forest Ave,Buffalo,NY,89498,US,home_office,2021-11-07,gold,
369,Virginia,Morris,virginia.morris29@outlook.com,(796) 985-3979,4334 Elm St,Boise,ID,99861,US,consumer,2025-09-05,bronze,
370,Harold,Collins,haroldcollins@protonmail.com,(594) 335-2778,3316 Meadow Ln,San Francisco,CA,76107,US,consumer,2021-09-29,bronze,
371,Julie,Martin,juliemartin13@gmail.com,(744) 715-2925,7902 Walnut St,Buffalo,NY,27082,US,consumer,2022-02-01,gold,
372,Anna,Smith,annasmith541@protonmail.com,(579) 244-9680,3760 Birch St,Las Vegas,NV,73192,US,consumer,2022-09-04,platinum,
373,Brian,Ramos,brianramos957@yahoo.com,(635) 337-5170,3810 Poplar St,Milwaukee,WI,20986,US,consumer,2025-02-18,gold,
374,Scott,Cooper,scott_cooper@gmail.com,(791) 735-2930,6145 Ridge Rd,Los Angeles,CA,36924,US,corporate,2024-01-09,silver,
375,Edward,Campbell,edward.campbell536@aol.com,(467) 748-7939,4515 Walnut St,Charlotte,NC,62095,US,consumer,2021-04-04,gold,
376,Edward,Peterson,edwardpeterson62@mail.com,(459) 514-6641,2263 Spruce St,Indianapolis,IN,96413,US,consumer,2023-08-11,silver,
377,Catherine,Robinson,catherine_robinson@hotmail.com,(720) 610-6544,2634 Church St,Sacramento,CA,93345,US,home_office,2023-07-27,silver,
378,Aaron,Lopez,aaron.lopez61@yahoo.com,(265) 469-4633,1312 Lincoln Ave,Charlotte,NC,14948,US,consumer,2023-06-13,bronze,
379,Christina,Phillips,christinaphillips84@gmail.com,(992) 379-9099,176 Washington Blvd,Raleigh,NC,96099,US,home_office,2024-10-26,silver,
380,Andrew,Harris,andrew.harris622@hotmail.com,(829) 373-1590,3920 Ridge Rd,Charlotte,NC,10037,US,consumer,2021-11-01,bronze,
381,Barbara,Scott,barbara_scott46@protonmail.com,(800) 405-9482,1125 Poplar St,Los Angeles,CA,21818,US,consumer,2023-11-28,bronze,
382,Andrew,Castillo,andrewcastillo75@aol.com,(431) 820-4187,6619 Broadway,Salt Lake City,UT,10609,US,corporate,2025-09-20,gold,
383,Daniel,Evans,danielevans@aol.com,(548) 319-9409,8814 Hickory Dr,Tampa,FL,85352,US,corporate,2025-03-14,bronze,
384,Frank,Cruz,frank_cruz@icloud.com,(994) 669-8548,7897 Cedar Ln,San Francisco,CA,43792,US,home_office,2021-07-10,bronze,
385,Timothy,Brooks,timothy.brooks@icloud.com,(622) 561-9462,4315 Park Ave,Los Angeles,CA,47655,US,corporate,2023-11-19,bronze,
386,Stephanie,Gray,stephaniegray177@outlook.com,(687) 521-6792,9400 Lake Dr,Seattle,WA,33957,US,home_office,2025-06-23,platinum,
387,Amy,Patel,amy.patel@aol.com,(411) 434-4322,5834 Pine St,Miami,FL,23983,US,consumer,2022-10-25,silver,
388,Lauren,Hernandez,laurenhernandez604@gmail.com,(982) 754-1692,6082 Lincoln Ave,Milwaukee,WI,51342,US,consumer,2024-11-23,silver,
389,Zachary,Kelly,zachary_kelly287@aol.com,(607) 427-3101,8614 Birch St,Sacramento,CA,65466,US,corporate,2023-01-18,gold,
390,Anna,Jones,annajones503@outlook.com,(668) 323-9490,5172 Chestnut St,Salt Lake City,UT,11103,US,home_office,2023-10-26,gold,
391,Gregory,Clark,gregory_clark75@icloud.com,(827) 465-4066,3886 Lake Dr,Tampa,FL,71780,US,home_office,2025-06-12,bronze,
392,Amanda,Campbell,amanda.campbell@protonmail.com,(917) 970-7099,6564 Lake Dr,Charlotte,NC,69077,US,consumer,2024-03-22,silver,
393,Pamela,Taylor,pamelataylor@aol.com,(441) 768-8081,3213 Pine St,Columbus,OH,29601,US,consumer,2025-10-13,gold,
394,Ruth,Johnson,ruth.johnson@icloud.com,(698) 507-5111,6528 Cedar Ln,Sacramento,CA,31409,US,corporate,2021-11-12,silver,
395,Margaret,Allen,margaret_allen81@icloud.com,(466) 569-6903,5639 Main St,Tampa,FL,63970,US,consumer,2021-07-14,bronze,
396,Brian,Gray,briangray690@outlook.com,(999) 491-6818,8364 Sunset Blvd,Detroit,MI,68580,US,home_office,2023-05-12,gold,
397,Timothy,Ward,timothy_ward@outlook.com,(855) 545-7911,1169 Maple Dr,Indianapolis,IN,31233,US,home_office,2025-03-19,silver,
398,Sandra,Green,sandra_green398@aol.com,(819) 860-7479,7290 Cherry Ln,Atlanta,GA,57600,US,consumer,2024-09-30,bronze,
399,Eric,Edwards,eric_edwards@outlook.com,(945) 440-5122,3451 Elm St,Buffalo,NY,62041,US,corporate,2022-06-03,silver,
400,Richard,Rodriguez,richard_rodriguez@protonmail.com,(736) 983-2363,4301 Lincoln Ave,Chicago,IL,30352,US,corporate,2022-06-08,bronze,
401,Katherine,Roberts,katherine_roberts353@aol.com,(653) 841-3071,8631 Hickory Dr,Houston,TX,32361,US,consumer,2024-08-13,bronze,
402,John,James,john_james42@mail.com,(753) 478-9987,2214 Chestnut St,Raleigh,NC,80685,US,home_office,2024-02-16,gold,
403,Emma,Kim,emma_kim866@protonmail.com,(736) 855-9745,5689 Sunset Blvd,Philadelphia,PA,80735,US,corporate,2023-02-11,bronze,
404,Ruth,Lopez,ruth_lopez40@aol.com,(359) 510-1172,8575 Hickory Dr,Los Angeles,CA,27865,US,home_office,2024-12-20,silver,
405,Andrew,Stewart,andrewstewart2@mail.com,(506) 209-8052,9782 Park Ave,Boston,MA,10946,US,consumer,2022-11-09,silver,
406,Melissa,Harris,melissa_harris72@hotmail.com,(367) 932-7385,3615 Lake Dr,Columbus,OH,20382,US,home_office,2025-10-08,bronze,
407,Benjamin,Walker,benjaminwalker919@aol.com,(491) 864-9715,6766 Washington Blvd,Atlanta,GA,18973,US,consumer,2024-03-28,platinum,
408,Sarah,Nguyen,sarah.nguyen566@mail.com,(478) 917-9060,5254 Main St,Boulder,CO,29942,US,consumer,2023-08-14,bronze,
409,Jonathan,Williams,jonathan.williams14@outlook.com,(932) 648-1134,1478 Pine St,Portland,OR,11930,US,home_office,2023-04-16,bronze,
410,Margaret,Baker,margaret_baker40@icloud.com,(674) 913-1519,1315 Hickory Dr,Minneapolis,MN,29148,US,consumer,2025-06-15,bronze,
411,Paul,Jimenez,paul_jimenez10@outlook.com,(396) 456-7251,1999 Cherry Ln,Los Angeles,CA,42631,US,consumer,2024-07-04,bronze,
412,Jerry,Cruz,jerry.cruz@mail.com,(952) 989-2539,7747 Church St,Seattle,WA,99318,US,home_office,2023-08-12,bronze,
413,Christina,Adams,christina.adams@yahoo.com,(459) 692-5895,5906 Laurel Ave,Boulder,CO,16827,US,home_office,2026-01-18,gold,
414,Joseph,Walker,josephwalker@outlook.com,(482) 798-2960,3983 Main St,Indianapolis,IN,15504,US,corporate,2026-03-14,platinum,
415,Tyler,Ruiz,tyler_ruiz@icloud.com,(989) 291-5075,8191 Maple Dr,Austin,TX,99908,US,corporate,2022-04-03,bronze,
416,Amanda,Ross,amandaross8@outlook.com,(918) 749-2759,7993 Park Ave,Houston,TX,51515,US,consumer,2021-12-07,silver,
417,Tyler,Chavez,tyler_chavez@gmail.com,(905) 586-6868,4108 Laurel Ave,Houston,TX,15175,US,consumer,2023-08-07,gold,
418,Alexander,Cruz,alexandercruz655@mail.com,(394) 780-4057,5304 Willow Way,Nashville,TN,71393,US,consumer,2023-08-04,gold,
419,Virginia,Kim,virginiakim170@outlook.com,(660) 502-5314,7440 Main St,Charlotte,NC,93627,US,corporate,2025-12-05,silver,
420,Timothy,Sanders,timothy.sanders3@hotmail.com,(528) 938-2037,3111 Meadow Ln,Columbus,OH,99551,US,corporate,2024-07-07,bronze,
421,Jerry,Peterson,jerry.peterson79@protonmail.com,(856) 529-2809,8573 Walnut St,Chicago,IL,18739,US,corporate,2026-02-15,bronze,
422,Adam,Taylor,adam.taylor@mail.com,(396) 301-1521,8027 Meadow Ln,Columbus,OH,91785,US,corporate,2024-04-18,gold,
423,Steven,Miller,steven_miller720@yahoo.com,(213) 413-9051,7669 Birch St,Buffalo,NY,93744,US,consumer,2022-10-13,gold,
424,George,Bailey,georgebailey54@gmail.com,(831) 472-9667,1154 Hickory Dr,San Diego,CA,49833,US,consumer,2025-04-09,bronze,
425,Margaret,Gutierrez,margaret.gutierrez@protonmail.com,(394) 397-9621,9340 Ridge Rd,Miami,FL,33448,US,consumer,2022-01-19,bronze,
426,Catherine,Bailey,catherine_bailey208@icloud.com,(890) 669-7997,2734 Birch St,Chicago,IL,33644,US,corporate,2023-10-06,platinum,
427,Stephanie,Cook,stephanie_cook261@mail.com,(560) 522-6319,6756 Cherry Ln,Charlotte,NC,93000,US,consumer,2024-06-17,gold,
428,Julie,Castillo,julie_castillo346@hotmail.com,(584) 984-5162,7413 Forest Ave,Charlotte,NC,62047,US,home_office,2024-05-30,platinum,
429,Patrick,Jones,patrick_jones116@outlook.com,(509) 206-5920,3520 Spruce St,Portland,OR,51275,US,consumer,2022-06-07,gold,
430,Jerry,Ruiz,jerry_ruiz623@outlook.com,(296) 238-8542,2558 Pine St,Nashville,TN,44732,US,consumer,2021-05-29,bronze,
431,Victoria,Howard,victoria.howard30@yahoo.com,(784) 609-4562,5320 Birch St,New York,NY,73246,US,consumer,2023-11-25,silver,
432,Gary,Ruiz,garyruiz@aol.com,(238) 948-7251,917 Poplar St,Buffalo,NY,53829,US,corporate,2023-07-15,silver,
433,Peter,Parker,peter_parker@gmail.com,(849) 996-7266,4994 Meadow Ln,Sacramento,CA,15397,US,corporate,2021-10-16,bronze,
434,Anna,Reed,anna.reed614@hotmail.com,(356) 251-7436,9751 Broadway,Raleigh,NC,76155,US,consumer,2021-11-01,silver,
435,Mark,Parker,mark_parker@icloud.com,(284) 687-1807,4302 Maple Dr,Indianapolis,IN,62235,US,consumer,2023-09-15,gold,
436,Sharon,Jimenez,sharonjimenez@mail.com,(772) 402-8993,9361 Washington Blvd,Indianapolis,IN,83553,US,corporate,2025-08-02,bronze,
437,Jack,Ortiz,jack.ortiz32@protonmail.com,(531) 901-2467,6777 High St,Springfield,IL,57876,US,consumer,2022-07-16,gold,
438,Matthew,Adams,matthew_adams@aol.com,(373) 558-8245,7217 Oak Ave,Dallas,TX,40603,US,home_office,2026-02-01,silver,
439,Debra,Mitchell,debra.mitchell@yahoo.com,(957) 255-4982,4714 Main St,Dallas,TX,54993,US,corporate,2021-12-03,platinum,
440,Michelle,Edwards,michelle_edwards@hotmail.com,(408) 759-9573,8992 Sunset Blvd,Tampa,FL,91663,US,consumer,2022-04-17,bronze,
441,Frank,Hughes,frankhughes485@gmail.com,(461) 374-1984,3289 Birch St,Boston,MA,90997,US,consumer,2023-12-17,bronze,
442,Michael,Reyes,michaelreyes2@aol.com,(878) 875-6901,313 Hill Rd,Chicago,IL,95119,US,home_office,2024-09-14,silver,
443,Sandra,Carter,sandracarter91@mail.com,(811) 744-2442,3259 Meadow Ln,San Antonio,TX,70029,US,consumer,2023-10-14,bronze,
444,Harold,Alvarez,harold.alvarez353@aol.com,(541) 701-7445,302 Spring St,Austin,TX,99694,US,consumer,2025-01-20,gold,
445,Dorothy,Watson,dorothy_watson31@gmail.com,(840) 463-7343,9093 Lake Dr,San Francisco,CA,39567,US,home_office,2024-07-05,gold,
446,Amanda,Gomez,amandagomez189@protonmail.com,(733) 894-4726,3939 Broadway,Kansas City,MO,30021,US,home_office,2022-10-12,bronze,
447,Michelle,Cox,michelle_cox@hotmail.com,(868) 341-9869,2263 Hill Rd,Boulder,CO,78656,US,home_office,2024-03-10,silver,
448,Sharon,Foster,sharon.foster@icloud.com,(269) 770-9732,3017 River Rd,Springfield,IL,29073,US,corporate,2025-09-20,silver,
449,Maria,Green,maria_green53@aol.com,(355) 997-4079,2156 Elm St,Chicago,IL,13433,US,consumer,2026-01-16,bronze,
450,Brandon,Wright,brandonwright@hotmail.com,(436) 903-1427,1303 Chestnut St,Nashville,TN,72469,US,consumer,2023-02-18,platinum,
451,Nicholas,Cox,nicholas_cox92@outlook.com,(596) 703-8763,2684 Washington Blvd,Houston,TX,39658,US,corporate,2022-04-15,gold,
452,Edward,Ross,edward.ross@hotmail.com,(975) 409-2083,7198 Spruce St,San Antonio,TX,90879,US,corporate,2022-07-18,silver,
453,Frank,Adams,frank_adams32@gmail.com,(822) 952-7232,6458 Lincoln Ave,Detroit,MI,84964,US,consumer,2024-04-08,gold,
454,Jonathan,Ortiz,jonathanortiz@yahoo.com,(662) 667-1694,8499 Valley Rd,Miami,FL,61853,US,home_office,2023-02-26,silver,
455,Brenda,Roberts,brendaroberts@hotmail.com,(498) 650-7521,4685 Forest Ave,Philadelphia,PA,31821,US,consumer,2025-01-20,platinum,
456,Donna,Ward,donna.ward@mail.com,(861) 662-2481,1855 Elm St,Boise,ID,86735,US,consumer,2025-04-24,silver,
457,Sarah,Gomez,sarah_gomez@outlook.com,(664) 804-4308,1478 Lake Dr,Salt Lake City,UT,52477,US,consumer,2023-09-28,gold,
458,Carolyn,Sanders,carolyn.sanders216@mail.com,(849) 571-2397,8384 Lincoln Ave,Columbus,OH,30958,US,consumer,2025-07-11,gold,
459,Stephen,Carter,stephen.carter99@outlook.com,(366) 348-3930,6875 Hill Rd,Sacramento,CA,50569,US,consumer,2025-04-15,bronze,
460,Andrew,Watson,andrew.watson@gmail.com,(837) 983-5146,7515 Sunset Blvd,Los Angeles,CA,75358,US,consumer,2025-04-27,gold,
461,Ruth,Smith,ruthsmith@mail.com,(664) 619-8239,9851 Lincoln Ave,Buffalo,NY,10861,US,consumer,2023-11-16,bronze,
462,Peter,Peterson,peter_peterson743@hotmail.com,(250) 389-3429,5719 Oak Ave,Sacramento,CA,29054,US,corporate,2022-07-22,bronze,
463,Christine,Kelly,christinekelly@gmail.com,(311) 626-3920,4660 Lincoln Ave,Austin,TX,96628,US,corporate,2023-12-30,bronze,
464,Pamela,Bailey,pamela.bailey867@icloud.com,(236) 295-5903,6039 Laurel Ave,Detroit,MI,59668,US,corporate,2023-10-13,platinum,
465,Maria,Diaz,mariadiaz9@outlook.com,(324) 911-5496,8636 High St,Minneapolis,MN,78766,US,home_office,2025-03-14,gold,
466,Rachel,Clark,rachelclark211@yahoo.com,(695) 941-5705,9976 Spruce St,Las Vegas,NV,51482,US,consumer,2023-03-08,gold,
467,Shirley,Kelly,shirleykelly232@mail.com,(732) 946-9154,2948 Laurel Ave,Richmond,VA,89876,US,consumer,2024-08-20,gold,
468,Alexander,Nguyen,alexander.nguyen@mail.com,(840) 320-4396,6784 Oak Ave,Kansas City,MO,53750,US,home_office,2025-01-22,silver,
469,Brenda,Brooks,brenda.brooks@aol.com,(460) 269-6042,8302 Valley Rd,Philadelphia,PA,52457,US,consumer,2023-08-02,platinum,
470,Joseph,Mendoza,joseph_mendoza505@gmail.com,(379) 398-6415,7850 Poplar St,Minneapolis,MN,72193,US,home_office,2024-05-12,silver,
471,Samuel,Moore,samuel_moore20@icloud.com,(673) 623-1917,9257 Willow Way,Philadelphia,PA,98892,US,consumer,2024-01-12,bronze,
472,Brenda,Morgan,brenda.morgan691@icloud.com,(562) 267-3446,511 River Rd,Atlanta,GA,59183,US,home_office,2023-04-24,bronze,
473,Olivia,Perez,oliviaperez@yahoo.com,(969) 515-6152,4449 High St,San Diego,CA,21376,US,consumer,2022-08-16,gold,
474,Peter,Walker,peter_walker58@hotmail.com,(737) 509-3867,6132 Birch St,Springfield,IL,14901,US,home_office,2025-10-16,gold,
475,Douglas,Lopez,douglas_lopez65@outlook.com,(394) 548-8921,5364 Pine St,Philadelphia,PA,22878,US,corporate,2023-06-26,bronze,
476,Gregory,Taylor,gregory.taylor93@protonmail.com,(930) 734-2897,5096 Poplar St,Los Angeles,CA,15771,US,home_office,2022-11-09,bronze,
477,Virginia,Lopez,virginia_lopez@aol.com,(223) 791-6114,5258 Washington Blvd,Seattle,WA,35237,US,consumer,2024-11-25,gold,
478,Emily,Morgan,emily_morgan551@yahoo.com,(479) 352-3580,1876 Main St,Atlanta,GA,91650,US,corporate,2025-05-02,bronze,
479,Angela,Wilson,angela.wilson458@icloud.com,(477) 344-5641,2807 Maple Dr,Miami,FL,50812,US,home_office,2023-03-09,gold,
480,Zachary,Baker,zacharybaker@gmail.com,(682) 891-1826,6285 Oak Ave,Chicago,IL,21287,US,corporate,2024-03-03,platinum,
481,Ronald,Thompson,ronaldthompson706@mail.com,(831) 564-6119,3247 Chestnut St,Minneapolis,MN,97932,US,corporate,2025-03-09,silver,
482,William,Long,william_long@mail.com,(299) 666-6085,7710 Park Ave,Salt Lake City,UT,39333,US,corporate,2025-12-17,bronze,
483,Henry,Ward,henry_ward@icloud.com,(532) 664-8987,1071 Sunset Blvd,San Francisco,CA,24796,US,consumer,2024-09-21,gold,
484,Kathleen,Reyes,kathleen.reyes37@outlook.com,(720) 305-7646,5340 Valley Rd,Chicago,IL,95124,US,corporate,2024-04-12,gold,
485,Diane,Hill,dianehill510@protonmail.com,(444) 835-4992,7904 Church St,Austin,TX,18658,US,corporate,2021-10-24,silver,
486,Anthony,Ruiz,anthonyruiz56@icloud.com,(757) 910-4869,1277 Willow Way,San Antonio,TX,85260,US,home_office,2021-08-29,platinum,
487,Joseph,Ramos,josephramos433@yahoo.com,(655) 380-6046,1141 Lincoln Ave,Indianapolis,IN,24253,US,consumer,2023-01-28,bronze,
488,Jerry,Carter,jerry_carter760@gmail.com,(292) 422-3276,2404 Walnut St,Los Angeles,CA,29558,US,consumer,2022-09-10,silver,
489,Jonathan,Nguyen,jonathan_nguyen79@hotmail.com,(410) 897-6187,9344 Birch St,Philadelphia,PA,99071,US,home_office,2021-09-12,gold,
490,Lauren,Parker,laurenparker191@gmail.com,(826) 722-7622,4820 Oak Ave,Houston,TX,58394,US,home_office,2023-10-04,gold,
491,Michael,Smith,michaelsmith72@yahoo.com,(488) 231-4854,9670 Church St,Las Vegas,NV,91948,US,consumer,2024-06-12,bronze,
492,Carolyn,Carter,carolyn_carter545@hotmail.com,(878) 377-8780,3084 Valley Rd,Houston,TX,60409,US,corporate,2024-01-05,gold,
493,Olivia,Turner,olivia.turner993@outlook.com,(337) 211-2175,2360 Willow Way,San Francisco,CA,73792,US,consumer,2021-05-07,silver,
494,Sarah,Hernandez,sarah.hernandez83@mail.com,(912) 818-7974,7445 Meadow Ln,San Antonio,TX,65590,US,consumer,2022-02-27,bronze,
495,Jose,Edwards,jose_edwards@protonmail.com,(819) 207-9161,8221 Lake Dr,Miami,FL,63849,US,consumer,2022-05-08,bronze,
496,Pamela,Campbell,pamela.campbell5@icloud.com,(315) 794-8889,2328 Willow Way,Buffalo,NY,78997,US,consumer,2022-05-19,gold,
497,Cynthia,Gutierrez,cynthia.gutierrez@hotmail.com,(683) 845-2279,865 Laurel Ave,Philadelphia,PA,55029,US,corporate,2021-05-15,bronze,
498,Heather,Johnson,heather_johnson59@icloud.com,(631) 561-5827,2745 Oak Ave,Boston,MA,88333,US,consumer,2025-02-24,bronze,
499,Janet,Reed,janet_reed8@outlook.com,(786) 252-5780,4700 Sunset Blvd,San Francisco,CA,20814,US,home_office,2021-10-23,bronze,
500,Nicholas,Martinez,nicholas_martinez235@aol.com,(481) 463-1232,9894 Elm St,Springfield,IL,87564,US,home_office,2021-06-01,gold,
501,Raymond,Edwards,raymond_edwards367@hotmail.com,(696) 385-9640,5618 Maple Dr,San Diego,CA,29014,US,corporate,2022-05-25,silver,
502,Christina,Martin,christina_martin97@hotmail.com,(876) 650-3740,9466 Willow Way,Seattle,WA,55229,US,corporate,2023-08-16,gold,
503,Samuel,King,samuel.king7@protonmail.com,(687) 508-8803,6223 Walnut St,Portland,OR,61127,US,consumer,2025-05-01,bronze,
504,Kimberly,Jackson,kimberlyjackson56@mail.com,(591) 894-6172,1596 Poplar St,San Diego,CA,79637,US,home_office,2023-06-29,silver,
505,Nathan,Parker,nathanparker84@icloud.com,(476) 473-2610,9572 Church St,Tampa,FL,70438,US,corporate,2021-04-19,silver,
506,Janet,Gray,janetgray299@icloud.com,(893) 906-3947,8973 Main St,Detroit,MI,98185,US,consumer,2022-03-31,gold,
507,Adam,Rodriguez,adam.rodriguez200@yahoo.com,(901) 656-6759,4642 Lake Dr,Portland,OR,35307,US,home_office,2024-11-14,platinum,
508,Patricia,Richardson,patricia.richardson708@hotmail.com,(813) 853-2995,1416 Spruce St,Springfield,IL,89257,US,home_office,2024-01-26,bronze,
509,Timothy,James,timothyjames@yahoo.com,(912) 388-5150,7651 Walnut St,Boston,MA,19924,US,home_office,2026-02-18,silver,
510,Harold,Scott,harold_scott89@aol.com,(365) 999-2212,1023 Church St,Atlanta,GA,60933,US,corporate,2022-06-02,bronze,
511,Linda,King,linda_king@mail.com,(405) 824-7432,8062 Cedar Ln,San Antonio,TX,28857,US,corporate,2024-05-15,silver,
512,Jerry,Parker,jerry.parker@mail.com,(932) 465-2692,1195 Maple Dr,San Diego,CA,84887,US,consumer,2022-11-01,bronze,
513,Heather,Edwards,heather.edwards252@gmail.com,(238) 880-7397,2484 Chestnut St,Atlanta,GA,53231,US,home_office,2025-06-09,bronze,
514,Pamela,Smith,pamelasmith91@mail.com,(646) 613-2148,55 Church St,Portland,OR,73185,US,home_office,2022-09-28,bronze,
515,Larry,Morgan,larry_morgan43@protonmail.com,(256) 847-2485,8760 Spruce St,Charlotte,NC,54572,US,consumer,2025-12-25,silver,
516,Olivia,Collins,olivia_collins@gmail.com,(593) 876-4129,6392 Laurel Ave,Philadelphia,PA,23994,US,consumer,2022-02-19,bronze,
517,Gary,Hernandez,garyhernandez@outlook.com,(236) 397-1415,8016 Church St,Miami,FL,18256,US,consumer,2021-05-25,gold,
518,Samuel,Flores,samuel_flores69@gmail.com,(237) 547-1918,702 Church St,Minneapolis,MN,25491,US,home_office,2023-05-18,silver,
519,Ruth,Wood,ruthwood569@outlook.com,(958) 793-4817,605 Willow Way,New York,NY,28558,US,home_office,2023-12-18,bronze,
520,Katherine,Williams,katherine_williams@outlook.com,(214) 376-1818,1595 Forest Ave,Philadelphia,PA,90114,US,consumer,2021-05-12,gold,
521,Adam,Ramos,adam.ramos14@hotmail.com,(264) 407-7983,6587 River Rd,Minneapolis,MN,25833,US,corporate,2024-11-11,bronze,
522,Anna,Moore,anna_moore@outlook.com,(543) 264-2978,2315 Cherry Ln,Atlanta,GA,64415,US,consumer,2021-11-17,silver,
523,Rachel,Mitchell,rachelmitchell@gmail.com,(336) 302-7162,257 Laurel Ave,Austin,TX,73827,US,home_office,2022-06-27,silver,
524,James,Smith,james.smith823@aol.com,(626) 910-8798,3378 Pine St,Houston,TX,93863,US,home_office,2022-04-29,bronze,
525,Eric,Edwards,eric_edwards278@gmail.com,(810) 384-9190,4935 Spring St,Buffalo,NY,64891,US,home_office,2025-06-24,bronze,
526,Brenda,Walker,brenda.walker@icloud.com,(979) 752-9315,7606 Cherry Ln,Portland,OR,92111,US,consumer,2025-01-11,bronze,
527,Emily,Miller,emily.miller@mail.com,(709) 380-3617,886 Ridge Rd,San Diego,CA,57735,US,consumer,2025-04-07,platinum,
528,Anthony,Parker,anthony_parker43@gmail.com,(306) 958-1859,2590 Birch St,San Antonio,TX,13809,US,consumer,2024-05-26,silver,
529,Angela,Anderson,angela.anderson31@icloud.com,(629) 403-6336,1805 River Rd,Portland,OR,39855,US,consumer,2023-02-20,silver,
530,Donald,Patel,donald_patel@yahoo.com,(682) 799-8936,7142 Pine St,Sacramento,CA,38333,US,home_office,2025-02-27,silver,
531,Ryan,Thompson,ryan_thompson48@hotmail.com,(847) 567-5418,5504 Pine St,Boulder,CO,14206,US,home_office,2022-04-27,bronze,
532,Linda,Scott,linda.scott15@mail.com,(628) 375-6629,4836 Lincoln Ave,Portland,OR,30550,US,home_office,2024-07-30,silver,
533,Kelly,Perez,kellyperez@yahoo.com,(621) 734-9015,9693 Sunset Blvd,Seattle,WA,70655,US,home_office,2022-11-25,gold,
534,Mary,Sanders,mary_sanders@hotmail.com,(535) 644-4643,9400 Laurel Ave,Dallas,TX,10665,US,corporate,2023-08-29,bronze,
535,Jennifer,Garcia,jennifer_garcia887@gmail.com,(635) 743-7460,1606 Forest Ave,Milwaukee,WI,74918,US,corporate,2026-01-31,bronze,
536,William,Bailey,william.bailey89@hotmail.com,(335) 567-5846,1487 Main St,Miami,FL,72886,US,home_office,2024-04-06,bronze,
537,Christopher,Price,christopher_price865@gmail.com,(665) 674-3271,3031 Birch St,Indianapolis,IN,58551,US,home_office,2021-06-24,silver,
538,Alexander,Brooks,alexander.brooks81@icloud.com,(743) 233-5859,4421 Chestnut St,Las Vegas,NV,90281,US,consumer,2024-02-18,platinum,
539,Pamela,Clark,pamelaclark11@gmail.com,(727) 890-6963,1819 Church St,Sacramento,CA,57918,US,consumer,2026-01-13,bronze,
540,Helen,Garcia,helen_garcia279@yahoo.com,(774) 926-4354,5488 Park Ave,Houston,TX,80730,US,consumer,2021-05-19,silver,
541,Katherine,Morris,katherinemorris694@hotmail.com,(971) 962-4693,5779 Laurel Ave,Detroit,MI,45043,US,home_office,2026-03-06,bronze,
542,Debra,Diaz,debra_diaz7@icloud.com,(663) 697-9215,7704 Chestnut St,Springfield,IL,79717,US,corporate,2024-06-12,platinum,
543,Kelly,Nguyen,kelly_nguyen476@yahoo.com,(392) 668-2430,6401 Laurel Ave,Buffalo,NY,33437,US,consumer,2021-06-08,bronze,
544,Elizabeth,Wilson,elizabeth.wilson214@outlook.com,(708) 354-4346,4804 High St,San Francisco,CA,99443,US,corporate,2024-03-17,silver,
545,Christina,Taylor,christina_taylor45@gmail.com,(498) 393-2031,3807 Hickory Dr,San Francisco,CA,78107,US,corporate,2023-02-26,gold,
546,Edward,Howard,edward_howard84@mail.com,(807) 881-9686,7504 Hill Rd,Raleigh,NC,84350,US,consumer,2025-08-15,gold,
547,Zachary,Flores,zachary.flores34@icloud.com,(495) 988-1775,5786 Hill Rd,Dallas,TX,69759,US,consumer,2022-07-23,silver,
548,Helen,Lee,helenlee@outlook.com,(925) 909-3514,3898 Cedar Ln,Austin,TX,15393,US,corporate,2023-06-29,bronze,
549,Pamela,Taylor,pamela_taylor@hotmail.com,(775) 924-1568,5634 Pine St,Detroit,MI,58878,US,corporate,2025-04-08,bronze,
550,Anna,Lee,annalee@protonmail.com,(711) 986-3381,5247 Pine St,Salt Lake City,UT,10562,US,corporate,2024-11-10,bronze,
551,Nicholas,Nelson,nicholasnelson91@aol.com,(972) 787-3409,5550 Chestnut St,Raleigh,NC,24721,US,corporate,2025-11-27,bronze,
552,Kelly,Garcia,kelly.garcia@aol.com,(225) 611-4610,5856 Maple Dr,Raleigh,NC,52777,US,home_office,2024-07-08,silver,
553,Nicole,Chavez,nicole.chavez@aol.com,(400) 223-2369,1432 Meadow Ln,Raleigh,NC,61697,US,corporate,2025-08-16,bronze,
554,Gary,Green,garygreen@icloud.com,(607) 351-8006,6327 Spring St,Charlotte,NC,11597,US,corporate,2021-08-25,bronze,
555,Brian,Hall,brian_hall995@yahoo.com,(420) 945-8278,7250 Hill Rd,Kansas City,MO,31468,US,home_office,2025-05-17,silver,
556,Janet,Turner,janet.turner@outlook.com,(412) 510-8776,1084 Poplar St,Minneapolis,MN,87421,US,consumer,2024-11-20,platinum,
557,Barbara,Smith,barbara_smith82@outlook.com,(769) 673-3243,3048 Hickory Dr,Boulder,CO,60039,US,consumer,2025-11-22,silver,
558,Stephen,Morales,stephen.morales954@aol.com,(705) 772-8593,440 Birch St,Portland,OR,10320,US,consumer,2025-11-02,bronze,
559,Kimberly,Hill,kimberlyhill@aol.com,(627) 383-9059,467 Cedar Ln,Miami,FL,46335,US,corporate,2024-01-11,bronze,
560,David,Kim,davidkim47@protonmail.com,(464) 843-8799,6115 Meadow Ln,Springfield,IL,85400,US,corporate,2022-11-30,platinum,
561,Nathan,King,nathan.king@icloud.com,(672) 909-3219,2676 Oak Ave,Nashville,TN,45739,US,corporate,2022-06-20,bronze,
562,Rebecca,Brooks,rebecca_brooks7@yahoo.com,(726) 398-4002,9811 Cherry Ln,Chicago,IL,31906,US,consumer,2021-11-07,bronze,
563,Carol,Green,carolgreen377@icloud.com,(298) 747-6761,212 Pine St,Dallas,TX,77917,US,consumer,2025-07-27,silver,
564,Melissa,Jimenez,melissa_jimenez@yahoo.com,(423) 358-9247,3088 Birch St,Portland,OR,83224,US,consumer,2025-01-31,silver,
565,Frank,Ortiz,frankortiz664@yahoo.com,(627) 671-2251,2151 Poplar St,Springfield,IL,12277,US,consumer,2025-09-30,silver,
566,Brian,Flores,brianflores47@icloud.com,(376) 926-5991,1944 Park Ave,San Francisco,CA,26870,US,corporate,2024-10-11,bronze,
567,Frank,Robinson,frank_robinson@yahoo.com,(635) 907-2830,309 Cherry Ln,New York,NY,73472,US,consumer,2021-07-04,bronze,
568,Jennifer,Sanchez,jennifer.sanchez912@gmail.com,(680) 321-5145,1086 Hill Rd,San Diego,CA,97501,US,consumer,2021-12-18,platinum,
569,Dennis,Gonzalez,dennis.gonzalez310@hotmail.com,(389) 886-6759,1488 Pine St,San Francisco,CA,46356,US,home_office,2023-09-14,bronze,
570,Brian,Rivera,brian.rivera899@hotmail.com,(717) 783-2119,9473 Cherry Ln,Chicago,IL,11832,US,consumer,2024-03-30,silver,
571,Margaret,Alvarez,margaret.alvarez275@gmail.com,(942) 301-4506,7778 Spring St,Boise,ID,87251,US,corporate,2021-11-05,gold,
572,Jeffrey,Gray,jeffrey.gray24@protonmail.com,(634) 419-9425,6678 Cedar Ln,Portland,OR,51193,US,corporate,2025-07-05,silver,
573,Cynthia,Anderson,cynthiaanderson18@aol.com,(770) 939-1665,5376 Sunset Blvd,Buffalo,NY,25167,US,consumer,2021-07-01,bronze,
574,Andrew,Collins,andrewcollins419@mail.com,(431) 767-7672,7012 Washington Blvd,Boston,MA,19123,US,corporate,2021-08-05,bronze,
575,Gregory,Mitchell,gregory.mitchell2@yahoo.com,(605) 648-9563,1954 Pine St,Buffalo,NY,61748,US,home_office,2021-06-19,silver,
576,Frank,Ramos,frank.ramos@icloud.com,(403) 546-4281,2012 Park Ave,Indianapolis,IN,65666,US,home_office,2024-09-13,gold,
577,Emily,Ross,emilyross695@aol.com,(974) 859-7557,7796 Walnut St,Nashville,TN,89058,US,consumer,2023-12-09,platinum,
578,Gary,Rogers,gary_rogers19@yahoo.com,(325) 456-9017,3782 Ridge Rd,Richmond,VA,27643,US,home_office,2025-01-25,bronze,
579,Richard,Patel,richard.patel610@gmail.com,(383) 591-6356,4961 Lincoln Ave,Dallas,TX,91688,US,consumer,2023-10-03,bronze,
580,Maria,Martinez,mariamartinez97@mail.com,(406) 500-9157,8271 Lake Dr,Richmond,VA,81098,US,consumer,2022-07-30,platinum,
581,Ruth,Cooper,ruthcooper@protonmail.com,(321) 592-8374,6166 Forest Ave,Detroit,MI,70248,US,consumer,2023-02-23,gold,
582,John,Thompson,johnthompson85@outlook.com,(703) 641-3203,6375 Sunset Blvd,Philadelphia,PA,24336,US,home_office,2021-04-25,gold,
583,Gregory,Morales,gregorymorales801@mail.com,(687) 775-3560,914 Church St,Boise,ID,44523,US,consumer,2021-09-03,bronze,
584,Emma,Carter,emmacarter87@icloud.com,(262) 228-1739,6004 Spring St,Houston,TX,86541,US,consumer,2025-06-19,silver,
585,Maria,Watson,maria_watson49@icloud.com,(565) 621-6755,4002 Park Ave,Sacramento,CA,40752,US,corporate,2022-12-23,gold,
586,Emma,Hernandez,emmahernandez9@yahoo.com,(545) 373-1322,613 Forest Ave,Detroit,MI,96214,US,consumer,2026-03-18,silver,
587,Larry,Rogers,larry_rogers120@mail.com,(802) 222-6185,9345 Church St,Columbus,OH,52260,US,consumer,2025-07-02,silver,
588,Richard,Morales,richard.morales@icloud.com,(708) 714-6563,4908 Spring St,Austin,TX,67146,US,consumer,2025-12-29,bronze,
589,Amy,Brooks,amy.brooks69@aol.com,(248) 504-7586,1507 Chestnut St,Portland,OR,85784,US,consumer,2024-03-16,silver,
590,Emma,Baker,emma_baker680@mail.com,(637) 414-6690,4946 Meadow Ln,New York,NY,49309,US,consumer,2025-09-15,bronze,
591,Raymond,Cooper,raymond_cooper26@aol.com,(839) 727-8425,305 Ridge Rd,San Antonio,TX,77662,US,consumer,2021-04-19,silver,
592,Pamela,Murphy,pamela.murphy943@mail.com,(474) 853-9728,9276 Willow Way,Las Vegas,NV,92150,US,corporate,2025-02-06,platinum,
593,Eric,Sanchez,eric_sanchez@outlook.com,(964) 901-5919,6722 River Rd,Las Vegas,NV,18444,US,consumer,2024-07-30,bronze,
594,Nathan,Evans,nathan_evans@aol.com,(903) 815-4868,3908 Cedar Ln,Indianapolis,IN,29655,US,consumer,2021-11-23,gold,
595,Patricia,Young,patricia_young597@protonmail.com,(632) 862-1606,2611 Lake Dr,Boulder,CO,27882,US,home_office,2025-02-09,bronze,
596,Kimberly,Scott,kimberlyscott280@gmail.com,(939) 697-1326,1376 River Rd,Sacramento,CA,88852,US,consumer,2025-03-20,silver,
597,Henry,Rodriguez,henry_rodriguez787@yahoo.com,(606) 941-3302,1834 Broadway,Miami,FL,75568,US,corporate,2022-01-02,platinum,
598,Eric,Bennett,ericbennett68@yahoo.com,(443) 814-3003,5396 Hickory Dr,Detroit,MI,86588,US,consumer,2024-09-02,bronze,
599,Ruth,Myers,ruthmyers@outlook.com,(309) 379-4507,7201 High St,Atlanta,GA,43332,US,consumer,2023-04-15,bronze,
600,Linda,Morales,lindamorales@icloud.com,(758) 633-8780,4551 Laurel Ave,Miami,FL,28993,US,consumer,2022-10-04,silver,
601,Jacob,Alvarez,jacob_alvarez121@gmail.com,(957) 878-1895,4145 Valley Rd,Miami,FL,60422,US,consumer,2024-12-07,bronze,
602,Samantha,Hughes,samantha_hughes224@hotmail.com,(653) 597-1128,4187 Hill Rd,Indianapolis,IN,21829,US,consumer,2024-06-20,gold,
603,Joshua,Clark,joshua.clark57@protonmail.com,(234) 480-2312,7719 Willow Way,Richmond,VA,64127,US,consumer,2022-12-30,platinum,
604,Carolyn,Diaz,carolyn.diaz21@yahoo.com,(560) 630-9973,7427 Chestnut St,Detroit,MI,13584,US,consumer,2021-11-23,silver,
605,Samuel,Chavez,samuel.chavez554@outlook.com,(203) 610-4278,5141 Broadway,Philadelphia,PA,20778,US,consumer,2023-12-24,bronze,
606,Christopher,Young,christopheryoung886@outlook.com,(808) 902-7722,7398 Sunset Blvd,Detroit,MI,27499,US,consumer,2021-05-25,silver,
607,Daniel,Mendoza,danielmendoza42@hotmail.com,(286) 624-7022,6448 Laurel Ave,San Antonio,TX,59456,US,consumer,2025-03-30,gold,
608,Mark,Williams,mark.williams762@hotmail.com,(291) 673-4248,2765 Oak Ave,Tampa,FL,62564,US,consumer,2023-02-13,bronze,
609,Jason,Kim,jason_kim20@outlook.com,(780) 320-1231,7434 Hickory Dr,Las Vegas,NV,98291,US,corporate,2021-07-18,silver,
610,Jessica,Lewis,jessicalewis27@aol.com,(964) 706-7259,7067 Spruce St,Houston,TX,37080,US,corporate,2024-07-21,silver,
611,Margaret,Torres,margarettorres87@outlook.com,(618) 349-1471,4290 Park Ave,Boston,MA,90960,US,consumer,2025-01-21,silver,
612,Douglas,Young,douglas_young800@mail.com,(287) 210-8682,5297 Chestnut St,Houston,TX,62108,US,corporate,2024-08-04,bronze,
613,Carolyn,Roberts,carolynroberts853@aol.com,(274) 297-1962,5454 Poplar St,Sacramento,CA,40781,US,corporate,2025-01-24,gold,
614,Douglas,Rivera,douglasrivera921@gmail.com,(205) 459-9266,4957 Church St,Columbus,OH,97983,US,consumer,2022-04-08,bronze,
615,Thomas,Bailey,thomas.bailey75@outlook.com,(715) 704-6557,2162 Maple Dr,Salt Lake City,UT,51591,US,home_office,2023-11-29,bronze,
616,Sharon,Jackson,sharon_jackson@outlook.com,(711) 487-6907,4636 Laurel Ave,Las Vegas,NV,44500,US,home_office,2025-05-30,gold,
617,Adam,Ross,adam_ross67@outlook.com,(523) 954-9049,9105 Spruce St,Dallas,TX,96169,US,consumer,2025-09-09,gold,
618,Michael,Harris,michael.harris@gmail.com,(681) 466-3679,7151 Cedar Ln,Salt Lake City,UT,74868,US,consumer,2021-10-18,bronze,
619,Jeffrey,Rivera,jeffreyrivera72@mail.com,(315) 937-3425,5728 Maple Dr,Springfield,IL,36703,US,home_office,2023-07-28,bronze,
620,Nancy,Perez,nancyperez66@hotmail.com,(797) 204-9618,6823 Poplar St,San Antonio,TX,20070,US,corporate,2022-08-22,bronze,
621,Jerry,Murphy,jerrymurphy@aol.com,(897) 896-2998,6121 Broadway,Indianapolis,IN,23902,US,consumer,2024-12-06,bronze,
622,Karen,Brown,karen.brown950@mail.com,(664) 843-5412,5398 Oak Ave,Los Angeles,CA,96005,US,consumer,2021-12-31,bronze,
623,Laura,Adams,lauraadams916@outlook.com,(416) 249-5635,910 Willow Way,Detroit,MI,19269,US,consumer,2021-10-28,bronze,
624,Nicole,Carter,nicole.carter@hotmail.com,(989) 608-2461,3412 Elm St,San Francisco,CA,60921,US,consumer,2022-08-17,silver,
625,Andrew,Chavez,andrewchavez20@mail.com,(642) 953-6080,5883 Walnut St,Houston,TX,22597,US,corporate,2024-05-16,gold,
626,Angela,Sanchez,angela_sanchez58@aol.com,(776) 814-7931,6923 Birch St,Buffalo,NY,58265,US,consumer,2023-03-04,silver,
627,Nancy,Parker,nancyparker@icloud.com,(674) 892-4673,8116 Meadow Ln,Dallas,TX,92517,US,consumer,2025-07-26,silver,
628,William,Nguyen,william_nguyen56@aol.com,(352) 330-5921,8571 High St,Miami,FL,48729,US,corporate,2021-05-12,bronze,
629,Michael,Peterson,michael.peterson@protonmail.com,(622) 296-8612,5824 Lake Dr,Tampa,FL,86751,US,consumer,2022-02-09,platinum,
630,Jerry,Cook,jerry.cook858@mail.com,(383) 386-7438,1365 High St,San Diego,CA,49013,US,consumer,2023-05-28,gold,
631,Emma,Castillo,emma_castillo97@aol.com,(549) 391-4458,1282 Willow Way,San Antonio,TX,89174,US,corporate,2022-02-23,gold,
632,Virginia,Gray,virginia.gray@gmail.com,(604) 319-1217,7818 Forest Ave,Austin,TX,63096,US,home_office,2024-02-05,gold,
633,Patrick,Morales,patrick_morales932@icloud.com,(907) 889-7471,1436 Pine St,Philadelphia,PA,27709,US,corporate,2022-01-08,platinum,
634,Matthew,Anderson,matthew.anderson@hotmail.com,(692) 864-3378,7140 Hickory Dr,Miami,FL,92058,US,corporate,2023-10-30,silver,
635,Matthew,Lopez,matthew_lopez@mail.com,(632) 222-2908,2498 Willow Way,Austin,TX,68361,US,consumer,2021-12-14,bronze,
636,Jacob,Williams,jacob_williams@aol.com,(783) 601-1834,130 Cedar Ln,Minneapolis,MN,92629,US,consumer,2022-10-27,silver,
637,Rebecca,Murphy,rebeccamurphy710@aol.com,(237) 699-7548,8411 Broadway,Richmond,VA,90149,US,corporate,2022-10-26,gold,
638,Sandra,Alvarez,sandra.alvarez68@icloud.com,(766) 265-5388,7756 Cedar Ln,Kansas City,MO,74852,US,consumer,2022-12-03,gold,
639,Samuel,Hall,samuel_hall@outlook.com,(494) 943-4149,5634 Forest Ave,Milwaukee,WI,40422,US,consumer,2024-02-07,silver,
640,Mark,Ramos,markramos716@mail.com,(334) 500-7395,5903 Birch St,Kansas City,MO,71908,US,consumer,2025-07-01,bronze,
641,Helen,Clark,helen_clark@mail.com,(332) 377-4268,9925 Sunset Blvd,Austin,TX,23225,US,consumer,2023-07-16,bronze,
642,Amy,Hill,amy.hill@gmail.com,(567) 467-6849,2863 Hickory Dr,Austin,TX,75991,US,consumer,2022-05-28,platinum,
643,Ruth,Rodriguez,ruth_rodriguez216@hotmail.com,(323) 775-4671,4225 River Rd,Richmond,VA,56562,US,consumer,2025-04-29,silver,
644,Jerry,Bailey,jerry_bailey973@yahoo.com,(923) 251-8173,1818 Cedar Ln,Salt Lake City,UT,90028,US,consumer,2025-01-26,silver,
645,Tyler,Wilson,tylerwilson@outlook.com,(845) 320-4365,2573 Willow Way,Charlotte,NC,48289,US,consumer,2023-04-28,bronze,
646,Maria,Cook,maria_cook@outlook.com,(862) 572-6482,2015 Spruce St,Houston,TX,36462,US,home_office,2023-05-03,bronze,
647,Rebecca,Foster,rebecca.foster32@icloud.com,(493) 717-3805,4359 Spring St,Buffalo,NY,64396,US,corporate,2024-04-09,gold,
648,Benjamin,Bennett,benjamin.bennett871@protonmail.com,(433) 341-8025,6707 Laurel Ave,Kansas City,MO,70129,US,corporate,2025-07-23,silver,
649,Diane,Mendoza,diane_mendoza@gmail.com,(934) 729-2140,5543 River Rd,Buffalo,NY,62645,US,corporate,2025-07-20,gold,
650,Sharon,Davis,sharon_davis137@outlook.com,(788) 259-9516,6870 Church St,Boston,MA,99243,US,consumer,2022-05-29,silver,
651,Virginia,Hill,virginiahill96@gmail.com,(486) 740-3406,7311 Ridge Rd,Indianapolis,IN,36887,US,consumer,2022-06-03,silver,
652,Helen,Richardson,helenrichardson57@protonmail.com,(994) 402-5940,606 Valley Rd,Buffalo,NY,53842,US,corporate,2025-02-10,bronze,
653,Patrick,Castillo,patrickcastillo632@aol.com,(418) 295-9383,8542 River Rd,Philadelphia,PA,93320,US,corporate,2025-12-28,gold,
654,Robert,Brown,robertbrown@aol.com,(943) 632-9278,983 Hickory Dr,Springfield,IL,58887,US,corporate,2025-11-19,silver,
655,Benjamin,Cook,benjamin_cook148@yahoo.com,(659) 505-1085,5554 Park Ave,Salt Lake City,UT,86230,US,consumer,2021-10-21,silver,
656,Carolyn,Watson,carolynwatson964@hotmail.com,(558) 506-5661,6188 Meadow Ln,Houston,TX,42457,US,consumer,2021-10-13,silver,
657,Carol,Gutierrez,carolgutierrez25@mail.com,(300) 350-7974,1343 Maple Dr,Kansas City,MO,18151,US,consumer,2023-03-29,platinum,
658,Victoria,Taylor,victoria_taylor@icloud.com,(893) 738-7598,4321 Broadway,Indianapolis,IN,75382,US,consumer,2022-01-10,bronze,
659,Jeffrey,Ruiz,jeffrey_ruiz@outlook.com,(717) 330-8942,2120 Chestnut St,Salt Lake City,UT,77264,US,corporate,2021-10-13,gold,
660,Jessica,Ruiz,jessica.ruiz@outlook.com,(772) 578-2945,1808 Cedar Ln,Kansas City,MO,58442,US,corporate,2022-02-01,bronze,
661,Donna,Garcia,donnagarcia20@aol.com,(583) 510-5816,459 Birch St,Richmond,VA,28726,US,consumer,2025-11-13,silver,
662,Tyler,Ramos,tyler_ramos7@hotmail.com,(387) 957-9008,2005 Valley Rd,Los Angeles,CA,55698,US,home_office,2021-04-14,bronze,
663,Virginia,Garcia,virginia_garcia62@mail.com,(545) 586-8786,2270 Meadow Ln,Houston,TX,93422,US,corporate,2024-06-13,bronze,
664,Maria,Edwards,mariaedwards252@icloud.com,(291) 839-7711,3815 Laurel Ave,Columbus,OH,61825,US,consumer,2024-03-16,silver,
665,Anna,Garcia,annagarcia57@yahoo.com,(369) 924-1406,9193 Ridge Rd,Philadelphia,PA,26224,US,consumer,2023-03-24,bronze,
666,William,Harris,williamharris@hotmail.com,(968) 687-9235,1971 Walnut St,San Francisco,CA,79711,US,consumer,2023-05-20,silver,
667,Robert,Scott,robert.scott949@mail.com,(286) 746-6249,9649 Oak Ave,Indianapolis,IN,74418,US,consumer,2024-08-16,platinum,
668,Amanda,Parker,amanda.parker124@icloud.com,(591) 463-2491,1628 Valley Rd,Springfield,IL,32040,US,consumer,2022-09-11,bronze,
669,Charles,White,charles_white@aol.com,(617) 894-3772,5330 Elm St,Sacramento,CA,13561,US,consumer,2023-06-07,gold,
670,Joshua,Roberts,joshua.roberts41@icloud.com,(464) 584-2981,3319 Park Ave,Sacramento,CA,88250,US,consumer,2022-03-10,silver,
671,Donald,Murphy,donaldmurphy97@yahoo.com,(475) 262-6215,9063 High St,Salt Lake City,UT,18579,US,consumer,2026-01-03,silver,
672,Patricia,Evans,patriciaevans30@yahoo.com,(452) 981-3057,9311 High St,Philadelphia,PA,68455,US,home_office,2025-09-21,bronze,
673,Nathan,Brooks,nathanbrooks@icloud.com,(753) 372-5016,9096 Forest Ave,Las Vegas,NV,15477,US,consumer,2024-10-24,bronze,
674,Jose,Reyes,josereyes@gmail.com,(261) 693-5477,6229 Spring St,Tampa,FL,92864,US,corporate,2021-10-26,bronze,
675,Justin,Rogers,justin_rogers265@yahoo.com,(507) 291-7476,2289 Willow Way,Springfield,IL,82938,US,consumer,2023-01-01,bronze,
676,Peter,Parker,peter.parker79@icloud.com,(850) 467-8417,4030 Walnut St,Atlanta,GA,52157,US,home_office,2024-12-19,bronze,
677,Anthony,Collins,anthonycollins116@outlook.com,(861) 202-8807,157 Walnut St,Los Angeles,CA,32745,US,consumer,2024-11-02,silver,
678,Brenda,Hughes,brendahughes63@yahoo.com,(864) 866-2270,7294 Walnut St,San Francisco,CA,26176,US,consumer,2021-12-08,gold,
679,Jose,Carter,josecarter@gmail.com,(327) 673-7069,7284 Main St,Boulder,CO,39035,US,home_office,2024-10-10,gold,
680,Maria,Scott,mariascott@yahoo.com,(828) 840-5967,3839 Sunset Blvd,Portland,OR,57579,US,home_office,2021-12-27,silver,
681,Emily,Murphy,emilymurphy@gmail.com,(400) 853-7489,4545 Broadway,Springfield,IL,75578,US,home_office,2023-10-07,bronze,
682,Lisa,Peterson,lisa.peterson856@outlook.com,(266) 802-3101,2088 Lake Dr,New York,NY,84698,US,consumer,2025-12-19,bronze,
683,Peter,Gutierrez,petergutierrez296@gmail.com,(909) 894-9731,9177 Laurel Ave,Tampa,FL,69497,US,consumer,2022-05-24,bronze,
684,Jason,Chavez,jasonchavez84@protonmail.com,(616) 480-2994,8120 Spring St,Salt Lake City,UT,77797,US,corporate,2026-01-14,bronze,
685,Victoria,Castillo,victoria.castillo7@mail.com,(523) 205-7420,5484 Maple Dr,Boulder,CO,84949,US,home_office,2023-06-04,silver,
686,Jack,Lewis,jacklewis@hotmail.com,(368) 537-6092,1585 Main St,New York,NY,72910,US,corporate,2024-08-17,silver,
687,Ruth,Brown,ruthbrown81@hotmail.com,(310) 684-4905,892 Hickory Dr,Minneapolis,MN,53724,US,corporate,2025-01-18,bronze,
688,Diane,Walker,diane.walker77@yahoo.com,(840) 657-3045,995 Poplar St,Buffalo,NY,14370,US,consumer,2024-04-04,bronze,
689,Kenneth,Ruiz,kenneth.ruiz17@gmail.com,(508) 825-8075,1669 Walnut St,New York,NY,17312,US,corporate,2025-11-09,gold,
690,Michael,Nguyen,michael_nguyen198@protonmail.com,(438) 813-1173,6291 Forest Ave,Salt Lake City,UT,66112,US,consumer,2024-12-05,gold,
691,Helen,Gonzalez,helen_gonzalez@mail.com,(729) 536-4153,1683 Main St,Chicago,IL,88010,US,consumer,2023-03-26,bronze,
692,Emma,Harris,emmaharris752@aol.com,(563) 631-8887,3047 Park Ave,Raleigh,NC,28045,US,consumer,2022-06-07,platinum,
693,Linda,Taylor,linda_taylor546@icloud.com,(518) 797-9866,2416 Sunset Blvd,Dallas,TX,50458,US,corporate,2021-07-18,platinum,
694,Amanda,Nguyen,amanda_nguyen630@outlook.com,(258) 443-9308,6916 Spring St,Sacramento,CA,35612,US,consumer,2023-01-01,bronze,
695,Samantha,Sanchez,samantha.sanchez293@mail.com,(911) 908-8657,9477 Broadway,Minneapolis,MN,53995,US,consumer,2025-06-24,bronze,
696,Joshua,Turner,joshua_turner21@gmail.com,(707) 424-1060,3773 Forest Ave,Portland,OR,91778,US,corporate,2024-03-06,silver,
697,Donald,Morris,donaldmorris99@protonmail.com,(410) 609-4018,5945 Main St,Los Angeles,CA,19664,US,consumer,2022-04-14,platinum,
698,Patricia,Bailey,patricia.bailey19@hotmail.com,(846) 799-6896,487 Washington Blvd,San Diego,CA,35929,US,corporate,2024-04-24,gold,
699,Daniel,Lewis,daniel_lewis93@hotmail.com,(382) 400-1352,4290 Poplar St,San Antonio,TX,23263,US,consumer,2023-11-14,bronze,
700,Adam,Gray,adam.gray@icloud.com,(415) 512-8474,6057 Birch St,Miami,FL,58804,US,consumer,2021-07-12,bronze,
701,Shirley,Richardson,shirley_richardson@outlook.com,(333) 394-4140,6132 River Rd,Columbus,OH,88584,US,corporate,2023-09-09,silver,
702,Samantha,Young,samantha.young730@hotmail.com,(748) 501-3434,4050 Oak Ave,Detroit,MI,92504,US,consumer,2023-08-02,silver,
703,Virginia,Taylor,virginiataylor@yahoo.com,(681) 879-2062,8334 Church St,Austin,TX,94550,US,consumer,2024-06-13,bronze,
704,Melissa,Murphy,melissamurphy60@icloud.com,(738) 911-8918,7763 Lake Dr,Richmond,VA,86177,US,consumer,2024-02-15,gold,
705,Samantha,Howard,samanthahoward@hotmail.com,(662) 440-7486,5014 High St,Seattle,WA,59425,US,consumer,2026-01-20,silver,
706,Christopher,Mitchell,christopher_mitchell@yahoo.com,(502) 655-9500,3772 Broadway,Nashville,TN,15392,US,home_office,2022-09-12,gold,
707,Angela,Richardson,angela_richardson55@protonmail.com,(618) 576-9151,4474 Church St,Detroit,MI,13239,US,consumer,2023-02-08,gold,
708,Jeffrey,Robinson,jeffrey_robinson83@yahoo.com,(501) 713-9401,4529 Poplar St,Buffalo,NY,39850,US,home_office,2023-12-15,gold,
709,Jessica,Martinez,jessica_martinez@icloud.com,(401) 891-6394,4960 Willow Way,Tampa,FL,99592,US,consumer,2024-04-10,silver,
710,Matthew,Price,matthewprice975@aol.com,(208) 988-5906,5680 Birch St,Boston,MA,62928,US,corporate,2022-06-02,silver,
711,Julie,Howard,juliehoward583@outlook.com,(607) 433-4717,7774 Park Ave,Seattle,WA,77610,US,corporate,2025-08-25,bronze,
712,Tyler,Peterson,tyler_peterson93@icloud.com,(287) 520-4077,6844 Washington Blvd,Las Vegas,NV,67498,US,corporate,2023-07-01,silver,
713,Joyce,Bailey,joyce.bailey242@outlook.com,(512) 955-1158,5811 River Rd,Richmond,VA,39555,US,consumer,2025-05-12,bronze,
714,Jason,Mendoza,jason_mendoza897@aol.com,(533) 801-1380,2280 Pine St,San Diego,CA,53286,US,consumer,2026-02-23,silver,
715,Benjamin,Cox,benjamincox74@protonmail.com,(409) 600-2043,3086 Sunset Blvd,Columbus,OH,24239,US,consumer,2024-06-29,bronze,
716,Larry,Edwards,larryedwards@yahoo.com,(891) 766-3910,9886 Sunset Blvd,San Diego,CA,13517,US,home_office,2023-10-19,bronze,
717,Betty,Rodriguez,betty_rodriguez@aol.com,(875) 736-2146,942 Spring St,Salt Lake City,UT,77964,US,home_office,2025-02-24,bronze,
718,Lisa,Adams,lisa_adams@outlook.com,(749) 628-8835,6374 Laurel Ave,New York,NY,37063,US,home_office,2025-06-10,bronze,
719,Virginia,Clark,virginia_clark937@mail.com,(362) 818-6084,8233 Chestnut St,Boulder,CO,99762,US,consumer,2024-02-26,gold,
720,Emily,Sanchez,emily.sanchez@protonmail.com,(819) 452-9615,9327 Laurel Ave,Minneapolis,MN,74350,US,corporate,2022-08-24,gold,
721,Cynthia,Kelly,cynthia.kelly95@mail.com,(555) 917-5873,2870 High St,Indianapolis,IN,42654,US,home_office,2022-04-28,silver,
722,Kelly,Richardson,kellyrichardson56@outlook.com,(915) 782-2565,716 Park Ave,Indianapolis,IN,30700,US,consumer,2023-03-14,bronze,
723,Peter,Watson,peterwatson@hotmail.com,(705) 621-2986,1254 Cherry Ln,Charlotte,NC,23791,US,consumer,2022-08-07,bronze,
724,Jerry,Jimenez,jerry_jimenez@aol.com,(412) 718-1731,438 Maple Dr,Salt Lake City,UT,93737,US,corporate,2024-08-06,bronze,
725,Timothy,Baker,timothybaker@protonmail.com,(238) 210-5105,2237 River Rd,Springfield,IL,97856,US,corporate,2024-09-30,bronze,
726,Gary,Reyes,gary.reyes661@hotmail.com,(930) 648-3297,4574 Hickory Dr,Milwaukee,WI,31150,US,home_office,2024-07-16,gold,
727,Olivia,Williams,oliviawilliams13@yahoo.com,(747) 959-7403,1272 Walnut St,Austin,TX,11469,US,consumer,2022-09-29,bronze,
728,Karen,Cruz,karen_cruz321@gmail.com,(891) 745-4541,783 Hickory Dr,Raleigh,NC,93203,US,corporate,2022-11-15,bronze,
729,Samuel,James,samueljames85@aol.com,(654) 253-1076,6184 Cherry Ln,Sacramento,CA,36442,US,consumer,2022-04-24,bronze,
730,Melissa,Walker,melissa.walker12@gmail.com,(214) 545-4148,3614 Laurel Ave,New York,NY,22661,US,consumer,2025-02-20,bronze,
731,Patrick,Perez,patrick.perez@icloud.com,(530) 775-4105,8876 Church St,Seattle,WA,66083,US,consumer,2026-01-20,silver,
732,Sandra,Ramirez,sandra.ramirez@gmail.com,(611) 869-6181,6377 Washington Blvd,Los Angeles,CA,70132,US,home_office,2021-09-05,silver,
733,David,James,david_james84@gmail.com,(268) 423-7735,9812 Sunset Blvd,Philadelphia,PA,23344,US,corporate,2024-01-23,bronze,
734,Diane,Reed,diane.reed197@icloud.com,(846) 913-7366,5441 Elm St,Houston,TX,93277,US,corporate,2021-09-14,bronze,
735,Nathan,Bennett,nathan_bennett@mail.com,(591) 723-4808,9626 Chestnut St,Boise,ID,11742,US,consumer,2025-05-01,bronze,
736,Robert,Ward,robert.ward342@protonmail.com,(975) 449-2300,2254 Spring St,Sacramento,CA,75369,US,home_office,2023-11-16,bronze,
737,Betty,Martin,betty_martin@hotmail.com,(942) 812-8270,2200 Lake Dr,Minneapolis,MN,51620,US,consumer,2022-05-14,bronze,
738,Eric,Turner,ericturner@hotmail.com,(950) 539-6615,3373 Valley Rd,Miami,FL,17087,US,home_office,2025-03-06,platinum,
739,Aaron,Mendoza,aaronmendoza327@protonmail.com,(733) 529-4007,100 Maple Dr,Raleigh,NC,74440,US,consumer,2024-08-10,silver,
740,Matthew,Miller,matthewmiller@yahoo.com,(377) 806-9992,3872 Meadow Ln,Seattle,WA,20245,US,consumer,2021-10-11,silver,
741,Patrick,Reyes,patrick_reyes@hotmail.com,(634) 380-5079,4676 Broadway,Philadelphia,PA,68755,US,consumer,2021-11-21,silver,
742,Paul,Morris,paul.morris47@outlook.com,(682) 651-7925,9985 Willow Way,Boise,ID,66810,US,consumer,2023-03-19,silver,
743,Jose,Morris,jose.morris98@yahoo.com,(977) 507-9801,9058 Willow Way,Dallas,TX,33029,US,corporate,2024-06-17,silver,
744,Timothy,Reyes,timothy_reyes59@mail.com,(273) 541-3238,3207 Pine St,Milwaukee,WI,34854,US,corporate,2024-06-26,silver,
745,Mary,Cook,marycook93@protonmail.com,(625) 604-7113,8021 Hill Rd,Columbus,OH,94023,US,consumer,2024-10-24,gold,
746,Elizabeth,Evans,elizabeth.evans494@outlook.com,(398) 981-8148,5712 Meadow Ln,Tampa,FL,74044,US,home_office,2023-06-25,bronze,
747,Rachel,Davis,racheldavis534@hotmail.com,(448) 689-1565,463 Chestnut St,Charlotte,NC,97251,US,consumer,2022-05-09,silver,
748,Kimberly,Cox,kimberly_cox88@hotmail.com,(816) 792-3644,1913 Cherry Ln,Los Angeles,CA,22098,US,corporate,2023-09-10,silver,
749,Ronald,Price,ronaldprice@protonmail.com,(369) 637-5143,8203 Valley Rd,Philadelphia,PA,96309,US,home_office,2023-02-07,gold,
750,Emma,Flores,emmaflores870@yahoo.com,(311) 851-6642,4408 Willow Way,Dallas,TX,37462,US,corporate,2024-11-25,silver,
751,Rachel,Flores,rachel.flores22@gmail.com,(299) 271-7845,4725 Willow Way,Kansas City,MO,66485,US,consumer,2021-06-07,silver,
752,Daniel,Mitchell,daniel.mitchell@mail.com,(386) 714-2806,9292 Hickory Dr,Raleigh,NC,37862,US,home_office,2025-04-26,bronze,
753,Betty,Davis,bettydavis@aol.com,(618) 651-2789,1308 Hill Rd,Austin,TX,21233,US,corporate,2021-06-27,silver,
754,Jessica,Scott,jessica.scott130@hotmail.com,(689) 696-2651,1001 Lake Dr,Los Angeles,CA,10947,US,consumer,2021-11-03,bronze,
755,Diane,Garcia,diane.garcia@protonmail.com,(817) 732-5355,7754 Cherry Ln,Richmond,VA,54175,US,consumer,2021-04-01,bronze,
756,Jason,Baker,jason_baker88@hotmail.com,(569) 881-7528,938 Spring St,Columbus,OH,53287,US,corporate,2024-06-02,bronze,
757,James,Collins,jamescollins@gmail.com,(816) 325-9693,4073 Spring St,Atlanta,GA,69233,US,corporate,2025-12-16,silver,
758,Debra,James,debra_james523@hotmail.com,(203) 853-6278,5902 Spruce St,San Francisco,CA,15997,US,corporate,2025-01-04,bronze,
759,Gregory,Cruz,gregory.cruz78@yahoo.com,(556) 638-8800,6306 Hill Rd,Chicago,IL,89583,US,home_office,2021-08-18,bronze,
760,Carolyn,Jackson,carolynjackson903@gmail.com,(330) 709-2426,8991 Spruce St,Philadelphia,PA,71184,US,corporate,2022-12-09,gold,
761,Zachary,Edwards,zachary.edwards778@hotmail.com,(449) 416-3792,1729 High St,Buffalo,NY,13830,US,consumer,2021-08-11,bronze,
762,Harold,Adams,harold_adams@aol.com,(881) 687-3016,8758 Ridge Rd,Houston,TX,74482,US,consumer,2025-09-30,silver,
763,Diane,Ruiz,diane_ruiz689@yahoo.com,(859) 551-7176,9207 Spruce St,Columbus,OH,67273,US,consumer,2021-09-25,silver,
764,Mark,King,mark.king@yahoo.com,(548) 958-4082,9386 Spring St,Springfield,IL,26700,US,corporate,2023-06-19,bronze,
765,Timothy,Kelly,timothykelly@hotmail.com,(597) 633-6237,2070 Meadow Ln,Charlotte,NC,96998,US,consumer,2025-01-11,gold,
766,Emma,Lewis,emma.lewis109@mail.com,(523) 348-5863,8190 Walnut St,Portland,OR,69740,US,corporate,2022-04-15,bronze,
767,Scott,Torres,scott.torres781@gmail.com,(813) 527-6060,2023 Lake Dr,Boise,ID,85231,US,corporate,2023-09-25,silver,
768,Benjamin,Ramirez,benjamin_ramirez38@gmail.com,(541) 356-4450,862 Poplar St,Portland,OR,33464,US,home_office,2023-01-18,silver,
769,Janet,Gomez,janet_gomez@gmail.com,(761) 601-6528,7757 Spring St,Las Vegas,NV,61296,US,consumer,2022-06-24,silver,
770,Elizabeth,Ortiz,elizabethortiz389@hotmail.com,(917) 761-7451,2145 River Rd,Chicago,IL,86072,US,home_office,2022-11-07,silver,
771,Nathan,Price,nathan_price@outlook.com,(652) 912-8904,2373 Washington Blvd,Boston,MA,38591,US,consumer,2022-07-07,bronze,
772,Jack,Wood,jack.wood843@yahoo.com,(894) 351-7169,2757 Poplar St,Las Vegas,NV,17383,US,home_office,2023-12-16,bronze,
773,Dorothy,Stewart,dorothy.stewart220@icloud.com,(807) 644-3434,4015 Oak Ave,Indianapolis,IN,25571,US,consumer,2024-05-06,gold,
774,Ronald,Morales,ronald_morales@protonmail.com,(994) 908-2468,6261 Lake Dr,Salt Lake City,UT,92881,US,consumer,2021-07-31,silver,
775,Melissa,Johnson,melissa.johnson@mail.com,(856) 884-9351,378 Broadway,Portland,OR,85101,US,corporate,2021-04-17,gold,
776,Kathleen,Scott,kathleenscott196@outlook.com,(593) 695-8105,9363 Pine St,Philadelphia,PA,23033,US,consumer,2024-08-02,gold,
777,David,Alvarez,davidalvarez515@gmail.com,(603) 769-9788,1048 Meadow Ln,Richmond,VA,86640,US,consumer,2022-02-21,gold,
778,Carolyn,Wood,carolyn.wood@yahoo.com,(385) 813-3948,9089 Forest Ave,Los Angeles,CA,51195,US,corporate,2022-02-12,silver,
779,Jennifer,Taylor,jennifertaylor@yahoo.com,(775) 462-1573,2044 Meadow Ln,Buffalo,NY,49135,US,corporate,2023-06-18,bronze,
780,Anna,Perez,anna_perez@aol.com,(247) 731-5807,2292 Broadway,Raleigh,NC,74283,US,corporate,2025-05-12,gold,
781,Eric,Rivera,ericrivera@yahoo.com,(878) 245-4884,3082 Pine St,San Diego,CA,49283,US,corporate,2024-09-27,silver,
782,Sarah,Cox,sarahcox28@aol.com,(331) 946-7914,9009 Lake Dr,New York,NY,44167,US,corporate,2022-08-16,bronze,
783,Katherine,Lee,katherine_lee59@protonmail.com,(911) 346-9780,1157 Ridge Rd,Seattle,WA,45310,US,consumer,2021-07-28,gold,
784,Carolyn,Mitchell,carolynmitchell763@outlook.com,(629) 357-6183,6209 Main St,Las Vegas,NV,89116,US,consumer,2025-11-23,gold,
785,Elizabeth,Wright,elizabeth.wright212@protonmail.com,(267) 537-2457,5465 Cherry Ln,Charlotte,NC,45815,US,consumer,2023-03-11,silver,
786,Virginia,Lewis,virginia_lewis2@hotmail.com,(587) 307-3023,8626 Willow Way,San Antonio,TX,50180,US,home_office,2025-05-31,bronze,
787,Julie,Morales,julie.morales457@aol.com,(764) 477-2623,2798 River Rd,Sacramento,CA,61060,US,corporate,2025-05-19,bronze,
788,Brian,Patel,brianpatel664@protonmail.com,(688) 806-3090,156 Walnut St,Tampa,FL,77314,US,consumer,2021-05-15,gold,
789,Raymond,Taylor,raymond.taylor681@aol.com,(254) 942-7064,9973 High St,Miami,FL,70003,US,consumer,2022-02-08,platinum,
790,Jeffrey,Rivera,jeffrey_rivera65@protonmail.com,(733) 935-4748,1425 Hill Rd,Philadelphia,PA,63282,US,home_office,2024-07-16,bronze,
791,Nathan,Lopez,nathanlopez178@hotmail.com,(295) 369-1940,4684 Valley Rd,Buffalo,NY,74598,US,consumer,2022-05-23,bronze,
792,Jason,Gray,jasongray94@mail.com,(727) 901-9722,6644 Main St,Springfield,IL,90777,US,corporate,2022-10-08,gold,
793,Douglas,Myers,douglas.myers535@icloud.com,(450) 956-9652,9952 Forest Ave,San Diego,CA,32089,US,corporate,2026-03-12,bronze,
794,Kelly,Lewis,kelly.lewis@icloud.com,(252) 632-9118,2794 Spring St,Columbus,OH,24841,US,corporate,2024-04-06,silver,
795,Douglas,Gray,douglas.gray@aol.com,(506) 694-5809,3491 Main St,Tampa,FL,92729,US,consumer,2022-02-20,platinum,
796,Ronald,Ramirez,ronald_ramirez@mail.com,(832) 699-1942,97 Lincoln Ave,Nashville,TN,70339,US,home_office,2025-12-09,bronze,
797,Joshua,Rivera,joshua.rivera458@outlook.com,(611) 563-1145,7059 Sunset Blvd,Chicago,IL,35892,US,home_office,2025-01-10,silver,
798,Shirley,Rogers,shirley.rogers53@gmail.com,(359) 987-5098,7712 Church St,Portland,OR,59061,US,corporate,2025-03-10,bronze,
799,George,Diaz,george.diaz69@yahoo.com,(649) 872-8198,2292 Spring St,Austin,TX,66880,US,corporate,2022-08-28,bronze,
800,Dorothy,Price,dorothy.price15@gmail.com,(336) 604-7898,518 Elm St,Minneapolis,MN,97320,US,home_office,2021-10-31,gold,
801,Kathleen,Bennett,kathleen_bennett16@mail.com,(898) 931-3087,6552 Meadow Ln,Detroit,MI,60967,US,corporate,2021-06-13,silver,
802,Joseph,Wilson,joseph.wilson17@gmail.com,(985) 900-4874,5606 High St,Sacramento,CA,88261,US,consumer,2025-08-04,platinum,
803,Sharon,Morris,sharon_morris@protonmail.com,(453) 832-3498,3062 Park Ave,Boise,ID,46849,US,corporate,2025-08-20,silver,
804,Henry,King,henryking32@hotmail.com,(685) 923-2688,2969 Washington Blvd,Boise,ID,87489,US,corporate,2022-08-22,bronze,
805,Sandra,Thomas,sandra.thomas52@hotmail.com,(349) 636-1289,1490 Spruce St,Boulder,CO,16678,US,consumer,2022-02-26,bronze,
806,Edward,Ortiz,edward_ortiz@hotmail.com,(544) 636-8851,8354 High St,Sacramento,CA,94393,US,corporate,2024-04-21,bronze,
807,Joshua,Anderson,joshua_anderson47@protonmail.com,(452) 527-1779,670 Main St,San Antonio,TX,16832,US,home_office,2023-02-17,bronze,
808,Margaret,Torres,margaret_torres@protonmail.com,(389) 458-9049,5477 Hill Rd,Charlotte,NC,24618,US,home_office,2023-01-17,bronze,
809,Christine,Johnson,christinejohnson@icloud.com,(569) 959-6920,3904 Ridge Rd,Charlotte,NC,46168,US,consumer,2025-06-21,bronze,
810,Justin,Roberts,justin.roberts233@yahoo.com,(242) 800-4120,7304 Poplar St,Boulder,CO,22928,US,consumer,2024-10-14,silver,
811,Anna,Richardson,anna_richardson39@hotmail.com,(746) 938-3517,2095 Washington Blvd,San Diego,CA,64815,US,home_office,2025-01-29,gold,
812,Carolyn,Allen,carolynallen45@yahoo.com,(646) 269-8910,8582 Poplar St,Kansas City,MO,76043,US,home_office,2024-01-23,silver,
813,Lisa,Kim,lisa_kim90@gmail.com,(779) 262-4116,8111 Walnut St,Indianapolis,IN,79791,US,consumer,2024-06-05,gold,
814,Elizabeth,Perez,elizabeth_perez97@protonmail.com,(610) 821-5448,3016 Main St,Seattle,WA,30971,US,home_office,2024-09-06,bronze,
815,Margaret,Ramos,margaretramos909@mail.com,(715) 924-9602,4972 Spruce St,Tampa,FL,38879,US,home_office,2022-11-21,bronze,
816,Alexander,Wright,alexanderwright@gmail.com,(746) 443-5781,2428 Laurel Ave,San Diego,CA,46406,US,corporate,2025-07-01,silver,
817,Paul,Miller,paulmiller@yahoo.com,(201) 864-6692,5318 Maple Dr,Charlotte,NC,81994,US,corporate,2024-03-11,silver,
818,Patrick,Moore,patrick_moore79@gmail.com,(840) 210-6824,4583 Elm St,Portland,OR,43552,US,consumer,2025-10-26,bronze,
819,Jonathan,James,jonathanjames839@protonmail.com,(869) 463-4377,3615 River Rd,Raleigh,NC,45231,US,consumer,2026-01-11,gold,
820,Justin,Watson,justin_watson@protonmail.com,(577) 351-8848,8126 Elm St,Buffalo,NY,70213,US,consumer,2022-02-19,gold,
821,Jose,Thompson,jose.thompson602@outlook.com,(863) 488-1344,2670 Laurel Ave,Philadelphia,PA,33295,US,home_office,2023-12-18,silver,
822,Debra,Cox,debra.cox@protonmail.com,(451) 665-7594,8631 Pine St,Chicago,IL,11545,US,consumer,2026-01-19,bronze,
823,Richard,Carter,richard_carter@gmail.com,(335) 454-2369,2337 Ridge Rd,Atlanta,GA,88595,US,consumer,2023-03-18,gold,
824,Diane,Johnson,diane.johnson70@yahoo.com,(407) 342-8871,2673 Hill Rd,Raleigh,NC,53483,US,consumer,2023-03-24,silver,
825,Karen,Young,karen.young70@yahoo.com,(221) 245-2684,1681 Meadow Ln,Boston,MA,64432,US,corporate,2022-01-02,gold,
826,James,Lewis,james.lewis30@outlook.com,(561) 871-5699,6304 Walnut St,Portland,OR,24733,US,home_office,2022-09-18,gold,
827,Lisa,Anderson,lisa.anderson14@yahoo.com,(830) 541-2939,1390 Laurel Ave,Charlotte,NC,15681,US,consumer,2025-05-19,gold,
828,Karen,Thompson,karen_thompson442@outlook.com,(895) 635-3461,4703 Spring St,Philadelphia,PA,23621,US,consumer,2025-06-18,silver,
829,Lauren,Murphy,laurenmurphy371@yahoo.com,(202) 352-3401,2422 Church St,Detroit,MI,68549,US,corporate,2021-08-30,bronze,
830,Jose,Rodriguez,jose.rodriguez537@aol.com,(348) 292-6292,2980 Cherry Ln,Houston,TX,60465,US,consumer,2023-11-11,silver,
831,Kenneth,Murphy,kenneth_murphy62@icloud.com,(341) 869-5028,6860 Valley Rd,Columbus,OH,75156,US,consumer,2025-05-16,silver,
832,Jonathan,Murphy,jonathanmurphy@protonmail.com,(285) 794-7911,1430 Park Ave,Portland,OR,57409,US,consumer,2021-12-15,gold,
833,Anthony,Williams,anthony_williams@yahoo.com,(261) 557-6912,4829 Forest Ave,Houston,TX,28892,US,consumer,2022-02-18,bronze,
834,Christina,Turner,christina.turner@gmail.com,(964) 341-2920,6185 Willow Way,Dallas,TX,13453,US,consumer,2024-01-12,bronze,
835,Melissa,Miller,melissamiller778@yahoo.com,(688) 808-3591,2407 Spring St,San Francisco,CA,28517,US,consumer,2023-08-17,gold,
836,Ashley,Martinez,ashley.martinez73@outlook.com,(983) 386-8696,8642 Chestnut St,Houston,TX,49257,US,consumer,2024-07-05,gold,
837,Edward,Castillo,edward_castillo900@gmail.com,(493) 313-3554,527 Lincoln Ave,Sacramento,CA,32751,US,home_office,2023-02-17,platinum,
838,Christopher,Johnson,christopher_johnson55@aol.com,(785) 713-6014,6942 Poplar St,Portland,OR,30552,US,consumer,2022-02-04,gold,
839,Barbara,Gutierrez,barbara_gutierrez@protonmail.com,(833) 257-4586,3010 Hickory Dr,Indianapolis,IN,83307,US,corporate,2023-06-12,silver,
840,Olivia,Martinez,oliviamartinez60@protonmail.com,(589) 368-1895,6951 Washington Blvd,Charlotte,NC,45378,US,corporate,2025-05-12,silver,
841,Susan,Martinez,susan_martinez78@gmail.com,(445) 488-3666,1071 Washington Blvd,Chicago,IL,88264,US,consumer,2024-03-15,gold,
842,Dennis,Flores,dennis.flores306@gmail.com,(446) 475-2393,9237 Birch St,San Diego,CA,73413,US,corporate,2022-12-11,silver,
843,Michael,Green,michael.green40@aol.com,(607) 712-4192,6401 Willow Way,Detroit,MI,56640,US,consumer,2022-07-17,silver,
844,Rachel,Gray,rachel.gray517@yahoo.com,(714) 993-3460,9621 Birch St,San Francisco,CA,60084,US,home_office,2024-11-10,bronze,
845,Emma,Jones,emma_jones255@mail.com,(280) 840-2528,3534 Birch St,Portland,OR,99320,US,consumer,2022-07-05,silver,
846,Jerry,Alvarez,jerry.alvarez628@icloud.com,(658) 334-6554,5904 Lincoln Ave,Boston,MA,66479,US,consumer,2024-12-08,gold,
847,Zachary,Alvarez,zacharyalvarez@yahoo.com,(356) 780-9151,245 Pine St,Chicago,IL,50572,US,consumer,2023-06-23,bronze,
848,Virginia,Lopez,virginia_lopez13@outlook.com,(502) 365-2116,9446 Spring St,Atlanta,GA,56316,US,home_office,2023-07-25,bronze,
849,Elizabeth,Thompson,elizabeththompson99@mail.com,(462) 981-8242,2032 Broadway,Houston,TX,73997,US,corporate,2024-06-08,bronze,
850,George,Torres,george_torres977@outlook.com,(651) 575-9396,6123 Maple Dr,Detroit,MI,99417,US,corporate,2023-01-27,bronze,
851,Nicholas,Edwards,nicholas_edwards143@gmail.com,(958) 450-1130,1726 Hill Rd,Dallas,TX,59259,US,consumer,2021-12-18,bronze,
852,Larry,Phillips,larry.phillips29@yahoo.com,(557) 677-8675,1788 Maple Dr,Salt Lake City,UT,33628,US,corporate,2026-03-14,silver,
853,Lauren,Gomez,lauren_gomez26@yahoo.com,(524) 550-8967,7803 Cedar Ln,Seattle,WA,46487,US,consumer,2025-03-14,platinum,
854,John,Cooper,john.cooper249@hotmail.com,(527) 781-1513,1023 Poplar St,Columbus,OH,57381,US,home_office,2026-02-01,silver,
855,Jacob,Ramirez,jacob.ramirez@protonmail.com,(476) 458-3885,2323 Maple Dr,Buffalo,NY,45901,US,consumer,2024-09-16,bronze,
856,William,Hill,williamhill58@hotmail.com,(885) 465-4015,1515 Laurel Ave,Sacramento,CA,66168,US,consumer,2022-03-21,bronze,
857,Dennis,Hill,dennis.hill26@mail.com,(686) 748-3632,5812 Poplar St,Las Vegas,NV,84752,US,consumer,2023-05-10,silver,
858,Julie,Johnson,juliejohnson@outlook.com,(531) 880-6185,2466 Laurel Ave,Los Angeles,CA,70117,US,consumer,2026-02-18,bronze,
859,Amy,Green,amy.green87@gmail.com,(661) 328-8361,598 Washington Blvd,Chicago,IL,34596,US,corporate,2025-08-30,gold,
860,Rachel,Cooper,rachel.cooper@icloud.com,(414) 395-1235,5961 Main St,Charlotte,NC,49576,US,consumer,2021-09-27,silver,
861,Nicholas,Thomas,nicholasthomas64@protonmail.com,(620) 560-6770,8572 Cherry Ln,Las Vegas,NV,54017,US,corporate,2021-06-05,gold,
862,Harold,Thompson,harold_thompson@outlook.com,(755) 646-7251,7168 Ridge Rd,Boston,MA,47125,US,consumer,2023-06-29,bronze,
863,Harold,Gonzalez,harold.gonzalez191@gmail.com,(831) 621-2698,8925 Cedar Ln,Richmond,VA,93037,US,corporate,2025-01-01,silver,
864,Nicholas,Howard,nicholas.howard86@hotmail.com,(428) 995-8448,1876 Washington Blvd,Columbus,OH,71548,US,consumer,2021-09-18,bronze,
865,Brian,Reyes,brian_reyes820@protonmail.com,(207) 583-4668,4647 Lake Dr,Boise,ID,96334,US,consumer,2022-07-18,platinum,
866,Michelle,Turner,michelleturner31@gmail.com,(215) 226-3512,8503 Hickory Dr,Charlotte,NC,88636,US,corporate,2022-09-16,silver,
867,Kevin,Perez,kevinperez347@protonmail.com,(397) 831-7444,9468 High St,Sacramento,CA,26891,US,consumer,2025-01-20,bronze,
868,Janet,Thompson,janet_thompson@protonmail.com,(436) 301-3069,1940 Ridge Rd,Boise,ID,85619,US,consumer,2024-05-05,bronze,
869,Olivia,Ross,oliviaross957@outlook.com,(530) 408-2527,421 High St,Buffalo,NY,11512,US,home_office,2022-06-13,bronze,
870,Karen,Brown,karenbrown@protonmail.com,(225) 960-3138,5868 Elm St,Salt Lake City,UT,41420,US,home_office,2023-07-14,silver,
871,Joshua,Harris,joshuaharris32@aol.com,(875) 252-5505,2356 Ridge Rd,Buffalo,NY,13033,US,consumer,2021-11-13,bronze,
872,Henry,Wilson,henry.wilson@yahoo.com,(345) 489-5292,1521 Maple Dr,San Antonio,TX,74781,US,consumer,2025-04-07,silver,
873,Douglas,Clark,douglas_clark@protonmail.com,(275) 698-2250,6880 Church St,Seattle,WA,51102,US,corporate,2022-06-16,bronze,
874,Ruth,Lee,ruth.lee@gmail.com,(320) 551-6681,9831 Valley Rd,Milwaukee,WI,10657,US,consumer,2022-05-01,silver,
875,Eric,Patel,eric_patel297@gmail.com,(748) 223-9486,2497 Washington Blvd,Boise,ID,57826,US,consumer,2023-03-29,gold,
876,Kelly,Ramirez,kelly.ramirez@yahoo.com,(945) 908-3073,4484 Sunset Blvd,Atlanta,GA,36114,US,consumer,2025-08-22,gold,
877,Brian,Price,brianprice84@mail.com,(646) 724-7552,4098 Elm St,Boulder,CO,35936,US,corporate,2021-06-23,gold,
878,Ronald,Wilson,ronaldwilson99@outlook.com,(410) 939-8992,7310 High St,Las Vegas,NV,88162,US,corporate,2025-09-25,bronze,
879,Jose,Green,josegreen14@protonmail.com,(404) 780-6782,1053 Forest Ave,Charlotte,NC,31921,US,consumer,2025-07-23,bronze,
880,Angela,Allen,angelaallen400@icloud.com,(607) 230-2878,5287 High St,San Antonio,TX,34368,US,consumer,2024-02-01,silver,
881,Ashley,Martinez,ashley.martinez85@outlook.com,(998) 521-3003,5220 Chestnut St,Los Angeles,CA,11428,US,consumer,2023-02-22,bronze,
882,Margaret,Reyes,margaretreyes338@yahoo.com,(594) 490-4476,1687 Valley Rd,Seattle,WA,46444,US,corporate,2022-08-06,silver,
883,Victoria,Bennett,victoria.bennett74@protonmail.com,(525) 527-4246,814 Birch St,Boulder,CO,74740,US,consumer,2024-10-13,bronze,
884,Jennifer,Scott,jennifer_scott16@outlook.com,(815) 534-7272,9444 Main St,Miami,FL,47360,US,consumer,2025-06-27,bronze,
885,Samuel,Kelly,samuel.kelly@protonmail.com,(237) 746-9642,5528 Ridge Rd,San Diego,CA,12132,US,corporate,2024-05-18,bronze,
886,Jacob,Gonzalez,jacob_gonzalez93@icloud.com,(971) 554-7559,9117 Cherry Ln,Buffalo,NY,51048,US,consumer,2023-11-26,gold,
887,Brandon,Miller,brandon_miller39@mail.com,(856) 324-7126,480 Park Ave,Chicago,IL,16269,US,corporate,2022-03-19,bronze,
888,Sarah,Wilson,sarah_wilson89@hotmail.com,(374) 290-4131,8808 Main St,Charlotte,NC,16880,US,consumer,2024-03-16,silver,
889,Victoria,Garcia,victoria.garcia@aol.com,(537) 904-7218,2791 Poplar St,Atlanta,GA,28056,US,consumer,2021-05-10,bronze,
890,Ryan,Thomas,ryan.thomas@protonmail.com,(852) 657-3004,9469 Sunset Blvd,Miami,FL,96673,US,consumer,2024-12-20,silver,
891,Emily,Adams,emilyadams@aol.com,(984) 503-2356,9151 Hickory Dr,Nashville,TN,41768,US,corporate,2022-12-31,bronze,
892,Frank,Martinez,frank.martinez@gmail.com,(886) 421-8670,3079 Sunset Blvd,Columbus,OH,23701,US,home_office,2021-09-20,gold,
893,Anthony,Ramos,anthonyramos66@aol.com,(925) 664-3523,1732 Poplar St,Boise,ID,27047,US,home_office,2025-07-19,gold,
894,Lauren,Campbell,lauren_campbell988@hotmail.com,(998) 609-4079,4553 High St,New York,NY,31521,US,consumer,2021-12-15,bronze,
895,Virginia,Kelly,virginiakelly14@yahoo.com,(962) 312-4941,7551 Elm St,San Francisco,CA,44964,US,corporate,2022-08-30,platinum,
896,Jacob,James,jacobjames58@yahoo.com,(763) 286-6806,3475 Pine St,Las Vegas,NV,62026,US,consumer,2023-03-31,platinum,
897,Sharon,Rogers,sharon_rogers7@icloud.com,(300) 250-7267,3178 Hill Rd,Las Vegas,NV,34831,US,consumer,2022-09-05,gold,
898,Daniel,Kim,daniel_kim68@protonmail.com,(311) 897-1817,1820 Park Ave,Miami,FL,25097,US,home_office,2023-07-18,gold,
899,Zachary,Jones,zacharyjones@yahoo.com,(482) 431-7628,6438 Cedar Ln,Indianapolis,IN,38821,US,consumer,2021-07-26,bronze,
900,Amy,Clark,amy.clark455@aol.com,(922) 810-5718,1545 Elm St,Los Angeles,CA,75960,US,consumer,2021-10-01,silver,
901,Kathleen,Patel,kathleen_patel@icloud.com,(897) 271-3730,5443 Laurel Ave,San Antonio,TX,69666,US,consumer,2024-05-14,bronze,
902,Mary,Bennett,mary_bennett@outlook.com,(470) 278-3797,9733 Spring St,Los Angeles,CA,72105,US,consumer,2021-09-09,bronze,
903,James,Morales,james.morales@gmail.com,(780) 896-5762,8607 Meadow Ln,Portland,OR,31928,US,consumer,2025-08-20,platinum,
904,Heather,Gonzalez,heather.gonzalez923@icloud.com,(663) 702-6747,7971 Lake Dr,Tampa,FL,57748,US,corporate,2025-12-31,bronze,
905,Mary,Rivera,mary_rivera441@mail.com,(315) 476-9508,2424 High St,San Francisco,CA,38869,US,consumer,2022-09-25,gold,
906,Dorothy,Murphy,dorothy.murphy691@protonmail.com,(568) 411-2462,6190 Ridge Rd,Boulder,CO,24146,US,home_office,2025-08-28,gold,
907,Peter,Watson,peterwatson560@outlook.com,(471) 895-6715,6407 Broadway,Minneapolis,MN,64695,US,home_office,2024-09-12,gold,
908,Michelle,Harris,michelle.harris632@icloud.com,(827) 325-8101,9285 Birch St,Salt Lake City,UT,55481,US,consumer,2023-07-18,platinum,
909,Joseph,Johnson,joseph_johnson88@outlook.com,(735) 496-3664,7977 Hill Rd,Philadelphia,PA,18469,US,consumer,2024-03-25,bronze,
910,Mary,Collins,mary.collins389@yahoo.com,(254) 700-6010,7051 Spring St,Los Angeles,CA,96540,US,consumer,2024-03-29,bronze,
911,Michael,Allen,michael.allen45@outlook.com,(288) 930-5434,3224 High St,Dallas,TX,86706,US,corporate,2022-06-21,silver,
912,Donna,Lewis,donna.lewis@protonmail.com,(632) 608-2607,4949 Lincoln Ave,Tampa,FL,50728,US,consumer,2022-05-21,bronze,
913,Larry,Parker,larryparker923@outlook.com,(899) 986-4268,2224 High St,Tampa,FL,82651,US,corporate,2022-09-14,bronze,
914,Joshua,Flores,joshua.flores680@mail.com,(758) 387-7159,1574 Pine St,Las Vegas,NV,79018,US,consumer,2022-06-15,bronze,
915,Frank,Green,frankgreen88@mail.com,(562) 637-8643,6722 Forest Ave,Kansas City,MO,13627,US,corporate,2023-04-08,gold,
916,Patricia,Foster,patricia_foster@aol.com,(448) 794-9391,2086 Lincoln Ave,Charlotte,NC,81207,US,consumer,2022-07-08,silver,
917,Peter,Nguyen,peter.nguyen97@outlook.com,(612) 886-1097,8488 Forest Ave,Salt Lake City,UT,17123,US,consumer,2022-05-01,bronze,
918,Linda,Wright,lindawright441@yahoo.com,(497) 779-8888,998 Cedar Ln,Minneapolis,MN,86626,US,home_office,2023-03-12,silver,
919,Jack,Alvarez,jack.alvarez309@outlook.com,(775) 958-9115,3663 Laurel Ave,Houston,TX,98562,US,corporate,2025-07-23,bronze,
920,Joshua,Watson,joshua_watson93@hotmail.com,(317) 268-1000,9893 Laurel Ave,Dallas,TX,25864,US,consumer,2025-11-06,bronze,
921,Richard,Young,richard.young@mail.com,(600) 256-2995,6629 Sunset Blvd,Philadelphia,PA,34123,US,home_office,2025-07-29,gold,
922,Olivia,Cooper,olivia_cooper79@yahoo.com,(642) 349-1354,2322 Hickory Dr,San Antonio,TX,96175,US,consumer,2022-04-30,silver,
923,Lisa,Rogers,lisarogers@mail.com,(691) 496-5742,9647 Sunset Blvd,Chicago,IL,58147,US,home_office,2022-02-20,gold,
924,Ronald,Roberts,ronaldroberts14@protonmail.com,(351) 228-5643,1969 Broadway,Salt Lake City,UT,61043,US,corporate,2024-04-19,bronze,
925,Justin,Hill,justin.hill766@mail.com,(243) 563-3282,7510 Lake Dr,Salt Lake City,UT,11195,US,consumer,2023-04-20,gold,
926,Dorothy,Cook,dorothycook457@protonmail.com,(725) 264-3858,5765 Ridge Rd,Dallas,TX,83812,US,consumer,2024-03-29,silver,
927,Ryan,Alvarez,ryan.alvarez903@aol.com,(603) 269-8925,7730 Lincoln Ave,Columbus,OH,96372,US,consumer,2024-07-03,silver,
928,Pamela,Price,pamelaprice85@outlook.com,(914) 531-6703,1108 Oak Ave,Indianapolis,IN,13869,US,corporate,2023-01-02,silver,
929,Sandra,Gonzalez,sandragonzalez611@mail.com,(531) 978-4793,1728 Laurel Ave,Miami,FL,32806,US,corporate,2021-10-31,gold,
930,Dennis,Turner,dennis.turner8@yahoo.com,(238) 967-2194,6133 Lincoln Ave,Raleigh,NC,92744,US,consumer,2025-09-11,silver,
931,Harold,Thompson,harold_thompson14@protonmail.com,(336) 852-4272,4137 Sunset Blvd,Boulder,CO,67345,US,consumer,2024-12-19,silver,
932,Mark,Sanchez,marksanchez544@hotmail.com,(288) 796-1397,3335 Oak Ave,Chicago,IL,28423,US,home_office,2026-02-21,platinum,
933,George,Jimenez,george_jimenez@icloud.com,(389) 898-9653,3116 Hickory Dr,Richmond,VA,37194,US,home_office,2022-04-04,gold,
934,Julie,Stewart,juliestewart465@outlook.com,(268) 649-8004,1162 Broadway,Columbus,OH,20242,US,corporate,2025-08-25,silver,
935,Tyler,Gutierrez,tyler_gutierrez13@hotmail.com,(252) 815-9856,370 Park Ave,Minneapolis,MN,47997,US,consumer,2025-11-26,gold,
936,Deborah,Price,deborah_price@aol.com,(276) 747-4955,5116 Church St,Boise,ID,91087,US,consumer,2021-05-19,bronze,
937,Anna,Hughes,anna.hughes75@gmail.com,(233) 546-7904,3286 River Rd,Tampa,FL,17784,US,consumer,2024-03-11,bronze,
938,Anthony,Peterson,anthonypeterson875@gmail.com,(441) 705-2194,5667 Maple Dr,San Diego,CA,64557,US,home_office,2024-11-03,silver,
939,Jack,Ward,jack.ward@aol.com,(940) 242-2704,8137 Meadow Ln,San Diego,CA,39523,US,consumer,2026-03-19,platinum,
940,Sharon,Morris,sharon_morris@gmail.com,(992) 400-9752,297 Valley Rd,Columbus,OH,73199,US,corporate,2025-10-06,platinum,
941,Deborah,Foster,deborah_foster90@protonmail.com,(762) 341-2893,1934 Laurel Ave,Raleigh,NC,90694,US,consumer,2024-09-14,bronze,
942,Dorothy,Harris,dorothy_harris@hotmail.com,(294) 802-1164,6768 Willow Way,Portland,OR,80283,US,corporate,2021-08-11,silver,
943,Jennifer,Johnson,jenniferjohnson@yahoo.com,(258) 329-8185,4631 Oak Ave,San Antonio,TX,51173,US,corporate,2023-12-25,bronze,
944,Nicole,Wood,nicole.wood232@protonmail.com,(690) 873-3005,1252 Lake Dr,New York,NY,81256,US,home_office,2023-05-26,platinum,
945,Amy,Price,amyprice@mail.com,(930) 509-7011,4002 Meadow Ln,Boston,MA,45066,US,consumer,2024-07-03,platinum,
946,Rachel,Cooper,rachelcooper14@protonmail.com,(922) 836-8966,1286 Washington Blvd,Atlanta,GA,27974,US,consumer,2025-01-27,silver,
947,Sandra,Flores,sandraflores@icloud.com,(942) 345-1587,7214 Ridge Rd,Miami,FL,69475,US,consumer,2022-04-08,gold,
948,Robert,Murphy,robert.murphy384@protonmail.com,(507) 286-1978,9991 Church St,Atlanta,GA,74927,US,home_office,2025-05-11,gold,
949,Henry,Carter,henry_carter@hotmail.com,(588) 388-8062,5000 Oak Ave,Sacramento,CA,80981,US,home_office,2026-02-12,silver,
950,Christina,Brown,christinabrown97@hotmail.com,(975) 228-6586,7005 Birch St,Las Vegas,NV,17486,US,corporate,2022-07-23,bronze,
951,Stephen,Roberts,stephenroberts394@mail.com,(634) 786-9501,2664 Church St,Tampa,FL,71254,US,corporate,2023-07-11,silver,
952,Thomas,Johnson,thomas_johnson@hotmail.com,(989) 755-5846,9357 Church St,Minneapolis,MN,15060,US,corporate,2023-01-10,silver,
953,Emily,Campbell,emily_campbell356@gmail.com,(327) 514-6259,2930 Forest Ave,Tampa,FL,70650,US,consumer,2025-09-01,silver,
954,Jeffrey,Johnson,jeffrey_johnson5@hotmail.com,(618) 259-2303,9035 River Rd,Atlanta,GA,18394,US,home_office,2023-02-11,bronze,
955,Nancy,King,nancy_king34@outlook.com,(432) 845-3858,813 Park Ave,Dallas,TX,25000,US,consumer,2025-10-15,platinum,
956,Nancy,Mendoza,nancymendoza57@gmail.com,(766) 934-4734,4245 Lake Dr,Sacramento,CA,12112,US,consumer,2023-02-17,bronze,
957,Anna,Alvarez,anna.alvarez77@yahoo.com,(279) 719-8271,8373 Maple Dr,Springfield,IL,41061,US,corporate,2024-11-14,silver,
958,Carol,Kelly,carol_kelly@protonmail.com,(489) 346-1404,9945 Birch St,Detroit,MI,57223,US,consumer,2021-06-21,silver,
959,Edward,Wood,edward_wood401@gmail.com,(364) 577-1730,2459 Poplar St,Boston,MA,87493,US,consumer,2021-06-26,silver,
960,Susan,Cox,susan.cox623@icloud.com,(420) 587-1534,6244 Cherry Ln,Dallas,TX,95093,US,corporate,2021-11-11,silver,
961,Elizabeth,Lewis,elizabethlewis688@protonmail.com,(751) 950-2986,9947 Sunset Blvd,Sacramento,CA,96402,US,consumer,2021-04-16,bronze,
962,Eric,Cruz,eric_cruz299@aol.com,(449) 536-4982,3783 Forest Ave,Charlotte,NC,51263,US,corporate,2023-07-01,bronze,
963,Frank,Walker,frank_walker94@yahoo.com,(560) 773-9284,5936 Ridge Rd,New York,NY,73459,US,consumer,2025-01-11,silver,
964,Sandra,Edwards,sandra_edwards@hotmail.com,(995) 617-3263,4701 River Rd,Tampa,FL,51136,US,consumer,2021-09-10,silver,
965,William,Evans,william_evans251@mail.com,(847) 991-4245,7440 Main St,San Antonio,TX,31859,US,consumer,2025-09-20,bronze,
966,Rebecca,King,rebeccaking581@yahoo.com,(329) 234-8068,2736 Maple Dr,San Francisco,CA,27351,US,consumer,2025-11-17,gold,
967,Henry,Ortiz,henry_ortiz@protonmail.com,(913) 770-4955,1951 River Rd,Boston,MA,54124,US,corporate,2022-08-27,silver,
968,Nicole,Ward,nicole.ward@icloud.com,(659) 618-8368,4740 Cherry Ln,Las Vegas,NV,72535,US,consumer,2022-03-16,silver,
969,Janet,White,janetwhite703@yahoo.com,(355) 207-7060,6216 River Rd,Salt Lake City,UT,67486,US,corporate,2023-02-10,gold,
970,Angela,Castillo,angelacastillo@hotmail.com,(504) 705-6588,9243 Meadow Ln,Sacramento,CA,78838,US,consumer,2025-04-27,bronze,
971,Angela,Diaz,angela_diaz42@outlook.com,(346) 242-4451,8506 Lake Dr,Las Vegas,NV,85384,US,corporate,2025-01-28,bronze,
972,Kenneth,Gonzalez,kenneth_gonzalez@aol.com,(480) 698-8191,2775 Hill Rd,Portland,OR,44003,US,home_office,2024-04-20,gold,
973,Dennis,Wilson,dennis.wilson@yahoo.com,(411) 765-9334,449 Lincoln Ave,Austin,TX,15209,US,corporate,2021-09-28,silver,
974,Jonathan,Harris,jonathan.harris@icloud.com,(408) 488-7987,8535 Pine St,Raleigh,NC,69486,US,consumer,2023-04-13,silver,
975,Lauren,Anderson,laurenanderson@mail.com,(642) 705-5309,2242 Lake Dr,Buffalo,NY,97649,US,consumer,2024-11-15,gold,
976,Dorothy,Hernandez,dorothyhernandez@icloud.com,(360) 719-6494,7430 Ridge Rd,Atlanta,GA,77219,US,consumer,2023-01-20,gold,
977,Alexander,Ruiz,alexander_ruiz@icloud.com,(394) 771-1583,4030 Pine St,Los Angeles,CA,86853,US,corporate,2026-03-21,platinum,
978,Virginia,Lewis,virginialewis26@outlook.com,(696) 391-9138,2160 Washington Blvd,Boston,MA,93200,US,consumer,2024-07-26,silver,
979,Eric,Castillo,ericcastillo28@yahoo.com,(702) 771-4416,636 High St,San Antonio,TX,44481,US,consumer,2024-11-28,silver,
980,Timothy,Watson,timothywatson31@mail.com,(743) 872-3950,3800 Laurel Ave,Philadelphia,PA,48288,US,corporate,2022-08-06,silver,
981,Gary,Watson,gary_watson465@mail.com,(502) 298-4586,4707 High St,Springfield,IL,68611,US,consumer,2023-10-10,bronze,
982,Ashley,James,ashley_james15@icloud.com,(876) 316-6694,2099 Cherry Ln,Indianapolis,IN,73404,US,corporate,2021-08-06,silver,
983,Scott,Evans,scottevans31@aol.com,(719) 420-7701,9213 Cherry Ln,Sacramento,CA,52361,US,consumer,2025-06-21,bronze,
984,Gregory,Green,gregory_green51@protonmail.com,(608) 466-1895,7955 Willow Way,Atlanta,GA,38697,US,consumer,2025-03-20,platinum,
985,Samantha,Garcia,samantha_garcia@outlook.com,(748) 411-2807,2118 Lincoln Ave,Minneapolis,MN,80748,US,corporate,2025-07-31,silver,
986,Patrick,Williams,patrick_williams899@icloud.com,(561) 985-2039,8498 Washington Blvd,Sacramento,CA,57460,US,consumer,2022-10-17,silver,
987,Betty,Lee,bettylee980@hotmail.com,(497) 365-7125,6774 Washington Blvd,Minneapolis,MN,82476,US,corporate,2024-07-24,bronze,
988,Mary,Jones,mary.jones@protonmail.com,(696) 243-3571,4940 Main St,Boston,MA,40147,US,consumer,2022-10-02,bronze,
989,John,Wright,johnwright16@protonmail.com,(334) 958-5423,1254 Maple Dr,Buffalo,NY,76127,US,consumer,2022-06-27,bronze,
990,Robert,Johnson,robertjohnson@yahoo.com,(953) 802-7408,9924 Spruce St,Boulder,CO,50919,US,home_office,2022-07-15,silver,
991,Jason,Rogers,jasonrogers3@mail.com,(407) 302-5329,6170 Hill Rd,Milwaukee,WI,66299,US,corporate,2023-12-14,bronze,
992,Mark,Evans,markevans36@hotmail.com,(591) 217-9143,6107 Cherry Ln,Indianapolis,IN,81641,US,corporate,2023-04-08,silver,
993,Laura,Lewis,lauralewis@mail.com,(578) 688-2785,5447 Pine St,Philadelphia,PA,92564,US,consumer,2025-08-06,gold,
994,Richard,Bailey,richard.bailey27@hotmail.com,(285) 344-7605,8576 Willow Way,Milwaukee,WI,84270,US,corporate,2021-11-10,gold,
995,Linda,Foster,linda_foster33@icloud.com,(354) 237-6266,92 Lake Dr,Kansas City,MO,37423,US,consumer,2021-09-01,silver,
996,Diane,Morales,dianemorales420@hotmail.com,(529) 672-8913,9090 Spruce St,Boise,ID,20673,US,consumer,2022-10-12,bronze,
997,Jason,Hughes,jason.hughes@outlook.com,(732) 966-2990,3234 Forest Ave,Austin,TX,24898,US,home_office,2022-03-17,gold,
998,Victoria,Diaz,victoria_diaz741@mail.com,(343) 966-9963,6544 Main St,Kansas City,MO,48895,US,consumer,2024-06-14,gold,
999,Sharon,Nguyen,sharonnguyen377@icloud.com,(829) 580-3718,4755 Meadow Ln,Dallas,TX,99787,US,home_office,2025-08-17,bronze,
1000,Aaron,Ward,aaronward631@aol.com,(683) 673-4450,2218 Elm St,Minneapolis,MN,78731,US,consumer,2022-03-15,gold,
